section,trait,trait_description,trait_states,categories,pollinator_taxa,type_of_variable,unit,data_source
Nesting,Nest,whether species requires a nest for offspring development,NA,"yes, no",bees and hoverflies,Boolean,NA,"expert taxonomist, field observations"
Nesting,Nest_with_active_construction,whether species constructs its nest (or parasites other species nests),NA,"yes, no, yes/no",bees,Boolean,NA,"literature, expert taxonomist"
Nesting,Nest_with_active_construction_and_material,whether species uses material to construct and partition its nest,NA,"yes, no, yes/no",bees,Boolean,NA,"Stuart Roberts, literature, expert taxonomist"
Nesting,Nesting_behavior,"with respect to the way species nests (categorised by activity, place, substrate)","excavator, mason, renter","yes, no",bees,Boolean,NA,"Stuart Roberts, literature, expert taxonomist"
Nesting,Nesting_material,refers to the type of material a species uses to construct or partition its nest,"plant, mineral, animal","yes, no",bees,Boolean,NA,"Stuart Roberts, literature, expert taxonomist"
Nesting,Nesting_specific_material,refers to the specific nesting material(s) used by a species to construct its nest,NA,NA,bees,text,NA,"Stuart Roberts, literature, expert taxonomist"
Larva,Larval_location,the location of the species' larvae during its development,NA,"above ground, under ground, above/under ground",bees and hoverflies,text,NA,"Stuart Roberts, literature, expert taxonomist (inferred from data on larval microhabitat)"
Larva,Larval_microhabitat,the place of the nest  / the place where the larvae develop,"snail shell, herb layer, plant, artificial, mineral, bird nest, pre-existing cavity on the ground, trees, upward climbing lianas, timber, dung, litter, stones, nests of social insects, root zone, on water plants, submerged sediment","yes, no",bees and hoverflies,Boolean,NA,"Stuart Roberts, literature, expert taxonomist"
Larva,Number_of_larval_microhabitats,the number of microhabitats used by the species' larvae,NA,NA,bees and hoverflies,integer number,NA,"Stuart Roberts, literature, expert taxonomist (inferred from data on larval microhabitat)"
Larva,Host,"host species: used by brood parasitic and inquiline bee species for the development of their offspring, or for hoverfly species whose larvae develop in the nests of social insects",NA,NA,bees and hoverflies,text,NA,"literature, expert taxonomist"
Larva,Larval_nutrition,with respect to the food resources of larvae,NA,"zoophagous, saproxylic, phytophagous (roots), phytophagous (bulbs), saprophagous, pollen/nectar, pollen/nectar/oil",bees and hoverflies,text,NA,"literature, expert taxonomist"
Larva,Inundation_tolerance_of_larvae,"the tolerance of larvae to inundation, with respect to the length of breathing tube",NA,"yes (with long breathing tube), yes (with breathing tube of medium length), yes (with short breathing tube), no",bees and hoverflies,text,NA,"literature, expert taxonomist"
Larva,Duration_of_larval_development,the time it takes for larvae to develop,"<2 months, 2–6 months, 7–12 months, > 1 year","yes, no",hoverflies,Boolean,NA,literature
Larva,Larval_specific_microhabitat,the specific place(s) where the species builds its nest,NA,NA,bees,text,NA,expert taxonomist
Larva,Larval_diet_breadth,"reflects the degree of dietary specialization of the species' larvae, i.e., if a species collects pollen from one (oligolectic) or from more than one plant family (polylectic)",NA,"oligolectic, polylectic",bees,Boolean,NA,"Stuart Roberts, literature, expert taxonomist"
Larva,Plant_taxa,"the host plants of the specialist (oligolectic) species (i.e., plant family, genus or species)",NA,NA,bees,text,NA,"literature, expert taxonomist"
Adult_morphology,Body_length_(categories),"with respect to the average body length of hoverfly species, or an ITD (inter-tegular distance) of bee species",NA,"small, small or medium, medium, medium or large, large",bees and hoverflies,text,NA,"Stuart Roberts, literature, expert taxonomist, original data"
Adult_morphology,Body_hair_(categories),"with respect to the presence and length of body hairs of hoverfly species, or based on the normalised hair length (HairLength F mm / ITD F mm) of bee species",NA,"long, not long",bees and hoverflies,text,NA,"Stuart Roberts, literature, expert taxonomist, field observations, original data"
Adult_morphology,Body_structure,"body shape of the species, based on proportional length and width",NA,"elongated abdomen, medium elongated, robust abdomen",hoverflies,text,NA,"expert taxonomist, field observations"
Adult_morphology,"Body_length_(mm,_raw_data)","body length measured from the anterior margin of the head to the tip of the abdomen, excluding antennae and appendages",NA,NA,hoverflies,real number,mm,"literature, original data, private data"
Adult_morphology,ITD_(inter-tegular_distance),"an estimate of body size corresponding to the mean length between the two points of wing insertion, provided for each sex/caste (F, M, Q) with corresponding number of individuals measured (Fn, Mn, Qn)",NA,NA,bees,real number,mm,"Stuart Roberts, literature, expert taxonomist, private data, original data"
Adult_morphology,Tongue_length,"the mean tongue length calculated by a function of conversion of ITD measurements, provided for each sex/caste (F, M, Q) with corresponding number of individuals measured (Fn, Mn, Qn)",NA,NA,bees,real number,mm,estimated from trait data (ITD)
Adult_morphology,Hair_length,"the average hair length on the mesoscutum, provided for each sex/caste (F, M, Q) with corresponding number of individuals measured (Fn, Mn, Qn)",NA,NA,bees,real number,mm,"literature, original data, private data"
Adult_morphology,Hair_density,"the mean number of hairs per 0.1 mm² on the mesoscutum, provided for each sex/caste (F, M, Q) with corresponding number of individuals measured (Fn, Mn, Qn)",NA,NA,bees,real number,number of hairs/mm²,"literature, original data, private data"
Adult_morphology,Hairiness_index,"a quantitative measure of hair density and hair length, calculated by multiplying hair density by hair length, provided for each sex/caste (F, M, Q) with corresponding number of individuals measured (Fn, Mn, Qn)",NA,NA,bees,real number,NA,"literature, original data, private data"
Adult_ecology/behaviour,Sociality,"reflects the interaction between the individuals of the same species (i.e., cooperation, communication, and organization)",NA,"solitary, parasocial, eusocial, brood parasite, obligate inquiline, facultative inquiline",bees and hoverflies,text,NA,"Stuart Roberts, literature, expert taxonomist, field observations"
Adult_ecology/behaviour,Number_of_generations,the number of generations species displays within a year,"<1, 1, 2,  >2","yes, no",bees and hoverflies,Boolean,NA,"Stuart Roberts, literature, expert taxonomist"
Adult_ecology/behaviour,Buzz_pollinator,whether species extract pollen from anthers through the vibrations produced by the contraction of their thoracic muscles,NA,"yes, no",bees and hoverflies,Boolean,NA,"Stuart Roberts, literature, expert taxonomist, field observations"
Adult_ecology/behaviour,Flight_behaviour,with respect to the flying speed and distances of species,NA,"migratory species, strong fliers, low-mobility species",hoverflies,text,NA,"literature, original data"
Adult_ecology/behaviour,Flight_height,with respect to the height species was observed flying at,NA,"arboreal, near ground, arboreal and near ground",hoverflies,text,NA,"literature, original data"
Adult_ecology/behaviour,Tolerance_to_human_influence,with respect to the state / levels of modifications of natural habitats of species,NA,"very high, high, medium, low",hoverflies,text,NA,"literature, original data"
Distribution,Flight_period_(season),the season(s) when species is actively flying to forage or mate (in Europe),"early spring (March), spring (April, May), early summer (June), summer (July, August), autumn (September, October, November), winter (December, January, February)","yes, no",bees and hoverflies,Boolean,NA,"literature, expert taxonomist, estimated from published data"
Distribution,Flight_period_(months),months during which species is active in Europe,NA,NA,bees and hoverflies,text,NA,"literature, expert taxonomist, original data, estimated from published data"
Distribution,Spatial_distribution_in_Europe,European distributions of species,NA,"boreo-alpine, north, south, central, widely",hoverflies,text,NA,"literature, expert taxonomist"
Distribution,Adult_macrohabitat,habitat types of adults of species in Europe,"temperate deciduous forest, mediterranean forest and bushes, coniferous forest, alpine habitat, wetland habitat, steppe habitat, not specialized
","yes, no",hoverflies,Boolean,NA,"expert taxonomist, field observations"
Distribution,AOO_(Area_of_occupancy),"the area occupied by the species, excluding cases of vagrancy",NA,NA,bees and hoverflies,real number,km²,"literature, calculated based on published data"
Distribution,EOO_(Extent_of_occurrence),"the area contained within the shortest continuous imaginary boundary which can be drawn to encompass all the known, inferred or projected sites of the present occurrence of the species, excluding cases of vagrancy",NA,NA,bees and hoverflies,real number,km²,"literature, calculated based on published data"
Distribution,STI_(Species_temperature_index),the mean annual temperature within a species' distribution range,NA,NA,bees and hoverflies,real number,NA,calculated based on published data
Distribution,SCI_(Species_continentality_index),the variability of climatic conditions (temperature) across species' geographic range,NA,NA,bees and hoverflies,real number,NA,calculated based on published data
Validator,The_name(s)_of_the_expert_taxonomist(s)_who_reviewed_and_validated_the_traits_data,,,,,,,
References,The_list_of_references_consulted_to_acquire_and_validate_the_data_on_bee_species,,,,,,,
