"ID","familia","sp.armonizado","Grado","n.familia","GFE","n.plantas.ID","Grado.relativo","Z_Grado"
"M_001","Andrenidae","Liphanthus sabulosus",3,3,1.09861228866811,44,0.0681818181818182,-0.796584851075818
"M_001","Apidae","Alloscirtetica rufitarsis",3,3,1.09861228866811,44,0.0681818181818182,-0.796584851075818
"M_001","Apidae","Alloscirtetica sp",9,5,1.15374194270109,44,0.204545454545455,0.558798328366619
"M_001","Apidae","Anthophora incerta",3,3,1.09861228866811,44,0.0681818181818182,-0.796584851075818
"M_001","Apidae","Anthophora sp",2,2,0.693147180559945,44,0.0454545454545455,-1.02248204764956
"M_001","Apidae","Bombus dahlbomii",7,5,1.242453324894,44,0.159090909090909,0.10700393521914
"M_001","Apidae","Centris cineraria",15,7,1.67920433160271,44,0.340909090909091,1.91418150780905
"M_001","Apidae","Centris nigerrima",4,3,1.03972077083992,44,0.0909090909090909,-0.570687654502078
"M_001","Colletidae","Cadeguala occidentalis",4,3,1.03972077083992,44,0.0909090909090909,-0.570687654502078
"M_001","Colletidae","Chilicola sp",2,2,0.693147180559945,44,0.0454545454545455,-1.02248204764956
"M_001","Halictidae","Caenohalictus sp",11,7,1.67698777432242,44,0.25,1.0105927215141
"M_001","Halictidae","Ruizantheda mutabilis",2,2,0.693147180559945,44,0.0454545454545455,-1.02248204764956
"M_001","Megachilidae","Anthidium chilensis",8,7,1.79175946922805,44,0.181818181818182,0.332901131792879
"M_001","Megachilidae","Anthidium decaspilum",4,2,0.562335144618808,44,0.0909090909090909,-0.570687654502078
"M_001","Megachilidae","Anthidium funereum",7,3,0.500402423538188,44,0.159090909090909,0.10700393521914
"M_001","Megachilidae","Anthidium gayi",5,3,0.950270539233235,44,0.113636363636364,-0.344790457928339
"M_001","Megachilidae","Megachile semirufa",16,9,1.88487133357816,44,0.363636363636364,2.14007870438279
"M_001","Megachilidae","Megachile sp1",13,9,1.97300140639361,44,0.295454545454545,1.46238711466158
"M_001","Megachilidae","Megachile sp2",6,5,1.33217904021012,44,0.136363636363636,-0.1188932613546
"M_002","Apidae","Bombus dahlbomii",8,5,1.15374194270109,21,0.380952380952381,1.23574785374575
"M_002","Halictidae","Caenohalictus sp",8,7,1.74786809746676,21,0.380952380952381,1.23574785374575
"M_002","Megachilidae","Anthidium sp",2,2,0.693147180559945,21,0.0952380952380952,-1.10566913229883
"M_002","Megachilidae","Megachile semirufa",4,3,1.03972077083992,21,0.19047619047619,-0.325196803617302
"M_002","Megachilidae","Megachile sp1",4,3,1.03972077083992,21,0.19047619047619,-0.325196803617302
"M_002","Megachilidae","Megachile sp5",3,3,1.09861228866811,21,0.142857142857143,-0.715432967958065
"M_003","Apidae","Bombus dahlbomii",3,3,1.09861228866811,8,0.375,-0.577350269189626
"M_003","Megachilidae","Anthidium sp",7,5,1.5498260458782,8,0.875,1.15470053837925
"M_003","Megachilidae","Megachile sp5",3,3,1.09861228866811,8,0.375,-0.577350269189626
"M_004","Andrenidae","Andrena miranda",2,2,0.693147180559945,10,0.2,-0.658946527660469
"M_004","Andrenidae","Andrena nivalis",2,2,0.693147180559945,10,0.2,-0.658946527660469
"M_004","Andrenidae","Andrena w scripta",2,2,0.693147180559945,10,0.2,-0.658946527660469
"M_004","Apidae","Bombus perplexus",2,2,0.693147180559945,10,0.2,-0.658946527660469
"M_004","Apidae","Bombus terricola",4,4,1.09861228866811,10,0.4,0.21964884255349
"M_004","Apidae","Bombus vagans",8,7,1.74786809746676,10,0.8,1.97683958298141
"M_004","Halictidae","Dialictus cressoni",4,4,1.09861228866811,10,0.4,0.21964884255349
"M_004","Halictidae","Dialictus sp1 M PL 004",8,8,1.94591014905531,10,0.8,1.97683958298141
"M_004","Halictidae","Evylaeus divergens",2,2,0.693147180559945,10,0.2,-0.658946527660469
"M_004","Halictidae","Evylaeus quebecensis",4,4,1.38629436111989,10,0.4,0.21964884255349
"M_004","Halictidae","Halictus rubicundus",2,2,0.693147180559945,10,0.2,-0.658946527660469
"M_004","Megachilidae","Osmia proxima",2,2,0.693147180559945,10,0.2,-0.658946527660469
"M_005","Andrenidae","Andrena apacheorum",2,2,0.693147180559945,84,0.0238095238095238,-0.908161348315467
"M_005","Andrenidae","Andrena crataegi",9,4,1.00271826451752,84,0.107142857142857,-0.0324343338684096
"M_005","Andrenidae","Andrena edwiniae",2,2,0.693147180559945,84,0.0238095238095238,-0.908161348315467
"M_005","Andrenidae","Andrena madronitens",14,8,1.6313454208086,84,0.166666666666667,0.593084962165203
"M_005","Andrenidae","Andrena vicina",10,5,1.00271826451752,84,0.119047619047619,0.0926695253383129
"M_005","Andrenidae","Panurginus cressoniellus",5,4,1.03972077083992,84,0.0595238095238095,-0.532849770695299
"M_005","Andrenidae","Panurginus sp1 M PL 005",5,5,1.38629436111989,84,0.0595238095238095,-0.532849770695299
"M_005","Apidae","Anthophora simillima",11,6,1.49417513828931,84,0.130952380952381,0.217773384545035
"M_005","Apidae","Apis mellifera",22,12,2.19675579791443,84,0.261904761904762,1.59391583581898
"M_005","Apidae","Bombus americanorum",3,3,1.09861228866811,84,0.0357142857142857,-0.783057489108744
"M_005","Apidae","Bombus appositus",15,7,1.73286795139986,84,0.178571428571429,0.718188821371925
"M_005","Apidae","Bombus bifarius",21,12,2.30666872540453,84,0.25,1.46881197661226
"M_005","Apidae","Bombus centralis",5,3,0.693147180559945,84,0.0595238095238095,-0.532849770695299
"M_005","Apidae","Bombus edwardsi",37,16,2.35165770239488,84,0.44047619047619,3.47047372391982
"M_005","Apidae","Bombus fervidus",6,5,1.38629436111989,84,0.0714285714285714,-0.407745911488577
"M_005","Apidae","Bombus flavifrons",16,9,1.92512119079082,84,0.19047619047619,0.843292680578648
"M_005","Apidae","Bombus fulvida",2,2,0.693147180559945,84,0.0238095238095238,-0.908161348315467
"M_005","Apidae","Bombus hunti",30,13,2.28067714658592,84,0.357142857142857,2.59474670947276
"M_005","Apidae","Bombus juxtus",27,14,2.36671036284359,84,0.321428571428571,2.21943513185259
"M_005","Apidae","Bombus kirbyellus",8,4,0.867563228481461,84,0.0952380952380952,-0.157538193075132
"M_005","Apidae","Bombus morrisoni",12,6,1.49417513828931,84,0.142857142857143,0.342877243751758
"M_005","Apidae","Bombus nevadensis",5,5,1.38629436111989,84,0.0595238095238095,-0.532849770695299
"M_005","Apidae","Bombus occidentalis",32,15,2.3315483732983,84,0.380952380952381,2.84495442788621
"M_005","Apidae","Ceratina sp1 M PL 005",3,3,0.693147180559945,84,0.0357142857142857,-0.783057489108744
"M_005","Colletidae","Colletes americanus",2,2,0.693147180559945,84,0.0238095238095238,-0.908161348315467
"M_005","Colletidae","Colletes kincaidi",4,3,0.693147180559945,84,0.0476190476190476,-0.657953629902022
"M_005","Colletidae","Colletes oromontis",10,6,1.6094379124341,84,0.119047619047619,0.0926695253383129
"M_005","Colletidae","Prosopis basalis",7,4,1.05492016798614,84,0.0833333333333333,-0.282642052281854
"M_005","Colletidae","Prosopis elliptica",13,7,1.73286795139986,84,0.154761904761905,0.46798110295848
"M_005","Colletidae","Prosopis episcopalis",3,3,0.693147180559945,84,0.0357142857142857,-0.783057489108744
"M_005","Colletidae","Prosopis varifrons",11,5,1.14905969697062,84,0.130952380952381,0.217773384545035
"M_005","Colletidae","Prosopis wootoni",4,3,0.636514168294813,84,0.0476190476190476,-0.657953629902022
"M_005","Halictidae","Agapostemon sp1 M PL 005",2,2,0.693147180559945,84,0.0238095238095238,-0.908161348315467
"M_005","Halictidae","Agapostemon splendens",4,3,0.693147180559945,84,0.0476190476190476,-0.657953629902022
"M_005","Halictidae","Halictus chloralictus",10,7,1.74786809746676,84,0.119047619047619,0.0926695253383129
"M_005","Halictidae","Halictus manitonellus",2,2,0.693147180559945,84,0.0238095238095238,-0.908161348315467
"M_005","Halictidae","Halictus medionitens",5,2,0.500402423538188,84,0.0595238095238095,-0.532849770695299
"M_005","Halictidae","Halictus pulzenus",17,8,1.73265872019921,84,0.202380952380952,0.96839653978537
"M_005","Halictidae","Halictus sp1 M PL 005",10,6,1.47507631105469,84,0.119047619047619,0.0926695253383129
"M_005","Halictidae","Halictus sp2 M PL 005",8,5,1.242453324894,84,0.0952380952380952,-0.157538193075132
"M_005","Halictidae","Halictus sp3 M PL 005",11,6,1.22752941145721,84,0.130952380952381,0.217773384545035
"M_005","Halictidae","Sphecodes sophiae",7,4,0.867563228481461,84,0.0833333333333333,-0.282642052281854
"M_005","Megachilidae","Megachile pugnata",5,3,0.636514168294813,84,0.0595238095238095,-0.532849770695299
"M_005","Megachilidae","Megachile relativa",4,3,0.636514168294813,84,0.0476190476190476,-0.657953629902022
"M_005","Megachilidae","Megachile wootoni",12,6,1.42706104338072,84,0.142857142857143,0.342877243751758
"M_005","Megachilidae","Osmia bruneri",7,4,1.03972077083992,84,0.0833333333333333,-0.282642052281854
"M_005","Megachilidae","Osmia densa",9,6,1.5498260458782,84,0.107142857142857,-0.0324343338684096
"M_005","Megachilidae","Osmia fulgida",4,2,0.562335144618808,84,0.0476190476190476,-0.657953629902022
"M_005","Megachilidae","Osmia hypoleuca",3,3,0.693147180559945,84,0.0357142857142857,-0.783057489108744
"M_005","Megachilidae","Osmia melanotricha",6,4,1.09861228866811,84,0.0714285714285714,-0.407745911488577
"M_005","Megachilidae","Osmia pentstemonis",5,3,0.636514168294813,84,0.0595238095238095,-0.532849770695299
"M_005","Megachilidae","Osmia phaceliae",5,4,1.09861228866811,84,0.0595238095238095,-0.532849770695299
"M_005","Megachilidae","Osmia propinqua",5,3,0.562335144618808,84,0.0595238095238095,-0.532849770695299
"M_005","Megachilidae","Osmia sp1 M PL 005",3,3,1.09861228866811,84,0.0357142857142857,-0.783057489108744
"M_006","Andrenidae","Andrena haemorrhoa",3,2,0.636514168294813,11,0.272727272727273,-0.768273325346536
"M_006","Andrenidae","Andrena wilkella",5,2,0.500402423538188,11,0.454545454545455,-0.0698430295769579
"M_006","Apidae","Bombus hortorum",5,2,0.500402423538188,11,0.454545454545455,-0.0698430295769579
"M_006","Apidae","Bombus pascuorum",10,4,0.848685557726417,11,0.909090909090909,1.67623270984699
"M_006","Apidae","Bombus pratorum",3,2,0.636514168294813,11,0.272727272727273,-0.768273325346536
"M_007","Apidae","Bombus lapidarius",10,5,1.35923670066501,13,0.769230769230769,0.707106781186548
"M_007","Apidae","Bombus pascuorum",7,4,1.27703425946614,13,0.538461538461538,-0.707106781186548
"M_008","Apidae","Anthophora alluaudi",6,5,1.33217904021012,10,0.6,1.10096376512636
"M_008","Apidae","Apis mellifera",6,5,1.38629436111989,10,0.6,1.10096376512636
"M_008","Apidae","Eucera gracilipes",4,4,1.09861228866811,10,0.4,-0.550481882563181
"M_008","Apidae","Melecta curvispina",3,3,1.09861228866811,10,0.3,-1.37620470640795
"M_008","Halictidae","Lasioglossum viride",4,4,1.09861228866811,10,0.4,-0.550481882563181
"M_008","Megachilidae","Megachile canariensis",5,5,1.38629436111989,10,0.5,0.27524094128159
"M_010","Apidae","Bombus sp1 M PL 010",4,3,1.03972077083992,4,1,NA
"M_012","Apidae","Anthophora alluaudi",8,7,1.90615474653985,14,0.571428571428571,1.65471908132324
"M_012","Apidae","Apis mellifera",6,5,1.56071040904141,14,0.428571428571429,0.791387386719812
"M_012","Apidae","Thyreus histrionicus",3,2,0.636514168294813,14,0.214285714285714,-0.503610155185335
"M_012","Halictidae","Halictus sp1 M PL 012",2,2,0.693147180559945,14,0.142857142857143,-0.935276002487051
"M_012","Halictidae","Lasioglossum chalcodes",3,2,0.636514168294813,14,0.214285714285714,-0.503610155185335
"M_012","Halictidae","Lasioglossum loetum",3,3,1.09861228866811,14,0.214285714285714,-0.503610155185335
"M_014","Apidae","Apis mellifera",3,3,0.693147180559945,10,0.3,-0.707106781186548
"M_014","Apidae","Bombus polaris",10,8,1.90615474653985,10,1,0.707106781186548
"M_015","Andrenidae","Andrena alfkenella",2,2,0.693147180559945,127,0.015748031496063,-0.654998928242047
"M_015","Andrenidae","Andrena bicolor",3,2,0.636514168294813,127,0.0236220472440945,-0.571543466342481
"M_015","Andrenidae","Andrena caneae",6,4,1.242453324894,127,0.047244094488189,-0.321177080643784
"M_015","Andrenidae","Andrena crassana",4,2,0.562335144618808,127,0.031496062992126,-0.488088004442915
"M_015","Andrenidae","Andrena distinguenda",4,4,1.38629436111989,127,0.031496062992126,-0.488088004442915
"M_015","Andrenidae","Andrena flavipes",16,10,2.04888282790134,127,0.125984251968504,0.513377538351875
"M_015","Andrenidae","Andrena grossella",3,2,0.636514168294813,127,0.0236220472440945,-0.571543466342481
"M_015","Andrenidae","Andrena hesperia",7,3,1.07899220787758,127,0.0551181102362205,-0.237721618744218
"M_015","Andrenidae","Andrena humilis",19,6,1.45948187386908,127,0.149606299212598,0.763743924050573
"M_015","Andrenidae","Andrena lamiana",6,3,0.636514168294813,127,0.047244094488189,-0.321177080643784
"M_015","Andrenidae","Andrena mocsaryi",12,8,1.83437197028162,127,0.094488188976378,0.179555690753611
"M_015","Andrenidae","Andrena mucronata",6,4,1.242453324894,127,0.047244094488189,-0.321177080643784
"M_015","Andrenidae","Andrena nigroaenea",6,6,1.6094379124341,127,0.047244094488189,-0.321177080643784
"M_015","Andrenidae","Andrena optata",2,2,0.693147180559945,127,0.015748031496063,-0.654998928242047
"M_015","Andrenidae","Andrena oralis",2,2,0.693147180559945,127,0.015748031496063,-0.654998928242047
"M_015","Andrenidae","Andrena rugothorace",17,7,1.67262544615032,127,0.133858267716535,0.596833000251441
"M_015","Andrenidae","Andrena schmiedeknechti",6,5,1.33217904021012,127,0.047244094488189,-0.321177080643784
"M_015","Andrenidae","Andrena schulzi",13,5,1.21488965394912,127,0.102362204724409,0.263011152653177
"M_015","Andrenidae","Andrena sp1 M PL 015",4,4,1.09861228866811,127,0.031496062992126,-0.488088004442915
"M_015","Andrenidae","Andrena ventricosa",4,4,1.09861228866811,127,0.031496062992126,-0.488088004442915
"M_015","Andrenidae","Andrena westensis",8,5,1.242453324894,127,0.062992125984252,-0.154266156844652
"M_015","Apidae","Amegilla albigena",14,9,2.06920246582036,127,0.110236220472441,0.346466614552743
"M_015","Apidae","Amegilla quadrifasciata",7,5,1.47507631105469,127,0.0551181102362205,-0.237721618744218
"M_015","Apidae","Ammobates oraniensis",2,2,0.693147180559945,127,0.015748031496063,-0.654998928242047
"M_015","Apidae","Anthophora agama",5,4,1.03972077083992,127,0.0393700787401575,-0.40463254254335
"M_015","Apidae","Anthophora atroalba",8,6,1.47507631105469,127,0.062992125984252,-0.154266156844652
"M_015","Apidae","Anthophora rubricrus",16,10,2.02622962299529,127,0.125984251968504,0.513377538351875
"M_015","Apidae","Apis mellifera",104,33,3.13532800980018,127,0.818897637795276,7.85745818551367
"M_015","Apidae","Bombus argillaceus",11,9,1.97300140639361,127,0.0866141732283465,0.0961002288540456
"M_015","Apidae","Bombus terrestris",13,9,2.0228085294147,127,0.102362204724409,0.263011152653177
"M_015","Apidae","Ceratina acuta",12,8,1.93560050545395,127,0.094488188976378,0.179555690753611
"M_015","Apidae","Ceratina bispinosa",8,6,1.66746193342929,127,0.062992125984252,-0.154266156844652
"M_015","Apidae","Ceratina dallatorreana",2,2,0.693147180559945,127,0.015748031496063,-0.654998928242047
"M_015","Apidae","Ceratina dentiventris",8,6,1.56071040904141,127,0.062992125984252,-0.154266156844652
"M_015","Apidae","Ceratina loewi",13,7,1.67262544615032,127,0.102362204724409,0.263011152653177
"M_015","Apidae","Ceratina nigrolabiata",9,5,1.25548232517875,127,0.0708661417322835,-0.0708106949450861
"M_015","Apidae","Eucera albofasciata",10,5,1.25548232517875,127,0.078740157480315,0.0126447669544797
"M_015","Apidae","Eucera bidentata",32,14,2.11353962729094,127,0.251968503937008,1.84866492874493
"M_015","Apidae","Eucera clypeata",33,15,2.30691143399153,127,0.259842519685039,1.93212039064449
"M_015","Apidae","Eucera furfurea",13,9,1.97224697942344,127,0.102362204724409,0.263011152653177
"M_015","Apidae","Eucera parnassia",11,7,1.69574253416963,127,0.0866141732283465,0.0961002288540456
"M_015","Apidae","Eucera seminuda",21,9,2.03300019997991,127,0.165354330708661,0.930654847849704
"M_015","Apidae","Habropoda tarsata",8,5,1.242453324894,127,0.062992125984252,-0.154266156844652
"M_015","Apidae","Melecta tuberculata",4,4,1.38629436111989,127,0.031496062992126,-0.488088004442915
"M_015","Apidae","Nomada basalis",8,5,1.38629436111989,127,0.062992125984252,-0.154266156844652
"M_015","Apidae","Nomada eos",3,2,0.636514168294813,127,0.0236220472440945,-0.571543466342481
"M_015","Apidae","Nomada femoralis",9,5,1.33217904021012,127,0.0708661417322835,-0.0708106949450861
"M_015","Apidae","Nomada fucata",4,2,0.562335144618808,127,0.031496062992126,-0.488088004442915
"M_015","Apidae","Nomada lucidula",7,5,1.33217904021012,127,0.0551181102362205,-0.237721618744218
"M_015","Apidae","Nomada propinqua",8,6,1.56071040904141,127,0.062992125984252,-0.154266156844652
"M_015","Apidae","Nomada trispinosa",2,2,0.693147180559945,127,0.015748031496063,-0.654998928242047
"M_015","Apidae","Tetralonia alternans",11,7,1.6094379124341,127,0.0866141732283465,0.0961002288540456
"M_015","Apidae","Thyreus ramosus",6,4,1.242453324894,127,0.047244094488189,-0.321177080643784
"M_015","Apidae","Xylocopa iris",8,6,1.5498260458782,127,0.062992125984252,-0.154266156844652
"M_015","Apidae","Xylocopa violacea",5,5,1.38629436111989,127,0.0393700787401575,-0.40463254254335
"M_015","Colletidae","Hylaeus imparilis",3,2,0.636514168294813,127,0.0236220472440945,-0.571543466342481
"M_015","Colletidae","Hylaeus lineolatus",8,4,1.05492016798614,127,0.062992125984252,-0.154266156844652
"M_015","Colletidae","Hylaeus meridionalis",8,5,1.55958115625988,127,0.062992125984252,-0.154266156844652
"M_015","Colletidae","Hylaeus punctatus",8,7,1.79175946922805,127,0.062992125984252,-0.154266156844652
"M_015","Colletidae","Hylaeus variegatus",3,3,1.09861228866811,127,0.0236220472440945,-0.571543466342481
"M_015","Halictidae","Halictus asperulus",3,3,1.09861228866811,127,0.0236220472440945,-0.571543466342481
"M_015","Halictidae","Halictus brunnescens",10,5,1.07354284640852,127,0.078740157480315,0.0126447669544797
"M_015","Halictidae","Halictus graecus",3,2,0.636514168294813,127,0.0236220472440945,-0.571543466342481
"M_015","Halictidae","Halictus pollinus",5,3,0.950270539233235,127,0.0393700787401575,-0.40463254254335
"M_015","Halictidae","Halictus resurgens",11,6,1.4205719259467,127,0.0866141732283465,0.0961002288540456
"M_015","Halictidae","Halictus scabiosae",15,6,1.12753478981913,127,0.118110236220472,0.429922076452309
"M_015","Halictidae","Halictus tectus",3,3,1.09861228866811,127,0.0236220472440945,-0.571543466342481
"M_015","Halictidae","Halictus tetrazonius",16,10,2.04493117484959,127,0.125984251968504,0.513377538351875
"M_015","Halictidae","Lasioglossum anellum",17,12,2.36938211969468,127,0.133858267716535,0.596833000251441
"M_015","Halictidae","Lasioglossum limbelloides",10,7,1.74786809746676,127,0.078740157480315,0.0126447669544797
"M_015","Halictidae","Lasioglossum lineare",16,10,2.10657733323212,127,0.125984251968504,0.513377538351875
"M_015","Halictidae","Lasioglossum malachurum",38,20,2.66377165695867,127,0.299212598425197,2.34939770014232
"M_015","Halictidae","Lasioglossum marginatum",24,13,2.33937173438982,127,0.188976377952756,1.1810212335484
"M_015","Halictidae","Lasioglossum mediterraneum",6,6,1.6094379124341,127,0.047244094488189,-0.321177080643784
"M_015","Halictidae","Lasioglossum pauxillum",9,6,1.49417513828931,127,0.0708661417322835,-0.0708106949450861
"M_015","Halictidae","Lasioglossum politum",6,6,1.79175946922805,127,0.047244094488189,-0.321177080643784
"M_015","Halictidae","Lasioglossum villosulum",6,3,0.500402423538188,127,0.047244094488189,-0.321177080643784
"M_015","Halictidae","Lasioglossum zonulum",2,2,0.693147180559945,127,0.015748031496063,-0.654998928242047
"M_015","Halictidae","Nomioides facilis",3,3,1.09861228866811,127,0.0236220472440945,-0.571543466342481
"M_015","Halictidae","Sphecodes ephippius",3,3,0.693147180559945,127,0.0236220472440945,-0.571543466342481
"M_015","Megachilidae","Anthidium florentinum",7,4,1.15374194270109,127,0.0551181102362205,-0.237721618744218
"M_015","Megachilidae","Anthidium taeniatum",2,2,0.693147180559945,127,0.015748031496063,-0.654998928242047
"M_015","Megachilidae","Anthocopa obtusa",4,3,1.03972077083992,127,0.031496062992126,-0.488088004442915
"M_015","Megachilidae","Chelostoma emarginatum",5,3,0.950270539233235,127,0.0393700787401575,-0.40463254254335
"M_015","Megachilidae","Chelostoma transversum",6,5,1.38629436111989,127,0.047244094488189,-0.321177080643784
"M_015","Megachilidae","Coelioxys rufocaudata",3,2,0.636514168294813,127,0.0236220472440945,-0.571543466342481
"M_015","Megachilidae","Hoplitis fabrei",4,2,0.693147180559945,127,0.031496062992126,-0.488088004442915
"M_015","Megachilidae","Hoplitis manicata",5,4,1.33217904021012,127,0.0393700787401575,-0.40463254254335
"M_015","Megachilidae","Hoplitis pici",3,3,0.693147180559945,127,0.0236220472440945,-0.571543466342481
"M_015","Megachilidae","Hoplitis sybarita",6,5,1.38629436111989,127,0.047244094488189,-0.321177080643784
"M_015","Megachilidae","Icteranthidium grohmanni",11,7,1.79865220625213,127,0.0866141732283465,0.0961002288540456
"M_015","Megachilidae","Megachile sp1 M PL 015",17,12,2.27396571641925,127,0.133858267716535,0.596833000251441
"M_015","Megachilidae","Megachile sp3 M PL 015",2,2,0.693147180559945,127,0.015748031496063,-0.654998928242047
"M_015","Megachilidae","Osmia aurulenta",24,12,2.21540567503681,127,0.188976377952756,1.1810212335484
"M_015","Megachilidae","Osmia fulviventris",8,5,1.242453324894,127,0.062992125984252,-0.154266156844652
"M_015","Megachilidae","Osmia melanogaster",6,3,0.500402423538188,127,0.047244094488189,-0.321177080643784
"M_015","Megachilidae","Osmia sp1 M PL 015",2,2,0.693147180559945,127,0.015748031496063,-0.654998928242047
"M_015","Megachilidae","Osmia versicolor",6,4,1.242453324894,127,0.047244094488189,-0.321177080643784
"M_015","Megachilidae","Rhodanthidium septemdentatum",33,13,2.10732264461692,127,0.259842519685039,1.93212039064449
"M_016","Andrenidae","Andrena hispania",4,4,1.09861228866811,24,0.166666666666667,-0.374895412074385
"M_016","Apidae","Amegilla fasciata",4,4,1.09861228866811,24,0.166666666666667,-0.374895412074385
"M_016","Apidae","Amegilla quadrifasciata",2,2,0.693147180559945,24,0.0833333333333333,-1.06220366754409
"M_016","Apidae","Apis mellifera",14,8,1.76776147228933,24,0.583333333333333,3.06164586527414
"M_016","Apidae","Bombus lucorum",2,2,0.693147180559945,24,0.0833333333333333,-1.06220366754409
"M_016","Apidae","Ceratina cucurbitina",7,6,1.56071040904141,24,0.291666666666667,0.656066971130173
"M_016","Apidae","Ceratina cyanea",4,4,1.09861228866811,24,0.166666666666667,-0.374895412074385
"M_016","Apidae","Ceratina mocsaryi",3,3,0.693147180559945,24,0.125,-0.718549539809237
"M_016","Apidae","Xylocopa cantabrita",7,5,1.33217904021012,24,0.291666666666667,0.656066971130173
"M_016","Colletidae","Colletes acutus",3,3,0.693147180559945,24,0.125,-0.718549539809237
"M_016","Colletidae","Colletes caspicus",4,4,1.09861228866811,24,0.166666666666667,-0.374895412074385
"M_016","Colletidae","Colletes sp1 M PL 016",2,2,0.693147180559945,24,0.0833333333333333,-1.06220366754409
"M_016","Halictidae","Halictus quadricinctus",6,5,1.33217904021012,24,0.25,0.312412843395321
"M_016","Halictidae","Lasioglossum albocinctum",4,4,1.38629436111989,24,0.166666666666667,-0.374895412074385
"M_016","Halictidae","Lasioglossum immunitum",8,6,1.56071040904141,24,0.333333333333333,0.999721098865026
"M_016","Halictidae","Lasioglossum littorale",7,5,1.38629436111989,24,0.291666666666667,0.656066971130173
"M_016","Halictidae","Lasioglossum prasinum",9,8,1.90615474653985,24,0.375,1.34337522659988
"M_016","Halictidae","Lasioglossum punctatissimum",7,5,1.33217904021012,24,0.291666666666667,0.656066971130173
"M_016","Halictidae","Lasioglossum sp1 M PL 016",6,4,1.03972077083992,24,0.25,0.312412843395321
"M_016","Megachilidae","Megachile maritima",3,3,1.09861228866811,24,0.125,-0.718549539809237
"M_016","Megachilidae","Stelis signata",2,2,0.693147180559945,24,0.0833333333333333,-1.06220366754409
"M_016","Melittidae","Dasypoda cingulata",4,4,1.38629436111989,24,0.166666666666667,-0.374895412074385
"M_017","Apidae","Bombus lapidarius",4,4,1.38629436111989,7,0.571428571428571,0.5
"M_017","Apidae","Bombus muscorum",2,2,0.693147180559945,7,0.285714285714286,-0.833333333333333
"M_017","Apidae","Bombus pascuorum",5,3,0.950270539233235,7,0.714285714285714,1.16666666666667
"M_017","Apidae","Bombus terrestris",2,2,0.693147180559945,7,0.285714285714286,-0.833333333333333
"M_018","Apidae","Bombus hortorum",8,6,1.73286795139986,22,0.363636363636364,0.0828670790465042
"M_018","Apidae","Bombus lapidarius",8,3,0.900256051268537,22,0.363636363636364,0.0828670790465042
"M_018","Apidae","Bombus pascuorum",15,8,1.77213938843753,22,0.681818181818182,1.53304096236033
"M_018","Apidae","Bombus soroeensis",2,2,0.693147180559945,22,0.0909090909090909,-1.16013910665106
"M_018","Apidae","Bombus terrestris",5,3,0.950270539233235,22,0.227272727272727,-0.538636013802277
"M_019","Colletidae","Euryglossa sp1 M PL 019",2,2,0.693147180559945,20,0.1,-0.716039010394531
"M_019","Colletidae","Euryglossa sp2 M PL 019",2,2,0.693147180559945,20,0.1,-0.716039010394531
"M_019","Colletidae","Leioproctus sp1 M PL 019",11,7,1.58109375017182,20,0.55,1.6273613872603
"M_019","Colletidae","Leioproctus sp2 M PL 019",5,3,0.562335144618808,20,0.25,0.0650944554904119
"M_019","Colletidae","Leioproctus sp4 M PL 019",2,2,0.693147180559945,20,0.1,-0.716039010394531
"M_019","Halictidae","Lasioglossum sp1 M PL 019",7,4,0.867563228481461,20,0.35,0.585850099413707
"M_019","Halictidae","Lasioglossum sp3 M PL 019",2,2,0.693147180559945,20,0.1,-0.716039010394531
"M_019","Halictidae","Lasioglossum sp4 M PL 019",2,2,0.693147180559945,20,0.1,-0.716039010394531
"M_019","Halictidae","Lasioglossum sp5 M PL 019",3,3,0.693147180559945,20,0.15,-0.455661188432884
"M_019","Halictidae","Lasioglossum sp6 M PL 019",13,8,1.6987829895138,20,0.65,2.14811703118359
"M_019","Halictidae","Lasioglossum sp8 M PL 019",6,3,0.867563228481461,20,0.3,0.32547227745206
"M_019","Halictidae","Lasioglossum sp9 M PL 019",2,2,0.693147180559945,20,0.1,-0.716039010394531
"M_020","Apidae","Bombus sp1 M PL 020",7,5,1.32966134885476,7,1,NA
"M_021","Andrenidae","Andrena brevihirtiscopa",3,3,1.09861228866811,77,0.038961038961039,-0.66358163428345
"M_021","Andrenidae","Andrena dentata",2,2,0.693147180559945,77,0.025974025974026,-0.811574660634435
"M_021","Andrenidae","Andrena hikosana",6,5,1.56071040904141,77,0.0779220779220779,-0.219602555230494
"M_021","Andrenidae","Andrena komachi",3,3,1.09861228866811,77,0.038961038961039,-0.66358163428345
"M_021","Andrenidae","Andrena minutula",4,4,1.38629436111989,77,0.051948051948052,-0.515588607932464
"M_021","Andrenidae","Andrena yamamoto",6,5,1.56071040904141,77,0.0779220779220779,-0.219602555230494
"M_021","Apidae","Apis cerana",11,9,2.04319187054512,77,0.142857142857143,0.520362576524432
"M_021","Apidae","Apis mellifera",5,4,1.09861228866811,77,0.0649350649350649,-0.367595581581479
"M_021","Apidae","Bombus ardens",8,6,1.56071040904141,77,0.103896103896104,0.0763834974714763
"M_021","Apidae","Bombus diversus diversus",25,13,2.38888971472958,77,0.324675324675325,2.59226494543822
"M_021","Apidae","Bombus honshuensis",25,15,2.51052924716203,77,0.324675324675325,2.59226494543822
"M_021","Apidae","Bombus hypocrita hypocrita",14,11,2.20478541691352,77,0.181818181818182,0.964341655577387
"M_021","Apidae","Ceratina japonica",8,5,1.32966134885476,77,0.103896103896104,0.0763834974714763
"M_021","Apidae","Ceratina megastigmata",23,10,2.04134526983995,77,0.298701298701299,2.29627889273625
"M_021","Apidae","Nomada galloisi",2,2,0.693147180559945,77,0.025974025974026,-0.811574660634435
"M_021","Apidae","Nomada ginran",3,3,1.09861228866811,77,0.038961038961039,-0.66358163428345
"M_021","Colletidae","Hylaeus floralis",2,2,0.693147180559945,77,0.025974025974026,-0.811574660634435
"M_021","Colletidae","Hylaeus globula",8,7,1.90615474653985,77,0.103896103896104,0.0763834974714763
"M_021","Halictidae","Lasioglossum apristum",17,12,2.24595208072891,77,0.220779220779221,1.40832073463034
"M_021","Halictidae","Lasioglossum duplex",2,2,0.693147180559945,77,0.025974025974026,-0.811574660634435
"M_021","Halictidae","Lasioglossum exiliceps",4,3,0.693147180559945,77,0.051948051948052,-0.515588607932464
"M_021","Halictidae","Lasioglossum japonicum",2,2,0.693147180559945,77,0.025974025974026,-0.811574660634435
"M_021","Halictidae","Lasioglossum kansuense",3,3,1.09861228866811,77,0.038961038961039,-0.66358163428345
"M_021","Halictidae","Lasioglossum occidens",8,5,1.38629436111989,77,0.103896103896104,0.0763834974714763
"M_021","Halictidae","Lasioglossum problematicum",5,5,1.6094379124341,77,0.0649350649350649,-0.367595581581479
"M_021","Halictidae","Lasioglossum sexstrigatum",2,2,0.693147180559945,77,0.025974025974026,-0.811574660634435
"M_021","Halictidae","Lasioglossum sp1 M PL 021",9,5,1.33217904021012,77,0.116883116883117,0.224376523822461
"M_021","Halictidae","Lasioglossum sp2 M PL 021",6,5,1.33217904021012,77,0.0779220779220779,-0.219602555230494
"M_021","Halictidae","Lasioglossum sp4 M PL 021",2,2,0.693147180559945,77,0.025974025974026,-0.811574660634435
"M_021","Halictidae","Lasioglossum transpositum",11,8,1.83102048111352,77,0.142857142857143,0.520362576524432
"M_021","Megachilidae","Megachile tsurugensis",3,3,1.09861228866811,77,0.038961038961039,-0.66358163428345
"M_022","Andrenidae","Spinoliella sp1 M PL 022",2,2,0.693147180559945,8,0.25,-0.925820099772551
"M_022","Megachilidae","Anthidium chubuti",3,3,1.09861228866811,8,0.375,-0.462910049886276
"M_022","Megachilidae","Megachile sp1 M PL 022",7,5,1.47507631105469,8,0.875,1.38873014965883
"M_022","Megachilidae","Megachile sp2 M PL 022",4,3,1.03972077083992,8,0.5,0
"M_023","Andrenidae","Psaenythia rufipes",4,2,0.693147180559945,16,0.25,1.22474487139159
"M_023","Apidae","Apis mellifera",2,2,0.693147180559945,16,0.125,-1.22474487139159
"M_023","Apidae","Centris sp1 M PL 023",2,2,0.693147180559945,16,0.125,-1.22474487139159
"M_023","Halictidae","Dialictus sp1 M PL 023",3,2,0.636514168294813,16,0.1875,0
"M_023","Halictidae","Dialictus sp2 M PL 023",3,3,1.09861228866811,16,0.1875,0
"M_023","Megachilidae","Megachile sp1 M PL 023",3,3,1.09861228866811,16,0.1875,0
"M_023","Megachilidae","Megachile sp2 M PL 023",4,3,1.03972077083992,16,0.25,1.22474487139159
"M_024","Apidae","Bombus polaris",2,2,0.693147180559945,2,1,NA
"M_025","Andrenidae","Andrena carlini",7,4,1.09861228866811,13,0.538461538461538,1.33138425468136
"M_025","Andrenidae","Andrena erigeniae",4,3,0.693147180559945,13,0.307692307692308,-0.798830552808817
"M_025","Andrenidae","Andrena nigrihirta",6,4,1.09861228866811,13,0.461538461538462,0.621312652184635
"M_025","Andrenidae","Andrena tridens",5,4,1.09861228866811,13,0.384615384615385,-0.0887589503120908
"M_025","Apidae","Apis mellifera",6,4,1.09861228866811,13,0.461538461538462,0.621312652184635
"M_025","Apidae","Bombus bimaculatus",7,6,1.6094379124341,13,0.538461538461538,1.33138425468136
"M_025","Apidae","Bombus pennsylvanicus",2,2,0.693147180559945,13,0.153846153846154,-2.21897375780227
"M_025","Apidae","Nomada perplexa",4,3,0.693147180559945,13,0.307692307692308,-0.798830552808817
"M_025","Apidae","Nomada sp1 M PL 025",6,4,1.09861228866811,13,0.461538461538462,0.621312652184635
"M_025","Apidae","Xylocopa virginica virginica",6,5,1.38629436111989,13,0.461538461538462,0.621312652184635
"M_025","Halictidae","Augochlora pura",4,3,0.693147180559945,13,0.307692307692308,-0.798830552808817
"M_025","Halictidae","Dialictus abanci",6,4,1.09861228866811,13,0.461538461538462,0.621312652184635
"M_025","Halictidae","Evylaeus macoupinensis",5,4,1.09861228866811,13,0.384615384615385,-0.0887589503120908
"M_025","Megachilidae","Osmia conjucta",6,5,1.38629436111989,13,0.461538461538462,0.621312652184635
"M_025","Megachilidae","Osmia lignaria",3,3,0.693147180559945,13,0.230769230769231,-1.50890215530554
"M_025","Megachilidae","Osmia sp1 M PL 025",5,4,1.09861228866811,13,0.384615384615385,-0.0887589503120908
"M_026","Apidae","Xylocopa darwini",80,29,2.90441270462641,80,1,NA
"M_027","Colletidae","Leioproctus fulvescens",6,3,0.500402423538188,8,0.75,0.707106781186547
"M_027","Colletidae","Leioproctus sp1 M PL 027",4,3,0.636514168294813,8,0.5,-0.707106781186547
"M_028","Apidae","Apis mellifera",4,4,1.38629436111989,31,0.129032258064516,-0.416025147168922
"M_028","Apidae","Bombus hortotum",3,3,1.09861228866811,31,0.0967741935483871,-0.832050294337844
"M_028","Apidae","Bombus terrestris",4,4,1.38629436111989,31,0.129032258064516,-0.416025147168922
"M_028","Colletidae","Hylaeus sp1 M PL 028",2,2,0.693147180559945,31,0.0645161290322581,-1.24807544150677
"M_028","Colletidae","Leioproctus monticola",4,3,0.693147180559945,31,0.129032258064516,-0.416025147168922
"M_028","Colletidae","Leioproctus sp1 M PL 028",6,4,1.03972077083992,31,0.193548387096774,0.416025147168922
"M_028","Colletidae","Leioproctus sp2 M PL 028",5,3,0.562335144618808,31,0.161290322580645,0
"M_028","Colletidae","Leioproctus sp3 M PL 028",4,3,0.693147180559945,31,0.129032258064516,-0.416025147168922
"M_028","Halictidae","Lasioglossum sordidum",10,7,1.73286795139986,31,0.32258064516129,2.08012573584461
"M_028","Halictidae","Lasioglossum sp1 M PL 028",8,5,1.33217904021012,31,0.258064516129032,1.24807544150677
"M_029","Colletidae","Hylaeus sp1 M PL 029",3,3,1.09861228866811,25,0.12,-0.832050294337844
"M_029","Colletidae","Leioproctus fulvescens",9,3,0.410116318288409,25,0.36,0.832050294337844
"M_029","Colletidae","Leioproctus sp1 M PL 029",11,4,0.867563228481461,25,0.44,1.38675049056307
"M_029","Colletidae","Leioproctus sp2 M PL 029",5,3,0.562335144618808,25,0.2,-0.277350098112615
"M_029","Colletidae","Leioproctus sp3 M PL 029",2,2,0.693147180559945,25,0.08,-1.10940039245046
"M_029","Halictidae","Lasioglossum sordidum",3,3,0.693147180559945,25,0.12,-0.832050294337844
"M_029","Halictidae","Lasioglossum sp1 M PL 029",9,4,0.796311640173813,25,0.36,0.832050294337844
"M_030","Apidae","Apis mellifera",8,6,1.6094379124341,17,0.470588235294118,0.707106781186547
"M_030","Halictidae","Dialictus sp1 M PL 030",3,3,1.09861228866811,17,0.176470588235294,-0.707106781186547
"M_031","Apidae","Apis mellifera",17,14,2.52321095295289,40,0.425,2.20889551796428
"M_031","Apidae","Bombus atratus",6,5,1.33217904021012,40,0.15,-0.304675243857142
"M_031","Apidae","Bombus pullatus",7,7,1.79175946922805,40,0.175,-0.0761688109642856
"M_031","Apidae","Bombus volucelloides",9,8,1.90615474653985,40,0.225,0.380844054821428
"M_031","Apidae","Ceratina sp1 M PL 031",4,3,0.693147180559945,40,0.1,-0.761688109642856
"M_031","Apidae","Euglossa sp1 M PL 031",8,4,1.01140426470735,40,0.2,0.152337621928571
"M_031","Apidae","Exomalopsis sp1 M PL 031",3,3,1.09861228866811,40,0.075,-0.990194542535713
"M_031","Apidae","Melipona scutellaris",13,10,2.14584175259475,40,0.325,1.29486978639286
"M_031","Apidae","Xylocopa sp1 M PL 031",10,9,2.04319187054512,40,0.25,0.609350487714285
"M_031","Halictidae","Augochlora sp1 M PL 031",3,3,1.09861228866811,40,0.075,-0.990194542535713
"M_031","Halictidae","Augochloropsis sp1 M PL 031",5,4,1.33217904021012,40,0.125,-0.533181676749999
"M_031","Halictidae","Dialictus sp1 M PL 031",3,3,0.693147180559945,40,0.075,-0.990194542535713
"M_032","Andrenidae","Andrena carlini",4,3,0.693147180559945,7,0.571428571428571,0
"M_032","Andrenidae","Andrena forbesii",3,3,0.693147180559945,7,0.428571428571429,-0.816496580927726
"M_032","Andrenidae","Andrena irgeniae",4,3,0.693147180559945,7,0.571428571428571,0
"M_032","Andrenidae","Andrena mansonii",3,3,0.693147180559945,7,0.428571428571429,-0.816496580927726
"M_032","Apidae","Apis mellifera",6,4,1.09861228866811,7,0.857142857142857,1.63299316185545
"M_033","Andrenidae","Andrena alleghaniensis",3,3,0.693147180559945,11,0.272727272727273,-1.30328677981716
"M_033","Andrenidae","Andrena bradleyi",5,2,0.500402423538188,11,0.454545454545455,-0.394016933433096
"M_033","Andrenidae","Andrena carlini",5,4,1.03972077083992,11,0.454545454545455,-0.394016933433096
"M_033","Andrenidae","Andrena carolina",4,3,1.03972077083992,11,0.363636363636364,-0.84865185662513
"M_033","Andrenidae","Andrena mandibularis",6,3,0.500402423538188,11,0.545454545454545,0.0606179897589381
"M_033","Andrenidae","Andrena regularis",7,4,0.867563228481461,11,0.636363636363636,0.515252912950972
"M_033","Andrenidae","Andrena vicina",8,5,1.15374194270109,11,0.727272727272727,0.969887836143006
"M_033","Apidae","Apis mellifera",5,3,0.562335144618808,11,0.454545454545455,-0.394016933433096
"M_033","Apidae","Bombus terricola",5,4,1.33217904021012,11,0.454545454545455,-0.394016933433096
"M_033","Apidae","Pyrobombus impatiens",7,3,0.796311640173813,11,0.636363636363636,0.515252912950972
"M_033","Apidae","Pyrobombus perplexus",5,3,1.05492016798614,11,0.454545454545455,-0.394016933433096
"M_033","Apidae","Pyrobombus sandersoni",9,4,1.14905969697062,11,0.818181818181818,1.42452275933504
"M_033","Apidae","Pyrobombus ternarius",11,5,1.08889997534522,11,1,2.33379260571911
"M_033","Colletidae","Colletes inaequalis",5,4,1.33217904021012,11,0.454545454545455,-0.394016933433096
"M_033","Halictidae","Dialictus pilosus",3,3,0.693147180559945,11,0.272727272727273,-1.30328677981716
"M_034","Apidae","Apis mellifera",18,8,1.73512645696292,23,0.782608695652174,1.27555037990311
"M_034","Apidae","Bombus dahlbomii",21,9,1.83879869293744,23,0.91304347826087,1.70672233930698
"M_034","Colletidae","Cadeguala albopilosa",9,6,1.67698777432242,23,0.391304347826087,-0.0179654983084945
"M_034","Colletidae","Cadeguala occipitalis",3,2,0.636514168294813,23,0.130434782608696,-0.880309417116231
"M_034","Colletidae","Diphaglossa gayi",4,3,1.03972077083992,23,0.173913043478261,-0.736585430648275
"M_034","Halictidae","Caenohalictus movilicornis",5,4,1.33217904021012,23,0.217391304347826,-0.592861444180319
"M_034","Halictidae","Corynura patagonica",10,5,1.22752941145721,23,0.434782608695652,0.125758488159462
"M_034","Halictidae","Corynura rubella",3,2,0.636514168294813,23,0.130434782608696,-0.880309417116231
"M_035","Apidae","Apis mellifera",19,12,2.35167330190463,27,0.703703703703704,1.77163690354645
"M_035","Apidae","Centris dirrhoda",2,2,0.693147180559945,27,0.0740740740740741,-0.58131835897618
"M_035","Apidae","Centris sp1 M PL 035",2,2,0.693147180559945,27,0.0740740740740741,-0.58131835897618
"M_035","Apidae","Euglossa cordata",4,2,0.693147180559945,27,0.148148148148148,-0.304500092797047
"M_035","Apidae","Exomalopsis sp1 M PL 035",4,4,1.09861228866811,27,0.148148148148148,-0.304500092797047
"M_036","Apidae","Bombus sp1 M PL 036",3,3,0.693147180559945,4,0.75,NA
"M_037","Apidae","Bombus lapidarius",4,2,0.562335144618808,5,0.8,NA
"M_037","Apidae","Bombus pascuorum",4,3,1.03972077083992,5,0.8,NA
"M_038","Apidae","Bombus hortorum",2,2,0.693147180559945,3,0.666666666666667,NA
"M_038","Apidae","Bombus pascuorum",2,2,0.693147180559945,3,0.666666666666667,NA
"M_039","Apidae","Amegilla canifrons",5,4,1.33217904021012,16,0.3125,-0.64381591616076
"M_039","Apidae","Amegilla quadrifasciata",3,3,1.09861228866811,16,0.1875,-1.14456162873024
"M_039","Apidae","Amegilla sp1 M PL 058",8,5,1.55958115625988,16,0.5,0.10730265269346
"M_039","Apidae","Anthophora orotavae",5,4,1.33217904021012,16,0.3125,-0.64381591616076
"M_039","Apidae","Apis mellifera",6,5,1.56071040904141,16,0.375,-0.39344305987602
"M_039","Apidae","Eucera gracilipes",13,8,1.99150936135661,16,0.8125,1.35916693411716
"M_039","Halictidae","Lasioglossum evylaeus",13,9,1.97920451743432,16,0.8125,1.35916693411716
"M_040","Apidae","Apis mellifera",6,3,0.636514168294813,12,0.5,0.577350269189626
"M_040","Apidae","Centris sp1 M PL 040",3,3,1.09861228866811,12,0.25,-1.15470053837925
"M_040","Apidae","Euglossa jamaicensis",6,3,0.636514168294813,12,0.5,0.577350269189626
"M_041","Apidae","Apis mellifera",11,5,1.27703425946614,14,0.785714285714286,0.707106781186547
"M_041","Apidae","Xylocopa sp1 M PL 041",6,5,1.33217904021012,14,0.428571428571429,-0.707106781186547
"M_042","Apidae","Xylocopa darwini",11,6,1.56071040904141,11,1,NA
"M_043","Apidae","Bombus hortorum",7,5,1.5498260458782,15,0.466666666666667,0.550276056464169
"M_043","Apidae","Bombus lapidarius",4,2,0.693147180559945,15,0.266666666666667,-0.366850704309446
"M_043","Apidae","Bombus pascuorum",10,7,1.67698777432242,15,0.666666666666667,1.46740281723778
"M_043","Apidae","Bombus soroeensis",2,2,0.693147180559945,15,0.133333333333333,-0.978268544825189
"M_043","Apidae","Bombus terrestris",3,3,1.09861228866811,15,0.2,-0.672559624567317
"M_044","Andrenidae","Andrena Knuthi",2,2,0.693147180559945,64,0.03125,-0.676564930951294
"M_044","Andrenidae","Andrena amamiensis",2,2,0.693147180559945,64,0.03125,-0.676564930951294
"M_044","Andrenidae","Andrena edashigei",3,3,1.09861228866811,64,0.046875,-0.504899202202459
"M_044","Andrenidae","Andrena opacifovea",2,2,0.693147180559945,64,0.03125,-0.676564930951294
"M_044","Apidae","Amegilla dulcifera subflavescens",8,6,1.47507631105469,64,0.125,0.353429441541721
"M_044","Apidae","Apis cerana",3,3,1.09861228866811,64,0.046875,-0.504899202202459
"M_044","Apidae","Apis mellifera",2,2,0.693147180559945,64,0.03125,-0.676564930951294
"M_044","Apidae","Ceratina satoi",2,2,0.693147180559945,64,0.03125,-0.676564930951294
"M_044","Apidae","Tetralonia okinawae okinawae",11,7,1.73286795139986,64,0.171875,0.868426627788229
"M_044","Apidae","Xylocopa amamensis",21,12,2.30348849521927,64,0.328125,2.58508391527659
"M_044","Colletidae","Hylaeus insularum",18,12,2.30348849521927,64,0.28125,2.07008672903008
"M_044","Halictidae","Lasioglossum amamiensis",3,3,1.09861228866811,64,0.046875,-0.504899202202459
"M_044","Halictidae","Lasioglossum nutilum",6,6,1.79175946922805,64,0.09375,0.0100979840440491
"M_044","Halictidae","Lasioglossum sp1 M PL 044",3,3,1.09861228866811,64,0.046875,-0.504899202202459
"M_044","Halictidae","Lasioglossum subopacum",9,8,1.90615474653985,64,0.140625,0.525095170290557
"M_044","Halictidae","Nomia pavonula",2,2,0.693147180559945,64,0.03125,-0.676564930951294
"M_044","Megachilidae","Megachile okinawana",4,3,0.636514168294813,64,0.0625,-0.333233473453623
"M_046","Apidae","Apis mellifera",5,5,1.38629436111989,12,0.416666666666667,-1.0914103126635
"M_046","Apidae","Bombus lapidarius",6,4,1.32966134885476,12,0.5,-0.606339062590832
"M_046","Apidae","Bombus pascuorum",9,6,1.5498260458782,12,0.75,0.848874687627165
"M_046","Apidae","Bombus terrestris",9,7,1.73286795139986,12,0.75,0.848874687627165
"M_047","Andrenidae","Andrena fulva",3,2,0.636514168294813,18,0.166666666666667,-0.772921534407182
"M_047","Andrenidae","Andrena haemorrhoa",5,3,0.693147180559945,18,0.277777777777778,-0.0198185008822353
"M_047","Andrenidae","Andrena nigroaenea",3,2,0.636514168294813,18,0.166666666666667,-0.772921534407182
"M_047","Andrenidae","Andrena sp1 M PL 047",3,3,1.09861228866811,18,0.166666666666667,-0.772921534407182
"M_047","Apidae","Apis mellifera",13,6,1.2945451658449,18,0.722222222222222,2.99259363321755
"M_047","Apidae","Bombus bohemicus",4,2,0.693147180559945,18,0.222222222222222,-0.396370017644709
"M_047","Apidae","Bombus jonellus",6,3,0.867563228481461,18,0.333333333333333,0.356733015880238
"M_047","Apidae","Bombus lapidarius",4,2,0.562335144618808,18,0.222222222222222,-0.396370017644709
"M_047","Apidae","Bombus lucorum",8,3,0.900256051268537,18,0.444444444444444,1.10983604940519
"M_047","Apidae","Bombus pascuorum",8,5,1.15374194270109,18,0.444444444444444,1.10983604940519
"M_047","Apidae","Bombus pratorum",3,3,1.09861228866811,18,0.166666666666667,-0.772921534407182
"M_047","Apidae","Bombus rupestris",2,2,0.693147180559945,18,0.111111111111111,-1.14947305116966
"M_047","Apidae","Bombus sp1 M PL 047",7,4,1.15374194270109,18,0.388888888888889,0.733284532642712
"M_047","Apidae","Bombus sp2 M PL 047",6,3,0.867563228481461,18,0.333333333333333,0.356733015880238
"M_047","Apidae","Nomada sp1 M PL 047",2,2,0.693147180559945,18,0.111111111111111,-1.14947305116966
"M_047","Halictidae","Lasioglossum fratellum",5,4,1.33217904021012,18,0.277777777777778,-0.0198185008822353
"M_047","Halictidae","Lasioglossum punctatissimum",6,6,1.6094379124341,18,0.333333333333333,0.356733015880238
"M_047","Halictidae","Lasioglossum sp1 M PL 047",4,3,1.03972077083992,18,0.222222222222222,-0.396370017644709
"M_047","Halictidae","Lasioglossum villosulum",4,3,0.636514168294813,18,0.222222222222222,-0.396370017644709
"M_049","Apidae","Apis mellifera",5,3,0.950270539233235,16,0.3125,-0.251165507483676
"M_049","Apidae","Bombus lucorum",9,6,1.49417513828931,16,0.5625,1.0883838657626
"M_049","Apidae","Bombus pratorum",7,4,1.15374194270109,16,0.4375,0.418609179139461
"M_049","Melittidae","Macropis labiata",2,2,0.693147180559945,16,0.125,-1.25582753741838
"M_050","Apidae","Amegilla quadrifasciata",3,2,0.636514168294813,12,0.25,-0.774059314567555
"M_050","Apidae","Amegilla sp1 M PL 050",3,3,0.693147180559945,12,0.25,-0.774059314567555
"M_050","Apidae","Anthophora orotavae",3,3,0.693147180559945,12,0.25,-0.774059314567555
"M_050","Apidae","Eucera gracilipes",7,7,1.79175946922805,12,0.583333333333333,1.03207908609007
"M_050","Colletidae","Hylaeus sp1 M PL 050",3,2,0.636514168294813,12,0.25,-0.774059314567555
"M_050","Halictidae","Lasioglossum evylaeus",8,7,1.74786809746676,12,0.666666666666667,1.48361368625448
"M_050","Halictidae","Sphecodes marginatus",6,5,1.38629436111989,12,0.5,0.580544485925666
"M_051","Apidae","Bombus dahlbomii",10,9,2.04319187054512,13,0.769230769230769,2.06192938652881
"M_051","Apidae","Bombus ruderatus",3,3,0.693147180559945,13,0.230769230769231,-0.668733855090423
"M_051","Apidae","Manuelia gayi",3,3,0.693147180559945,13,0.230769230769231,-0.668733855090423
"M_051","Apidae","Manuelia postica",4,4,1.09861228866811,13,0.307692307692308,-0.278639106287676
"M_051","Colletidae","Colletes seminitidus",4,3,0.636514168294813,13,0.307692307692308,-0.278639106287676
"M_051","Halictidae","Corynura prothysteres",3,3,0.693147180559945,13,0.230769230769231,-0.668733855090423
"M_051","Halictidae","Ruizantheda mutabilis",6,6,1.6094379124341,13,0.461538461538462,0.501550391317817
"M_053","Andrenidae","Andrena Knuthi",3,3,1.09861228866811,64,0.046875,-0.73262432880246
"M_053","Andrenidae","Andrena dentata",3,3,1.09861228866811,64,0.046875,-0.73262432880246
"M_053","Andrenidae","Andrena kaguya",2,2,0.693147180559945,64,0.03125,-0.995056924194386
"M_053","Andrenidae","Andrena komachi",3,3,1.09861228866811,64,0.046875,-0.73262432880246
"M_053","Andrenidae","Andrena longitibialis",4,3,1.03972077083992,64,0.0625,-0.470191733410534
"M_053","Andrenidae","Andrena mikado",4,2,0.562335144618808,64,0.0625,-0.470191733410534
"M_053","Andrenidae","Andrena minutula",2,2,0.693147180559945,64,0.03125,-0.995056924194386
"M_053","Andrenidae","Andrena watasei",4,3,0.636514168294813,64,0.0625,-0.470191733410534
"M_053","Apidae","Apis cerana",2,2,0.693147180559945,64,0.03125,-0.995056924194386
"M_053","Apidae","Apis mellifera",11,7,1.73286795139986,64,0.171875,1.36683643433295
"M_053","Apidae","Bombus ardens",9,5,1.32966134885476,64,0.140625,0.841971243549095
"M_053","Apidae","Bombus diversus",13,6,1.51710639706103,64,0.203125,1.8917016251168
"M_053","Apidae","Bombus ignitus",10,5,1.2130075659799,64,0.15625,1.10440383894102
"M_053","Apidae","Ceratina flavipes",7,6,1.56071040904141,64,0.109375,0.317106052765244
"M_053","Apidae","Ceratina japonica",15,11,2.20559835902639,64,0.234375,2.41656681590065
"M_053","Apidae","Ceratina megastigmata",7,4,0.867563228481461,64,0.109375,0.317106052765244
"M_053","Apidae","Tetralonia nipponensis",6,5,1.33217904021012,64,0.09375,0.0546734573733178
"M_053","Halictidae","Lasioglossum apristum",2,2,0.693147180559945,64,0.03125,-0.995056924194386
"M_053","Halictidae","Lasioglossum sibiriacum",2,2,0.693147180559945,64,0.03125,-0.995056924194386
"M_053","Halictidae","Lasioglossum sp1 M PL 053",10,4,0.848685557726417,64,0.15625,1.10440383894102
"M_053","Halictidae","Lasioglossum sp2 M PL 053",8,8,2.07944154167984,64,0.125,0.579538648157169
"M_053","Halictidae","Lasioglossum sp3 M PL 053",5,4,1.03972077083992,64,0.078125,-0.207759138018608
"M_053","Halictidae","Lasioglossum sp4 M PL 053",4,4,1.38629436111989,64,0.0625,-0.470191733410534
"M_053","Halictidae","Lasioglossum sp5 M PL 053",3,3,1.09861228866811,64,0.046875,-0.73262432880246
"M_054","Andrenidae","Andrena japonica",2,2,0.693147180559945,82,0.024390243902439,-0.766045592782871
"M_054","Andrenidae","Andrena opacifovea opacifovea",4,4,1.38629436111989,82,0.0487804878048781,-0.436220407001357
"M_054","Andrenidae","Andrena protomias",4,3,1.03972077083992,82,0.0487804878048781,-0.436220407001357
"M_054","Apidae","Anthophora pilipes villosula",3,3,1.09861228866811,82,0.0365853658536585,-0.601132999892114
"M_054","Apidae","Apis cerana japonica",23,19,2.8389889331547,82,0.280487804878049,2.69711885792302
"M_054","Apidae","Apis mellifera",15,13,2.4410152780267,82,0.182926829268293,1.37781811479697
"M_054","Apidae","Bombus ardens",8,6,1.73286795139986,82,0.0975609756097561,0.223429964561671
"M_054","Apidae","Bombus diversus diversus",2,2,0.693147180559945,82,0.024390243902439,-0.766045592782871
"M_054","Apidae","Bombus hypocrita hypocrita",7,6,1.74786809746676,82,0.0853658536585366,0.0585173716709137
"M_054","Apidae","Bombus ignitus",9,9,2.07944154167984,82,0.109756097560976,0.388342557452427
"M_054","Apidae","Ceratina flavipes",11,8,1.90615474653985,82,0.134146341463415,0.718167743233941
"M_054","Apidae","Ceratina japonica",2,2,0.693147180559945,82,0.024390243902439,-0.766045592782871
"M_054","Apidae","Nomada ginran",3,3,1.09861228866811,82,0.0365853658536585,-0.601132999892114
"M_054","Apidae","Tetralonia nipponens",11,8,1.83102048111352,82,0.134146341463415,0.718167743233941
"M_054","Apidae","Xylocopa appendiculata circumvolan",24,17,2.64532878292337,82,0.292682926829268,2.86203145081378
"M_054","Halictidae","Halictus aerarius",4,3,0.693147180559945,82,0.0487804878048781,-0.436220407001357
"M_054","Halictidae","Lasioglossum duplex",3,3,1.09861228866811,82,0.0365853658536585,-0.601132999892114
"M_054","Halictidae","Lasioglossum japonicum",8,5,1.242453324894,82,0.0975609756097561,0.223429964561671
"M_054","Halictidae","Lasioglossum mutilum",2,2,0.693147180559945,82,0.024390243902439,-0.766045592782871
"M_054","Halictidae","Lasioglossum occidens",19,13,2.36060911398924,82,0.231707317073171,2.03746848636
"M_054","Halictidae","Lasioglossum scitulum",2,2,0.693147180559945,82,0.024390243902439,-0.766045592782871
"M_054","Halictidae","Lasioglossum sp1 M PL 054",7,5,1.32966134885476,82,0.0853658536585366,0.0585173716709137
"M_054","Halictidae","Lasioglossum taniolellum",5,5,1.6094379124341,82,0.0609756097560976,-0.2713078141106
"M_054","Megachilidae","Anthidium septemspinosum",3,3,1.09861228866811,82,0.0365853658536585,-0.601132999892114
"M_054","Megachilidae","Chalicodoma sp1 M PL 054",2,2,0.693147180559945,82,0.024390243902439,-0.766045592782871
"M_054","Megachilidae","Megachile kobensis",3,2,0.636514168294813,82,0.0365853658536585,-0.601132999892114
"M_054","Megachilidae","Megachile nipponica",4,4,1.09861228866811,82,0.0487804878048781,-0.436220407001357
"M_054","Megachilidae","Megachile remota sakagamii",2,2,0.693147180559945,82,0.024390243902439,-0.766045592782871
"M_054","Megachilidae","Megachile subalbuta",5,4,1.33217904021012,82,0.0609756097560976,-0.2713078141106
"M_054","Megachilidae","Megachile tsurugensis",6,6,1.79175946922805,82,0.0731707317073171,-0.106395221219843
"M_054","Megachilidae","Osmia imaii",3,3,1.09861228866811,82,0.0365853658536585,-0.601132999892114
"M_055","Andrenidae","Andrena Knuthi",3,3,0.693147180559945,41,0.0731707317073171,-0.584095235058018
"M_055","Apidae","Apis cerana",6,4,1.03972077083992,41,0.146341463414634,0.382683085038012
"M_055","Apidae","Apis mellifera",3,3,1.09861228866811,41,0.0731707317073171,-0.584095235058018
"M_055","Apidae","Bombus diversus",5,5,1.38629436111989,41,0.121951219512195,0.0604236450060019
"M_055","Apidae","Ceratina flavipes",2,2,0.693147180559945,41,0.0487804878048781,-0.906354675090028
"M_055","Apidae","Ceratina japonica",4,4,1.38629436111989,41,0.0975609756097561,-0.261835795026008
"M_055","Apidae","Xylocopa appendicutata",2,2,0.693147180559945,41,0.0487804878048781,-0.906354675090028
"M_055","Colletidae","Hylaeus floralis",8,7,1.74786809746676,41,0.195121951219512,1.02720196510203
"M_055","Colletidae","Hylaeus macilentus",10,9,2.07944154167984,41,0.24390243902439,1.67172084516605
"M_055","Colletidae","Hylaeus noomen",8,7,1.74786809746676,41,0.195121951219512,1.02720196510203
"M_055","Halictidae","Lasioglossum affine",2,2,0.693147180559945,41,0.0487804878048781,-0.906354675090028
"M_055","Halictidae","Lasioglossum japonicum",3,3,0.693147180559945,41,0.0731707317073171,-0.584095235058018
"M_055","Halictidae","Lasioglossum percrassicepes",3,3,1.09861228866811,41,0.0731707317073171,-0.584095235058018
"M_055","Halictidae","Lasioglossum sibiriacum",12,11,2.30258509299405,41,0.292682926829268,2.31623972523007
"M_055","Megachilidae","Megachile nipponica",3,3,0.693147180559945,41,0.0731707317073171,-0.584095235058018
"M_055","Megachilidae","Megachile tsurugensis",3,3,0.693147180559945,41,0.0731707317073171,-0.584095235058018
"M_056","Andrenidae","Andrena lapponica",3,2,0.636514168294813,60,0.05,-1.13214309243487
"M_056","Apidae","Bombus ardens",12,8,1.83437197028162,60,0.2,0.213611904232994
"M_056","Apidae","Bombus beaticola",22,13,2.2744747270983,60,0.366666666666667,1.70889523386395
"M_056","Apidae","Bombus consobrinus",13,8,1.79865220625213,60,0.216666666666667,0.363140237196089
"M_056","Apidae","Bombus diversus",14,7,1.6094379124341,60,0.233333333333333,0.512668570159185
"M_056","Apidae","Bombus honshuensis",20,13,2.33319671428625,60,0.333333333333333,1.40983856793776
"M_056","Apidae","Bombus hypocrita",18,12,2.19675579791443,60,0.3,1.11078190201157
"M_056","Halictidae","Lasioglossum albipes",3,3,0.693147180559945,60,0.05,-1.13214309243487
"M_056","Halictidae","Lasioglossum apristum",11,10,2.16395565688206,60,0.183333333333333,0.0640835712698981
"M_056","Halictidae","Lasioglossum atroglaucum",4,3,1.03972077083992,60,0.0666666666666667,-0.98261475947177
"M_056","Halictidae","Lasioglossum laeviventre",14,6,1.47913280742964,60,0.233333333333333,0.512668570159185
"M_056","Halictidae","Lasioglossum nipponense",5,4,1.09861228866811,60,0.0833333333333333,-0.833086426508675
"M_056","Halictidae","Lasioglossum problematicum",7,7,1.79175946922805,60,0.116666666666667,-0.534029760582484
"M_056","Halictidae","Lasioglossum sp K1",2,2,0.693147180559945,60,0.0333333333333333,-1.28167142539796
"M_057","Andrenidae","Andrena dentata",3,3,0.693147180559945,87,0.0344827586206897,-0.678533768643398
"M_057","Andrenidae","Andrena halictoides",4,4,1.09861228866811,87,0.0459770114942529,-0.571255702454718
"M_057","Andrenidae","Andrena hebes",2,2,0.693147180559945,87,0.0229885057471264,-0.785811834832077
"M_057","Andrenidae","Andrena kaguya",6,5,1.33217904021012,87,0.0689655172413793,-0.356699570077359
"M_057","Andrenidae","Andrena minutula",11,7,1.58109375017182,87,0.126436781609195,0.179690760866038
"M_057","Andrenidae","Andrena watasei",3,2,0.636514168294813,87,0.0344827586206897,-0.678533768643398
"M_057","Apidae","Apis cerana japonica",17,11,2.16608493924983,87,0.195402298850575,0.823359157998115
"M_057","Apidae","Bombus ardens",14,10,2.14584175259475,87,0.160919540229885,0.501524959432077
"M_057","Apidae","Bombus diversus diversus",37,16,2.53145305088471,87,0.425287356321839,2.9689204817717
"M_057","Apidae","Bombus honshuensis",8,6,1.5498260458782,87,0.0919540229885057,-0.1421434377
"M_057","Apidae","Bombus hypocrita hypocrita",18,13,2.36060911398924,87,0.206896551724138,0.930637224186795
"M_057","Apidae","Ceratina esakii",9,7,1.79175946922805,87,0.103448275862069,-0.0348653715113208
"M_057","Apidae","Ceratina iwatai",2,2,0.693147180559945,87,0.0229885057471264,-0.785811834832077
"M_057","Apidae","Ceratina japonica",34,18,2.65325138576498,87,0.390804597701149,2.64708628320567
"M_057","Apidae","Ceratina megastigmata",22,14,2.45039628295776,87,0.252873563218391,1.35974948894151
"M_057","Apidae","Epeolus melectiformis",3,3,1.09861228866811,87,0.0344827586206897,-0.678533768643398
"M_057","Apidae","Nomada aswensis",2,2,0.693147180559945,87,0.0229885057471264,-0.785811834832077
"M_057","Apidae","Nomada esakii",2,2,0.693147180559945,87,0.0229885057471264,-0.785811834832077
"M_057","Apidae","Nomada ginran",5,5,1.6094379124341,87,0.0574712643678161,-0.463977636266039
"M_057","Apidae","Nomada harimensis",3,3,0.693147180559945,87,0.0344827586206897,-0.678533768643398
"M_057","Apidae","Nomada shepparadana okubira",11,6,1.5498260458782,87,0.126436781609195,0.179690760866038
"M_057","Colletidae","Colletes babai",2,2,0.693147180559945,87,0.0229885057471264,-0.785811834832077
"M_057","Colletidae","Hylaeus floralis",7,6,1.74786809746676,87,0.0804597701149425,-0.24942150388868
"M_057","Colletidae","Hylaeus globula",7,5,1.32966134885476,87,0.0804597701149425,-0.24942150388868
"M_057","Colletidae","Hylaeus nippon",3,3,1.09861228866811,87,0.0344827586206897,-0.678533768643398
"M_057","Colletidae","Hylaeus submonticola",3,2,0.636514168294813,87,0.0344827586206897,-0.678533768643398
"M_057","Halictidae","Lasioglossum allodalum",2,2,0.693147180559945,87,0.0229885057471264,-0.785811834832077
"M_057","Halictidae","Lasioglossum apristum",37,19,2.67015335346881,87,0.425287356321839,2.9689204817717
"M_057","Halictidae","Lasioglossum baleicum",7,5,1.38629436111989,87,0.0804597701149425,-0.24942150388868
"M_057","Halictidae","Lasioglossum exiliceps",6,4,1.32966134885476,87,0.0689655172413793,-0.356699570077359
"M_057","Halictidae","Lasioglossum hirashimae",5,5,1.38629436111989,87,0.0574712643678161,-0.463977636266039
"M_057","Halictidae","Lasioglossum japonicum",7,5,1.5498260458782,87,0.0804597701149425,-0.24942150388868
"M_057","Halictidae","Lasioglossum nipponense",2,2,0.693147180559945,87,0.0229885057471264,-0.785811834832077
"M_057","Halictidae","Lasioglossum occidens",18,12,2.23160695160893,87,0.206896551724138,0.930637224186795
"M_057","Halictidae","Lasioglossum sibiriacum",10,8,1.88915916375402,87,0.114942528735632,0.0724126946773587
"M_057","Halictidae","Lasioglossum sp1 M PL 057",14,11,2.20478541691352,87,0.160919540229885,0.501524959432077
"M_057","Halictidae","Lasioglossum sp2 M PL 057",4,4,1.09861228866811,87,0.0459770114942529,-0.571255702454718
"M_057","Halictidae","Lasioglossum sp5 M PL 057",3,3,0.693147180559945,87,0.0344827586206897,-0.678533768643398
"M_057","Halictidae","Lasioglossum transpositum",14,8,1.77823330579971,87,0.160919540229885,0.501524959432077
"M_057","Megachilidae","Megachile tsurugensis",6,5,1.33217904021012,87,0.0689655172413793,-0.356699570077359
"M_058","Andrenidae","Andrena sp1 M PL 058",22,13,2.4410152780267,28,0.785714285714286,2.58799699498485
"M_058","Apidae","Apis mellifera",13,9,2.04319187054512,28,0.464285714285714,0.960063401365346
"M_058","Apidae","Bombus terrestris",8,7,1.74786809746676,28,0.285714285714286,0.0556558493545128
"M_058","Apidae","Nomada sp1 M PL 058",5,4,1.09861228866811,28,0.178571428571429,-0.486988681851987
"M_058","Colletidae","Colletes sp1 M PL 058",6,5,1.38629436111989,28,0.214285714285714,-0.306107171449821
"M_058","Colletidae","Hylaeus nigritus",3,3,1.09861228866811,28,0.107142857142857,-0.848751702656321
"M_058","Colletidae","Hylaeus sp2 M PL 058",3,3,0.693147180559945,28,0.107142857142857,-0.848751702656321
"M_058","Halictidae","Halictus sp1 M PL 058",7,7,1.79175946922805,28,0.25,-0.125225661047654
"M_058","Halictidae","Lasioglossum sp1 M PL 058",14,9,2.04319187054512,28,0.5,1.14094491176751
"M_058","Halictidae","Sphecodes sp1 M PL 058",3,3,0.693147180559945,28,0.107142857142857,-0.848751702656321
"M_058","Megachilidae","Anthidium sp1 M PL 058",6,6,1.79175946922805,28,0.214285714285714,-0.306107171449821
"M_058","Megachilidae","Megachile sp2 M PL 058",5,5,1.38629436111989,28,0.178571428571429,-0.486988681851987
"M_058","Megachilidae","Osmia sp1 M PL 058",5,4,1.09861228866811,28,0.178571428571429,-0.486988681851987
"M_060","Apidae","Apis mellifera",59,25,2.67978707465694,59,1,NA
"M_061","Apidae","Apis mellifera",31,21,2.83709938120381,33,0.939393939393939,1.14613976618751
"M_061","Apidae","Ceratina tabescens",5,4,1.33217904021012,33,0.151515151515152,-1.04500978681803
"M_061","Apidae","Xylocopa caffra",9,7,1.73286795139986,33,0.272727272727273,-0.707909855586404
"M_061","Halictidae","Lasioglossum mahense",29,21,2.83154442690767,33,0.878787878787879,0.977589800571701
"M_061","Megachilidae","Megachile seychellensis",13,10,2.20478541691352,33,0.393939393939394,-0.370809924354783
"M_062","Andrenidae","Andrena arabis",4,4,1.38629436111989,455,0.00879120879120879,-0.691285056453718
"M_062","Andrenidae","Andrena carlini",59,31,3.22043396694906,455,0.12967032967033,1.72544473300035
"M_062","Andrenidae","Andrena erythrogastra",19,10,2.07944154167984,455,0.0417582417582418,-0.032176932057155
"M_062","Andrenidae","Andrena geranii",5,4,1.09861228866811,455,0.010989010989011,-0.64734451482728
"M_062","Andrenidae","Andrena illinoensis",6,6,1.79175946922805,455,0.0131868131868132,-0.603403973200843
"M_062","Andrenidae","Andrena macoupinensis",4,4,1.38629436111989,455,0.00879120879120879,-0.691285056453718
"M_062","Andrenidae","Andrena mandibularis",9,9,2.19722457733622,455,0.0197802197802198,-0.47158234832153
"M_062","Andrenidae","Andrena nigrae",5,5,1.38629436111989,455,0.010989010989011,-0.64734451482728
"M_062","Andrenidae","Andrena nothoscordi",10,8,1.94591014905531,455,0.021978021978022,-0.427641806695093
"M_062","Andrenidae","Andrena personata",3,2,0.636514168294813,455,0.00659340659340659,-0.735225598080155
"M_062","Andrenidae","Andrena pruni",83,34,3.18488788980097,455,0.182417582417582,2.78001773203485
"M_062","Andrenidae","Andrena salicacea",27,18,2.69887992911446,455,0.0593406593406593,0.319347400954345
"M_062","Andrenidae","Andrena salicis",9,7,1.88915916375402,455,0.0197802197802198,-0.47158234832153
"M_062","Andrenidae","Andrena sayi",2,2,0.693147180559945,455,0.0043956043956044,-0.779166139706593
"M_062","Andrenidae","Andrena spiraeana",71,30,3.01769919105011,455,0.156043956043956,2.2527312325176
"M_062","Andrenidae","Andrena tridens",4,2,0.562335144618808,455,0.00879120879120879,-0.691285056453718
"M_062","Andrenidae","Calliopsis andreniformis",13,9,2.09814738913507,455,0.0285714285714286,-0.29582018181578
"M_062","Andrenidae","Calliopsis coloradensis",10,9,2.04319187054512,455,0.021978021978022,-0.427641806695093
"M_062","Andrenidae","Heterosarus parvus",30,16,2.54452173737915,455,0.0659340659340659,0.451169025833658
"M_062","Andrenidae","Perdita 8 maculata",27,15,2.38888971472958,455,0.0593406593406593,0.319347400954345
"M_062","Andrenidae","Pseudopanurgus albitarsis",4,4,1.38629436111989,455,0.00879120879120879,-0.691285056453718
"M_062","Andrenidae","Pseudopanurgus asteris",2,2,0.693147180559945,455,0.0043956043956044,-0.779166139706593
"M_062","Andrenidae","Pseudopanurgus compositarum",6,6,1.79175946922805,455,0.0131868131868132,-0.603403973200843
"M_062","Andrenidae","Pseudopanurgus labrosiformis",48,25,2.921011144734,455,0.105494505494505,1.24209877510953
"M_062","Andrenidae","Pseudopanurgus labrosus",57,22,2.68838526708047,455,0.125274725274725,1.63756364974747
"M_062","Andrenidae","Pseudopanurgus rudbeckiae",2,2,0.693147180559945,455,0.0043956043956044,-0.779166139706593
"M_062","Apidae","Amegilla walshii",23,12,2.23327037493805,455,0.0505494505494506,0.143585234448595
"M_062","Apidae","Bombus impatiens",12,10,2.16395565688206,455,0.0263736263736264,-0.339760723442218
"M_062","Apidae","Bombus pennsylvanicus",6,6,1.6094379124341,455,0.0131868131868132,-0.603403973200843
"M_062","Apidae","Cemolobus ipomoeae",4,4,1.09861228866811,455,0.00879120879120879,-0.691285056453718
"M_062","Apidae","Cemolobus oligolege",11,7,1.74786809746676,455,0.0241758241758242,-0.383701265068655
"M_062","Apidae","Ceratina dupla",85,33,3.18103002383686,455,0.186813186813187,2.86789881528772
"M_062","Apidae","Epeolus bifasciatus",6,5,1.56071040904141,455,0.0131868131868132,-0.603403973200843
"M_062","Apidae","Epeolus correopsis",8,5,1.242453324894,455,0.0175824175824176,-0.515522889947968
"M_062","Apidae","Epeolus pusillus",13,9,2.02532622077007,455,0.0285714285714286,-0.29582018181578
"M_062","Apidae","Florilegus condignus",24,19,2.8389889331547,455,0.0527472527472527,0.187525776075032
"M_062","Apidae","Holcopasites heliopsis",55,27,2.81722409732808,455,0.120879120879121,1.5496825664946
"M_062","Apidae","Megilla maculata",11,8,1.88915916375402,455,0.0241758241758242,-0.383701265068655
"M_062","Apidae","Melissodes agilis",50,20,2.74577788648259,455,0.10989010989011,1.32997985836241
"M_062","Apidae","Melissodes autumnalis",30,16,2.5149813641252,455,0.0659340659340659,0.451169025833658
"M_062","Apidae","Melissodes cnici",18,11,2.21025357762097,455,0.0395604395604396,-0.0761174736835925
"M_062","Apidae","Melissodes comptoides",3,2,0.636514168294813,455,0.00659340659340659,-0.735225598080155
"M_062","Apidae","Melissodes coreopsis",3,3,0.693147180559945,455,0.00659340659340659,-0.735225598080155
"M_062","Apidae","Melissodes oligolege",5,5,1.6094379124341,455,0.010989010989011,-0.64734451482728
"M_062","Apidae","Melissodes pallida",10,7,1.88669678465808,455,0.021978021978022,-0.427641806695093
"M_062","Apidae","Melissodes simillima",12,7,1.82007597536062,455,0.0263736263736264,-0.339760723442218
"M_062","Apidae","Melissodes vernoniana",13,5,1.17865499634165,455,0.0285714285714286,-0.29582018181578
"M_062","Apidae","Nomada cressonii",29,15,2.32330681852655,455,0.0637362637362637,0.40722848420722
"M_062","Apidae","Nomada denticulata",19,13,2.36392110328395,455,0.0417582417582418,-0.032176932057155
"M_062","Apidae","Nomada illinoensis",10,8,1.88915916375402,455,0.021978021978022,-0.427641806695093
"M_062","Apidae","Nomada parva",7,7,1.79175946922805,455,0.0153846153846154,-0.559463431574405
"M_062","Apidae","Nomada salicis",8,7,1.90615474653985,455,0.0175824175824176,-0.515522889947968
"M_062","Apidae","Peponapis pruinosa",8,5,1.32966134885476,455,0.0175824175824176,-0.515522889947968
"M_062","Apidae","Tetralonia belfragei",31,18,2.70478147052289,455,0.0681318681318681,0.495109567460095
"M_062","Apidae","Tetralonia dilecta",17,6,1.35797785498732,455,0.0373626373626374,-0.12005801531003
"M_062","Apidae","Tetralonia robertsonii",3,3,1.09861228866811,455,0.00659340659340659,-0.735225598080155
"M_062","Apidae","Triepeolus concavus",2,2,0.693147180559945,455,0.0043956043956044,-0.779166139706593
"M_062","Apidae","Triepeolus cressonii",67,36,3.18277451913584,455,0.147252747252747,2.07696906601184
"M_062","Apidae","Triepeolus donatus",95,34,3.06313288936744,455,0.208791208791209,3.3073042315521
"M_062","Apidae","Triepeolus helianthi",33,16,2.44211793133126,455,0.0725274725274725,0.58299065071297
"M_062","Apidae","Triepeolus micropygius",6,5,1.33217904021012,455,0.0131868131868132,-0.603403973200843
"M_062","Apidae","Triepeolus nevadensis",4,4,1.38629436111989,455,0.00879120879120879,-0.691285056453718
"M_062","Apidae","Triepeolus pennipes",37,19,2.57230083113552,455,0.0813186813186813,0.75875281721872
"M_062","Apidae","Triepeolus remigatus",25,13,2.23216767890892,455,0.0549450549450549,0.23146631770147
"M_062","Apidae","Triepeolus simplex",18,9,1.5990147122063,455,0.0395604395604396,-0.0761174736835925
"M_062","Apidae","Xenoglossa strenua",34,17,2.45865128403193,455,0.0747252747252747,0.626931192339408
"M_062","Apidae","Xenoglossodes albata",14,10,2.16395565688206,455,0.0307692307692308,-0.251879640189343
"M_062","Colletidae","Colletes armatus",10,3,0.943348392329039,455,0.021978021978022,-0.427641806695093
"M_062","Colletidae","Colletes compactus",13,10,2.0228085294147,455,0.0285714285714286,-0.29582018181578
"M_062","Colletidae","Colletes inaequalis",5,5,1.38629436111989,455,0.010989010989011,-0.64734451482728
"M_062","Colletidae","Colletes nudus",48,26,2.79392485394999,455,0.105494505494505,1.24209877510953
"M_062","Colletidae","Colletes oligolege",3,3,0.693147180559945,455,0.00659340659340659,-0.735225598080155
"M_062","Colletidae","Colletes productus",14,12,2.35167330190463,455,0.0307692307692308,-0.251879640189343
"M_062","Colletidae","Colletes speciosus",3,3,1.09861228866811,455,0.00659340659340659,-0.735225598080155
"M_062","Colletidae","Colletes willistonii",22,12,2.1774844871095,455,0.0483516483516484,0.0996446928221575
"M_062","Colletidae","Prosopis crataegi",10,10,2.19722457733622,455,0.021978021978022,-0.427641806695093
"M_062","Colletidae","Prosopis eulophi",9,8,1.94591014905531,455,0.0197802197802198,-0.47158234832153
"M_062","Colletidae","Prosopis nelumbonis",22,14,2.47912243650939,455,0.0483516483516484,0.0996446928221575
"M_062","Colletidae","Prosopis pygmaea",4,2,0.562335144618808,455,0.00879120879120879,-0.691285056453718
"M_062","Colletidae","Prosopis thaspii",49,27,3.01969043375406,455,0.107692307692308,1.28603931673597
"M_062","Colletidae","Prosopis ziziae",3,3,1.09861228866811,455,0.00659340659340659,-0.735225598080155
"M_062","Halictidae","Agapostemon texanus",121,33,2.79326567212103,455,0.265934065934066,4.44975831383947
"M_062","Halictidae","Chloralictus albipennis",63,28,2.99548092767257,455,0.138461538461538,1.9012068995061
"M_062","Halictidae","Chloralictus cressonii",8,5,1.15374194270109,455,0.0175824175824176,-0.515522889947968
"M_062","Halictidae","Chloralictus foveolatus",6,3,1.01140426470735,455,0.0131868131868132,-0.603403973200843
"M_062","Halictidae","Chloralictus illinoensis",28,17,2.62616478646724,455,0.0615384615384615,0.363287942580783
"M_062","Halictidae","Chloralictus obscurus",5,5,1.6094379124341,455,0.010989010989011,-0.64734451482728
"M_062","Halictidae","Chloralictus smilacinae",6,6,1.6094379124341,455,0.0131868131868132,-0.603403973200843
"M_062","Halictidae","Evylaeus arcuatus",90,29,2.77340549507734,455,0.197802197802198,3.08760152341991
"M_062","Halictidae","Evylaeus nelumbonis",5,2,0.500402423538188,455,0.010989010989011,-0.64734451482728
"M_062","Halictidae","Evylaeus pectinatus",2,2,0.693147180559945,455,0.0043956043956044,-0.779166139706593
"M_062","Halictidae","Evylaeus pectoralis",2,2,0.693147180559945,455,0.0043956043956044,-0.779166139706593
"M_062","Halictidae","Evylaeus truncatus",5,5,1.6094379124341,455,0.010989010989011,-0.64734451482728
"M_062","Halictidae","Halictus lerouxii",70,30,2.95265218080428,455,0.153846153846154,2.20879069089116
"M_062","Halictidae","Paralictus cephalicus",3,3,0.693147180559945,455,0.00659340659340659,-0.735225598080155
"M_062","Halictidae","Paralictus platyparius",10,8,1.83102048111352,455,0.021978021978022,-0.427641806695093
"M_062","Halictidae","Paralictus simplex",4,3,0.693147180559945,455,0.00879120879120879,-0.691285056453718
"M_062","Halictidae","Paranomia nortonii",4,4,1.38629436111989,455,0.00879120879120879,-0.691285056453718
"M_062","Halictidae","Sphecodes arvensis",12,9,2.09472904752765,455,0.0263736263736264,-0.339760723442218
"M_062","Halictidae","Sphecodes heraclei",18,9,1.83929674797766,455,0.0395604395604396,-0.0761174736835925
"M_062","Halictidae","Sphecodes minor",13,8,1.66633258532833,455,0.0285714285714286,-0.29582018181578
"M_062","Megachilidae","Anthidium cognatum",15,13,2.4410152780267,455,0.032967032967033,-0.207939098562905
"M_062","Megachilidae","Ashmeadiella bucconis",42,21,2.3085165672558,455,0.0923076923076923,0.978455525350908
"M_062","Megachilidae","Bombias scutellaris",5,4,1.09861228866811,455,0.010989010989011,-0.64734451482728
"M_062","Megachilidae","Coelioxys 8 dentata",23,12,2.10691307431241,455,0.0505494505494506,0.143585234448595
"M_062","Megachilidae","Coelioxys alternata",65,30,3.11004515981178,455,0.142857142857143,1.98908798275897
"M_062","Megachilidae","Coelioxys germana",12,8,1.88915916375402,455,0.0263736263736264,-0.339760723442218
"M_062","Megachilidae","Coelioxys modesta",13,10,2.24503527412618,455,0.0285714285714286,-0.29582018181578
"M_062","Megachilidae","Coelioxys rufitarsis",8,6,1.66746193342929,455,0.0175824175824176,-0.515522889947968
"M_062","Megachilidae","Coelioxys sayi",20,13,2.31957499667359,455,0.043956043956044,0.0117636095692825
"M_062","Megachilidae","Diceratosmia conjuncta",53,28,3.06573964350243,455,0.116483516483516,1.46180148324172
"M_062","Megachilidae","Gnathosmia georgica",3,3,1.09861228866811,455,0.00659340659340659,-0.735225598080155
"M_062","Megachilidae","Hoplitis cylindricus",20,13,2.32218794280707,455,0.043956043956044,0.0117636095692825
"M_062","Megachilidae","Leucosmia albiventria",22,16,2.65258753472015,455,0.0483516483516484,0.0996446928221575
"M_062","Megachilidae","Megachile 6 dentata",5,4,1.03972077083992,455,0.010989010989011,-0.64734451482728
"M_062","Megachilidae","Megachile addenda",6,5,1.33217904021012,455,0.0131868131868132,-0.603403973200843
"M_062","Megachilidae","Megachile generosa",23,13,2.23138919780748,455,0.0505494505494506,0.143585234448595
"M_062","Megachilidae","Megachile mendica",15,11,2.13839724634772,455,0.032967032967033,-0.207939098562905
"M_062","Megachilidae","Megachile oligolege",6,4,1.03972077083992,455,0.0131868131868132,-0.603403973200843
"M_062","Megachilidae","Megachile strophostylis",3,3,1.09861228866811,455,0.00659340659340659,-0.735225598080155
"M_062","Megachilidae","Microstelis lateralis",17,11,2.20559835902639,455,0.0373626373626374,-0.12005801531003
"M_062","Megachilidae","Oligotropus campanulae",5,5,1.6094379124341,455,0.010989010989011,-0.64734451482728
"M_062","Megachilidae","Oligotropus oligolege",3,2,0.636514168294813,455,0.00659340659340659,-0.735225598080155
"M_062","Megachilidae","Osmia atriventris",13,8,1.83437197028162,455,0.0285714285714286,-0.29582018181578
"M_062","Megachilidae","Osmia collinsiae",3,2,0.636514168294813,455,0.00659340659340659,-0.735225598080155
"M_062","Megachilidae","Xanthosarus latimanus",4,2,0.562335144618808,455,0.00879120879120879,-0.691285056453718
"M_062","Melittidae","Macropis steironematis",24,18,2.75554979066418,455,0.0527472527472527,0.187525776075032
"M_072","Andrenidae","Panurgillus sp1 M PL 072",6,4,1.05492016798614,86,0.0697674418604651,-0.537167722188987
"M_072","Apidae","Apis mellifera",38,12,1.56196378560401,86,0.441860465116279,1.59878913763941
"M_072","Apidae","Bombus bellicosus",16,7,1.41417546405698,86,0.186046511627907,0.130318796507387
"M_072","Apidae","Ceratina montana",12,5,1.08889997534522,86,0.13953488372093,-0.136675810971162
"M_072","Apidae","Gaesischia sp1 M PL 072",4,3,1.03972077083992,86,0.0465116279069767,-0.670665025928262
"M_072","Apidae","Melissoptila tandilensis",6,3,0.500402423538188,86,0.0697674418604651,-0.537167722188987
"M_072","Apidae","Xylocopa augusti",7,6,1.6094379124341,86,0.0813953488372093,-0.47041907031935
"M_072","Apidae","Xylocopa ciliata",19,7,1.20008732276787,86,0.22093023255814,0.3305647521163
"M_072","Colletidae","Chilicola sp1 M PL 072",12,5,1.16222554492109,86,0.13953488372093,-0.136675810971162
"M_072","Colletidae","Colletes cyaneus",3,3,1.09861228866811,86,0.0348837209302326,-0.737413677797899
"M_072","Colletidae","Colletes sp2 M PL 072",6,2,0.636514168294813,86,0.0697674418604651,-0.537167722188987
"M_072","Colletidae","Leioproctus indigoticus",4,3,0.636514168294813,86,0.0465116279069767,-0.670665025928262
"M_072","Halictidae","Augochlora semiramis",66,21,2.08694161471328,86,0.767441860465116,3.46775138998926
"M_072","Halictidae","Augochlorella ephyra",32,12,1.60147709130224,86,0.372093023255814,1.19829722642159
"M_072","Halictidae","Augochloropsis erato",17,7,1.33066009336289,86,0.197674418604651,0.197067448377025
"M_072","Halictidae","Augochloropsis sp2 M PL 072",9,2,0.529706199057654,86,0.104651162790698,-0.336921766580075
"M_072","Halictidae","Augochloropsis sp3 M PL 072",6,2,0.636514168294813,86,0.0697674418604651,-0.537167722188987
"M_072","Halictidae","Dialictus sp1 M PL 072",11,6,1.47080847632211,86,0.127906976744186,-0.2034244628408
"M_072","Halictidae","Halictillus sp1 M PL 072",11,5,1.15958881430863,86,0.127906976744186,-0.2034244628408
"M_072","Halictidae","Ruizantheda divaricata",7,4,0.867563228481461,86,0.0813953488372093,-0.47041907031935
"M_072","Megachilidae","Megachile sp3 M PL 072",3,2,0.636514168294813,86,0.0348837209302326,-0.737413677797899
"M_073","Apidae","Apis mellifera",2,2,0.693147180559945,30,0.0666666666666667,-0.715600223983708
"M_073","Apidae","Bombus bimaculatus",5,4,1.09861228866811,30,0.166666666666667,-0.166973385596199
"M_073","Apidae","Bombus griseocollis",6,5,1.33217904021012,30,0.2,0.015902227199638
"M_073","Apidae","Bombus impatiens",11,6,1.22752941145721,30,0.366666666666667,0.930280291178821
"M_073","Apidae","Bombus perplexus",2,2,0.693147180559945,30,0.0666666666666667,-0.715600223983708
"M_073","Apidae","Ceratina calcarata",21,13,2.15456185261344,30,0.7,2.75903641913719
"M_073","Apidae","Ceratina sp1M PL 073",5,4,1.03972077083992,30,0.166666666666667,-0.166973385596199
"M_073","Apidae","Ceratina strenua",4,3,0.636514168294813,30,0.133333333333333,-0.349848998392035
"M_073","Apidae","Ptilothrix bombiformus",3,3,1.09861228866811,30,0.1,-0.532724611187872
"M_073","Colletidae","Hylaeus sp1M PL 073",2,2,0.693147180559945,30,0.0666666666666667,-0.715600223983708
"M_073","Halictidae","Augochlora pura",21,13,2.09464093882606,30,0.7,2.75903641913719
"M_073","Halictidae","Augochlorella aurata",10,8,2.02532622077007,30,0.333333333333333,0.747404678382984
"M_073","Halictidae","Augochloropsis metallica",5,5,1.6094379124341,30,0.166666666666667,-0.166973385596199
"M_073","Halictidae","Lasioglossum birkmani",4,4,1.38629436111989,30,0.133333333333333,-0.349848998392035
"M_073","Halictidae","Lasioglossum cressonii",2,2,0.693147180559945,30,0.0666666666666667,-0.715600223983708
"M_073","Halictidae","Lasioglossum fuscipenne",3,3,1.09861228866811,30,0.1,-0.532724611187872
"M_073","Halictidae","Lasioglossum imitatum",2,2,0.693147180559945,30,0.0666666666666667,-0.715600223983708
"M_073","Halictidae","Lasioglossum macoupinens",2,2,0.693147180559945,30,0.0666666666666667,-0.715600223983708
"M_073","Halictidae","Lasioglossum obscurum",6,6,1.79175946922805,30,0.2,0.015902227199638
"M_073","Halictidae","Lasioglossum sp1M PL 073",5,4,1.33217904021012,30,0.166666666666667,-0.166973385596199
"M_073","Halictidae","Lasioglossum weemsi",2,2,0.693147180559945,30,0.0666666666666667,-0.715600223983708
"M_073","Megachilidae","Coelioxys sayi",3,2,0.636514168294813,30,0.1,-0.532724611187872
"M_073","Megachilidae","Megachile mendica",10,6,1.49417513828931,30,0.333333333333333,0.747404678382984
"M_075","Apidae","Apis mellifera Linnaeus",28,18,2.67795000336388,28,1,NA
"M_11.1","Apidae","Apis mellifera",3,3,0.693147180559945,8,0.375,-0.577350269189626
"M_11.1","Apidae","Bombus ruderatus",3,3,0.693147180559945,8,0.375,-0.577350269189626
"M_11.1","Halictidae","Halictus sp",6,5,1.38629436111989,8,0.75,1.15470053837925
"M_11.2","Apidae","Apis mellifera",12,8,1.90615474653985,13,0.923076923076923,1.15470053837925
"M_11.2","Apidae","Xylocopa fenestrata",3,3,1.09861228866811,13,0.230769230769231,-0.577350269189626
"M_11.2","Megachilidae","Megachile sp",3,3,0.693147180559945,13,0.230769230769231,-0.577350269189626
