"sp.armonizado","ID","Grado","Grado_max","Grado_relativo","Z_Grado"
"Agapostemon splendens","M_005",4,32,0.125,-0.460125411527285
"Agapostemon splendens","M_062",1,121,0.00826446280991736,-0.745924533890354
"Agapostemon texanus","M_062",121,121,1,2.80492283405051
"Agapostemon virescens","M_073",1,21,0.0476190476190476,-0.635644827936913
"Alloscirtetica gayi","M_001",2,16,0.125,-0.660142021243349
"Alloscirtetica rufitarsis","M_002",1,8,0.125,-0.886810919348256
"Alloscirtetica rufitarsis","M_001",3,16,0.1875,-0.442990040571195
"Alloscirtetica sp","M_001",9,16,0.5625,0.859921843461731
"Alloscirtetica sp","M_002",2,8,0.25,-0.458695303111167
"Amegilla albigena","M_015",14,104,0.134615384615385,0.878963461851375
"Amegilla canifrons","M_039",5,13,0.384615384615385,0
"Amegilla canifrons","M_050",2,7,0.285714285714286,-0.641940738766369
"Amegilla fasciata","M_016",4,14,0.285714285714286,0.330025791078512
"Amegilla garrula","M_015",1,104,0.00961538461538462,-0.507114707018657
"Amegilla ochroleuca","M_015",2,104,0.0192307692307692,-0.40049330941327
"Amegilla quadrifasciata","M_015",7,104,0.0673076923076923,0.132613678613665
"Amegilla quadrifasciata","M_039",3,13,0.230769230769231,-0.523936831995584
"Amegilla quadrifasciata","M_050",3,7,0.428571428571429,-0.192582221629911
"Amegilla quadrifasciata","M_016",2,14,0.142857142857143,-0.378322248309514
"Amegilla savignyi","M_015",1,104,0.00961538461538462,-0.507114707018657
"Ammobates oraniensis","M_015",2,104,0.0192307692307692,-0.40049330941327
"Andrena alfkenella","M_015",2,104,0.0192307692307692,-0.40049330941327
"Andrena alleghaniensis","M_033",3,11,0.272727272727273,-1.23423202470516
"Andrena arabis","M_062",4,121,0.0330578512396694,-0.657153349691833
"Andrena arabis","M_025",1,7,0.142857142857143,-0.960555147841153
"Andrena assimilis","M_016",1,14,0.0714285714285714,-0.732496268003527
"Andrena athenensis","M_015",1,104,0.00961538461538462,-0.507114707018657
"Andrena barbilabris","M_047",1,13,0.0769230769230769,-0.633925273289415
"Andrena barbilabris","M_005",1,32,0.03125,-0.788135605883369
"Andrena bicolor","M_015",3,104,0.0288461538461538,-0.293871911807883
"Andrena bicolor","M_016",1,14,0.0714285714285714,-0.732496268003527
"Andrena bicolorata","M_015",1,104,0.00961538461538462,-0.507114707018657
"Andrena bimaculata","M_016",1,14,0.0714285714285714,-0.732496268003527
"Andrena canohirta","M_015",4,104,0.0384615384615385,-0.187250514202496
"Andrena carlini","M_062",59,121,0.487603305785124,0.970318360614395
"Andrena carlini","M_025",7,7,1,1.76101777104211
"Andrena carlini","M_032",4,6,0.666666666666667,0.794430822633543
"Andrena carlini","M_033",5,11,0.454545454545455,-0.444323528893858
"Andrena carolina","M_033",4,11,0.363636363636364,-0.839277776799509
"Andrena chrysosceles","M_007",1,10,0.1,-0.568903074579574
"Andrena cinereophila","M_015",1,104,0.00961538461538462,-0.507114707018657
"Andrena clarkella","M_047",2,13,0.153846153846154,-0.253570109315766
"Andrena combaella","M_015",1,104,0.00961538461538462,-0.507114707018657
"Andrena concinna","M_015",3,104,0.0288461538461538,-0.293871911807883
"Andrena crassana","M_015",4,104,0.0384615384615385,-0.187250514202496
"Andrena crataegi","M_005",9,32,0.28125,0.0865582457328554
"Andrena cressoni","M_032",2,6,0.333333333333333,-0.427770442956523
"Andrena distinguenda","M_015",4,104,0.0384615384615385,-0.187250514202496
"Andrena dunningi","M_025",1,7,0.142857142857143,-0.960555147841153
"Andrena erigeniae","M_025",4,7,0.571428571428571,0.40023131160048
"Andrena flavipes","M_015",16,104,0.153846153846154,1.09220625706215
"Andrena forbesii","M_032",3,6,0.5,0.18333018983851
"Andrena fulva","M_047",3,13,0.230769230769231,0.126785054657883
"Andrena fulvitarsis","M_015",1,104,0.00961538461538462,-0.507114707018657
"Andrena fuscipes","M_047",1,13,0.0769230769230769,-0.633925273289415
"Andrena grossella","M_015",3,104,0.0288461538461538,-0.293871911807883
"Andrena haemorrhoa","M_006",3,10,0.3,-0.174504949503245
"Andrena haemorrhoa","M_047",5,13,0.384615384615385,0.887495382605181
"Andrena haemorrhoa japonibia","M_021",1,25,0.04,-0.846043423048847
"Andrena hattorfiana","M_015",7,104,0.0673076923076923,0.132613678613665
"Andrena hesperia","M_015",7,104,0.0673076923076923,0.132613678613665
"Andrena hispania","M_016",4,14,0.285714285714286,0.330025791078512
"Andrena humilis","M_015",19,104,0.182692307692308,1.41207044987831
"Andrena hyemala","M_015",1,104,0.00961538461538462,-0.507114707018657
"Andrena imitatrix","M_073",1,21,0.0476190476190476,-0.635644827936913
"Andrena imitatrix","M_005",1,32,0.03125,-0.788135605883369
"Andrena impunctata","M_015",1,104,0.00961538461538462,-0.507114707018657
"Andrena japonica","M_054",2,23,0.0869565217391304,-0.832050294337844
"Andrena japonicum","M_055",1,6,0.166666666666667,-0.86066296582387
"Andrena kriechbaumeri","M_015",3,104,0.0288461538461538,-0.293871911807883
"Andrena lamiana","M_015",6,104,0.0576923076923077,0.0259922810082784
"Andrena lapponica","M_056",3,20,0.15,-0.598560104571665
"Andrena lapponica","M_047",2,13,0.153846153846154,-0.253570109315766
"Andrena longitibialis","M_021",1,25,0.04,-0.846043423048847
"Andrena longitibialis","M_053",4,15,0.266666666666667,-0.583091772941182
"Andrena longitibialis","M_056",1,20,0.05,-0.869606189660721
"Andrena mandibularis","M_033",6,11,0.545454545454545,-0.0493692809882064
"Andrena mandibularis","M_062",9,121,0.0743801652892562,-0.50920137602763
"Andrena melanochroa","M_004",1,8,0.125,-0.488071100869251
"Andrena minutula","M_057",11,37,0.297297297297297,-0.203324740477391
"Andrena minutula","M_021",4,25,0.16,-0.472788971703768
"Andrena minutula","M_053",2,15,0.133333333333333,-0.983967366838245
"Andrena miranda","M_004",2,8,0.25,0.0406725917391042
"Andrena miserabilis","M_032",2,6,0.333333333333333,-0.427770442956523
"Andrena mocsaryi","M_015",12,104,0.115384615384615,0.6657206666406
"Andrena mucronata","M_015",6,104,0.0576923076923077,0.0259922810082784
"Andrena nana","M_015",1,104,0.00961538461538462,-0.507114707018657
"Andrena nasonii","M_025",3,7,0.428571428571429,-0.0533641748800641
"Andrena nigroaenea","M_047",3,13,0.230769230769231,0.126785054657883
"Andrena nigroaenea","M_015",6,104,0.0576923076923077,0.0259922810082784
"Andrena nigroaenea","M_016",2,14,0.142857142857143,-0.378322248309514
"Andrena nitida","M_006",2,10,0.2,-0.473656291508807
"Andrena nitida","M_007",1,10,0.1,-0.568903074579574
"Andrena nivalis","M_004",2,8,0.25,0.0406725917391042
"Andrena nobilis","M_015",2,104,0.0192307692307692,-0.40049330941327
"Andrena nubecula","M_062",1,121,0.00826446280991736,-0.745924533890354
"Andrena optata","M_015",2,104,0.0192307692307692,-0.40049330941327
"Andrena oralis","M_015",2,104,0.0192307692307692,-0.40049330941327
"Andrena panurgimorpha","M_015",1,104,0.00961538461538462,-0.507114707018657
"Andrena panurgina","M_015",1,104,0.00961538461538462,-0.507114707018657
"Andrena personata","M_062",3,121,0.0247933884297521,-0.686743744424673
"Andrena personata","M_032",1,6,0.166666666666667,-1.03887107575156
"Andrena personata","M_025",1,7,0.142857142857143,-0.960555147841153
"Andrena pilipes","M_015",8,104,0.0769230769230769,0.239235076219052
"Andrena pruni","M_062",83,121,0.685950413223141,1.68048783420257
"Andrena rugosa","M_032",3,6,0.5,0.18333018983851
"Andrena rugothorace","M_015",17,104,0.163461538461538,1.19882765466754
"Andrena schmiedeknechti","M_015",6,104,0.0576923076923077,0.0259922810082784
"Andrena schulzi","M_015",13,104,0.125,0.772342064245988
"Andrena scita","M_015",1,104,0.00961538461538462,-0.507114707018657
"Andrena simontornyella","M_015",2,104,0.0192307692307692,-0.40049330941327
"Andrena spiraeana","M_062",71,121,0.586776859504132,1.32540309740848
"Andrena spiraeana","M_073",1,21,0.0476190476190476,-0.635644827936913
"Andrena subopaca","M_057",1,37,0.027027027027027,-1.01662370238696
"Andrena taraxaci","M_015",2,104,0.0192307692307692,-0.40049330941327
"Andrena taraxaci","M_053",2,15,0.133333333333333,-0.983967366838245
"Andrena tarsata","M_047",1,13,0.0769230769230769,-0.633925273289415
"Andrena tomora","M_015",2,104,0.0192307692307692,-0.40049330941327
"Andrena truncatilabris","M_015",4,104,0.0384615384615385,-0.187250514202496
"Andrena ventricosa","M_015",4,104,0.0384615384615385,-0.187250514202496
"Andrena vicina","M_033",8,11,0.727272727272727,0.740539214823096
"Andrena vicina","M_005",10,32,0.3125,0.195894977184883
"Andrena vicina","M_073",1,21,0.0476190476190476,-0.635644827936913
"Andrena villipes","M_016",2,14,0.142857142857143,-0.378322248309514
"Andrena violae","M_025",1,7,0.142857142857143,-0.960555147841153
"Andrena vulcana","M_039",1,13,0.0769230769230769,-1.04787366399117
"Andrena w scripta","M_004",2,8,0.25,0.0406725917391042
"Andrena westensis","M_015",8,104,0.0769230769230769,0.239235076219052
"Andrena wilkella","M_006",5,10,0.5,0.42379773450788
"Andrena wilkella","M_047",1,13,0.0769230769230769,-0.633925273289415
"Andrena wilkella","M_004",1,8,0.125,-0.488071100869251
"Andrena wollastoni","M_008",2,6,0.333333333333333,-0.818947559667426
"Anthidium chilensis","M_001",8,16,0.5,0.642769862789577
"Anthidium chubuti","M_022",3,3,1,NA
"Anthidium dalmaticum","M_015",1,104,0.00961538461538462,-0.507114707018657
"Anthidium decaspilum","M_001",4,16,0.25,-0.22583805989904
"Anthidium florentinum","M_015",7,104,0.0673076923076923,0.132613678613665
"Anthidium funereum","M_002",3,8,0.375,-0.0305796868740779
"Anthidium funereum","M_001",7,16,0.4375,0.425617882117422
"Anthidium manicatum","M_015",1,104,0.00961538461538462,-0.507114707018657
"Anthidium manicatum","M_008",1,6,0.166666666666667,-1.3970281900209
"Anthidium septemspinosum","M_054",3,23,0.130434782608696,-0.693375245281536
"Anthidium sp","M_003",7,7,1,1.3907589749183
"Anthidium sp","M_002",2,8,0.25,-0.458695303111167
"Anthidium sp","M_001",1,16,0.0625,-0.877294001915503
"Anthidium taeniatum","M_015",2,104,0.0192307692307692,-0.40049330941327
"Anthidium undulatum","M_015",1,104,0.00961538461538462,-0.507114707018657
"Anthophora abrupta","M_073",1,21,0.0476190476190476,-0.635644827936913
"Anthophora alluaudi","M_050",1,7,0.142857142857143,-1.09129925590283
"Anthophora alluaudi","M_039",6,13,0.461538461538462,0.261968415997792
"Anthophora alluaudi","M_008",6,6,1,1.49337496174648
"Anthophora alluaudi","M_012",8,8,1,1.72133698843348
"Anthophora atroalba","M_015",8,104,0.0769230769230769,0.239235076219052
"Anthophora canescens","M_015",2,104,0.0192307692307692,-0.40049330941327
"Anthophora dispar","M_016",2,14,0.142857142857143,-0.378322248309514
"Anthophora dufourii","M_015",4,104,0.0384615384615385,-0.187250514202496
"Anthophora incerta","M_001",3,16,0.1875,-0.442990040571195
"Anthophora orotavae","M_039",5,13,0.384615384615385,0
"Anthophora orotavae","M_050",3,7,0.428571428571429,-0.192582221629911
"Anthophora plumipes","M_015",5,104,0.0480769230769231,-0.0806291165971086
"Anthophora plumipes","M_007",1,10,0.1,-0.568903074579574
"Anthophora quadricolor","M_005",3,32,0.09375,-0.569462142979313
"Anthophora retusa","M_015",1,104,0.00961538461538462,-0.507114707018657
"Anthophora sp","M_001",2,16,0.125,-0.660142021243349
"Apis cerana","M_055",6,6,1,1.72132593164774
"Apis cerana","M_021",11,25,0.44,0.398138081434752
"Apis cerana","M_053",2,15,0.133333333333333,-0.983967366838245
"Apis cerana","M_044",3,9,0.333333333333333,-0.208682503092076
"Apis cerana japonica","M_054",23,23,1,2.08012573584461
"Apis cerana japonica","M_057",17,37,0.459459459459459,0.284654636668348
"Apis mellifera","M_015",104,104,1,10.4748892463362
"Apis mellifera","M_061",31,31,1,NA
"Apis mellifera","M_054",15,23,0.652173913043478,0.970725343394151
"Apis mellifera","M_060",59,59,1,NA
"Apis mellifera","M_058",13,13,1,1.50494741178392
"Apis mellifera","M_035",19,19,1,0.707106781186547
"Apis mellifera","M_013",3,3,1,NA
"Apis mellifera","M_008",6,6,1,1.49337496174648
"Apis mellifera","M_072",38,38,1,0.707106781186547
"Apis mellifera","M_016",14,14,1,3.87176598801864
"Apis mellifera","M_031",17,17,1,1.11576679609947
"Apis mellifera","M_076",33,33,1,1.91418968166809
"Apis mellifera","M_021",5,25,0.2,-0.348370821255408
"Apis mellifera","M_047",13,13,1,3.93033669439437
"Apis mellifera","M_040",6,6,1,NA
"Apis mellifera","M_036",3,3,1,NA
"Apis mellifera","M_023",2,2,1,NA
"Apis mellifera","M_012",6,8,0.75,0.943958993657067
"Apis mellifera","M_005",22,32,0.6875,1.50793575460922
"Apis mellifera","M_041",11,11,1,NA
"Apis mellifera","M_11.2",12,12,1,0.707106781186548
"Apis mellifera","M_014",3,3,1,0.707106781186547
"Apis mellifera","M_034",18,21,0.857142857142857,0.404095097103855
"Apis mellifera","M_050",2,7,0.285714285714286,-0.641940738766369
"Apis mellifera","M_039",6,13,0.461538461538462,0.261968415997792
"Apis mellifera","M_017",1,5,0.2,-1.09544511501033
"Apis mellifera","M_033",5,11,0.454545454545455,-0.444323528893858
"Apis mellifera","M_056",1,20,0.05,-0.869606189660721
"Apis mellifera","M_053",11,15,0.733333333333333,0.819972805698538
"Apis mellifera","M_025",6,7,0.857142857142857,1.30742228456157
"Apis mellifera","M_030",8,8,1,1.14458617822331
"Apis mellifera","M_044",2,9,0.222222222222222,-0.486925840548177
"Apis mellifera","M_019",1,1,1,NA
"Apis mellifera","M_073",2,21,0.0952380952380952,-0.46613954048707
"Apis mellifera","M_007",1,10,0.1,-0.568903074579574
"Apis mellifera","M_049",5,11,0.454545454545455,0
"Apis mellifera","M_059",4,13,0.307692307692308,-0.632455532033676
"Apis mellifera","M_032",6,6,1,2.01663208822361
"Apis mellifera","M_046",5,9,0.555555555555556,-1.0914103126635
"Apis mellifera","M_11.1",3,6,0.5,-0.577350269189626
"Apis mellifera","M_028",4,10,0.4,-0.118992823461746
"Apis mellifera","M_029",1,3,0.333333333333333,-0.577350269189626
"Apis mellifera","M_055",3,6,0.5,0.172132593164774
"Ashmeadiella bucconis","M_062",42,121,0.347107438016529,0.467281650156106
"Augochlora pura","M_073",21,21,1,2.75446092105996
"Augochlora pura","M_025",4,7,0.571428571428571,0.40023131160048
"Augochlora pura","M_032",1,6,0.166666666666667,-1.03887107575156
"Augochlorella aurata","M_073",10,21,0.476190476190476,0.889902759111679
"Bombus alpinus","M_009",1,1,1,NA
"Bombus ardens","M_054",8,23,0.347826086956522,0
"Bombus ardens","M_021",8,25,0.32,0.024883630089672
"Bombus ardens","M_056",12,20,0.6,0.621147278329087
"Bombus ardens","M_057",14,37,0.378378378378378,0.0406649480954782
"Bombus ardens","M_053",9,15,0.6,0.419097211801475
"Bombus argillaceus","M_015",11,104,0.105769230769231,0.559099269035213
"Bombus atratus","M_031",6,17,0.352941176470588,-0.300398752796012
"Bombus atratus","M_072",1,38,0.0263157894736842,-0.707106781186547
"Bombus bifarius","M_005",21,32,0.65625,1.39859902315719
"Bombus bimaculatus","M_073",5,21,0.238095238095238,0.0423763218624609
"Bombus bimaculatus","M_025",7,7,1,1.76101777104211
"Bombus bohemicus","M_047",4,13,0.307692307692308,0.507140218631532
"Bombus bohemicus","M_018",1,15,0.0666666666666667,-0.766553381172933
"Bombus bohemicus","M_037",1,4,0.25,-0.923132662754102
"Bombus brasiliensis","M_074",1,1,1,NA
"Bombus brevivillus","M_076",1,33,0.0303030303030303,-0.638063227222696
"Bombus campestris","M_043",2,10,0.2,-0.474341649025257
"Bombus campestris","M_018",2,15,0.133333333333333,-0.538659132716115
"Bombus centralis","M_005",5,32,0.15625,-0.350788680075257
"Bombus consobrinus","M_056",13,20,0.65,0.756670320873615
"Bombus cryptarum","M_047",1,13,0.0769230769230769,-0.633925273289415
"Bombus dahlbomii","M_003",3,7,0.428571428571429,-0.198679853559757
"Bombus dahlbomii","M_051",10,10,1,1.62735240868995
"Bombus dahlbomii","M_034",21,21,1,0.734718358370645
"Bombus dahlbomii","M_001",7,16,0.4375,0.425617882117422
"Bombus dahlbomii","M_002",8,8,1,2.10999839431137
"Bombus diversus","M_055",5,6,0.833333333333333,1.20492815215342
"Bombus diversus","M_053",13,15,0.866666666666667,1.2208483995956
"Bombus diversus","M_056",14,20,0.7,0.892193363418143
"Bombus diversus diversus","M_021",25,25,1,2.13999218771179
"Bombus diversus diversus","M_057",37,37,1,1.91125256048748
"Bombus diversus diversus","M_054",2,23,0.0869565217391304,-0.832050294337844
"Bombus fervidus","M_005",6,32,0.1875,-0.241451948623229
"Bombus flavifrons","M_005",16,32,0.5,0.851915365897051
"Bombus griseocollis","M_073",6,21,0.285714285714286,0.211881609312304
"Bombus griseocollis","M_032",4,6,0.666666666666667,0.794430822633543
"Bombus honshuensis","M_056",20,20,1,1.70533161868531
"Bombus honshuensis","M_057",8,37,0.216216216216216,-0.44731442905026
"Bombus honshuensis","M_021",25,25,1,2.13999218771179
"Bombus hortorum","M_006",5,10,0.5,0.42379773450788
"Bombus hortorum","M_018",8,15,0.533333333333333,0.828706358024792
"Bombus hortorum","M_043",7,10,0.7,1.21973566892209
"Bombus hortorum","M_049",2,11,0.181818181818182,-0.882522608121828
"Bombus hortorum","M_007",1,10,0.1,-0.568903074579574
"Bombus hortorum","M_038",2,2,1,NA
"Bombus hortotum","M_028",3,10,0.3,-0.416474882116111
"Bombus hunti","M_005",30,32,0.9375,2.38262960622544
"Bombus hyperboreus","M_009",1,1,1,NA
"Bombus hyperboreus","M_014",1,3,0.333333333333333,-0.707106781186547
"Bombus hypnorum","M_049",2,11,0.181818181818182,-0.882522608121828
"Bombus hypocrita","M_056",18,20,0.9,1.43428553359625
"Bombus hypocrita","M_055",1,6,0.166666666666667,-0.86066296582387
"Bombus hypocrita hypocrita","M_057",18,37,0.486486486486487,0.365984532859304
"Bombus hypocrita hypocrita","M_054",7,23,0.304347826086957,-0.138675049056307
"Bombus hypocrita hypocrita","M_021",14,25,0.56,0.771392532779831
"Bombus ignitus","M_054",9,23,0.391304347826087,0.138675049056307
"Bombus ignitus","M_053",10,15,0.666666666666667,0.619535008750006
"Bombus ignitus","M_057",1,37,0.027027027027027,-1.01662370238696
"Bombus ignitus","M_021",1,25,0.04,-0.846043423048847
"Bombus impatiens","M_073",11,21,0.523809523809524,1.05940804656152
"Bombus impatiens","M_062",12,121,0.0991735537190083,-0.420430191829109
"Bombus jonellus","M_047",6,13,0.461538461538462,1.26785054657883
"Bombus lapidarius","M_046",6,9,0.666666666666667,-0.606339062590832
"Bombus lapidarius","M_047",4,13,0.307692307692308,0.507140218631532
"Bombus lapidarius","M_007",10,10,1,2.39538136665084
"Bombus lapidarius","M_037",4,4,1,1.05500875743326
"Bombus lapidarius","M_018",8,15,0.533333333333333,0.828706358024792
"Bombus lapidarius","M_017",4,5,0.8,0.730296743340222
"Bombus lapidarius","M_006",1,10,0.1,-0.772807633514369
"Bombus lapidarius","M_043",4,10,0.4,0.203289278153682
"Bombus lucorum","M_037",1,4,0.25,-0.923132662754102
"Bombus lucorum","M_047",8,13,0.615384615384615,2.02856087452613
"Bombus lucorum","M_049",9,11,0.818181818181818,1.1766968108291
"Bombus lucorum","M_018",2,15,0.133333333333333,-0.538659132716115
"Bombus lucorum","M_016",2,14,0.142857142857143,-0.378322248309514
"Bombus lucorum","M_043",1,10,0.1,-0.813157112614726
"Bombus morio","M_077",3,7,0.428571428571429,-0.3
"Bombus morio","M_076",1,33,0.0303030303030303,-0.638063227222696
"Bombus muscorum","M_017",2,5,0.4,-0.486864495560147
"Bombus muscorum","M_047",1,13,0.0769230769230769,-0.633925273289415
"Bombus nevadensis","M_005",5,32,0.15625,-0.350788680075257
"Bombus occidentalis","M_005",32,32,1,2.6013030691295
"Bombus pascuorum","M_046",9,9,1,0.848874687627165
"Bombus pascuorum","M_018",15,15,1,2.42396609722252
"Bombus pascuorum","M_049",11,11,1,1.76504521624366
"Bombus pascuorum","M_043",10,10,1,2.2361820596905
"Bombus pascuorum","M_006",10,10,1,1.91955444453569
"Bombus pascuorum","M_007",7,10,0.7,1.40728655290737
"Bombus pascuorum","M_017",5,5,1,1.33887736279041
"Bombus pascuorum","M_037",4,4,1,1.05500875743326
"Bombus pascuorum","M_038",2,2,1,NA
"Bombus pascuorum","M_047",8,13,0.615384615384615,2.02856087452613
"Bombus pennsylvanicus","M_062",6,121,0.0495867768595041,-0.597972560226152
"Bombus pennsylvanicus","M_025",2,7,0.285714285714286,-0.506959661360609
"Bombus pennsylvanicus","M_005",1,32,0.03125,-0.788135605883369
"Bombus pratorum","M_043",3,10,0.3,-0.135526185435788
"Bombus pratorum","M_049",7,11,0.636363636363636,0.588348405414552
"Bombus pratorum","M_006",3,10,0.3,-0.174504949503245
"Bombus pratorum","M_018",3,15,0.2,-0.310764884259297
"Bombus pratorum","M_007",3,10,0.3,0.0898268012494066
"Bombus pratorum","M_047",3,13,0.230769230769231,0.126785054657883
"Bombus ridingsii","M_062",3,121,0.0247933884297521,-0.686743744424673
"Bombus ruderatus","M_11.1",3,6,0.5,-0.577350269189626
"Bombus ruderatus","M_043",1,10,0.1,-0.813157112614726
"Bombus ruderatus","M_028",1,10,0.1,-1.01143899942484
"Bombus ruderatus","M_051",3,10,0.3,-0.745869853982892
"Bombus ruderatus","M_018",1,15,0.0666666666666667,-0.766553381172933
"Bombus rupestris","M_018",1,15,0.0666666666666667,-0.766553381172933
"Bombus rupestris","M_043",1,10,0.1,-0.813157112614726
"Bombus rupestris","M_047",2,13,0.153846153846154,-0.253570109315766
"Bombus soroeensis","M_018",2,15,0.133333333333333,-0.538659132716115
"Bombus soroeensis","M_043",2,10,0.2,-0.474341649025257
"Bombus terrestris","M_037",2,4,0.5,-0.263752189358315
"Bombus terrestris","M_046",9,9,1,0.848874687627165
"Bombus terrestris","M_015",13,104,0.125,0.772342064245988
"Bombus terrestris","M_049",7,11,0.636363636363636,0.588348405414552
"Bombus terrestris","M_007",3,10,0.3,0.0898268012494066
"Bombus terrestris","M_028",4,10,0.4,-0.118992823461746
"Bombus terrestris","M_043",3,10,0.3,-0.135526185435788
"Bombus terrestris","M_058",8,13,0.615384615384615,0.384241892370364
"Bombus terrestris","M_006",10,10,1,1.91955444453569
"Bombus terrestris","M_047",1,13,0.0769230769230769,-0.633925273289415
"Bombus terrestris","M_018",5,15,0.333333333333333,0.145023612654339
"Bombus terrestris","M_017",2,5,0.4,-0.486864495560147
"Bombus terrestris","M_029",1,3,0.333333333333333,-0.577350269189626
"Bombus vagans","M_004",8,8,1,3.21313474738923
"Cadeguala occidentalis","M_001",4,16,0.25,-0.22583805989904
"Caenohalictus sp","M_001",11,16,0.6875,1.29422580480604
"Caenohalictus sp","M_002",8,8,1,2.10999839431137
"Caenohalictus sp2","M_001",1,16,0.0625,-0.877294001915503
"Caenohalictus sp3","M_001",1,16,0.0625,-0.877294001915503
"Calliopsis andreniformis","M_062",13,121,0.107438016528926,-0.390839797096268
"Calliopsis coloradensis","M_062",10,121,0.0826446280991736,-0.47961098129479
"Centris aenea","M_059",13,13,1,1.26491106406735
"Centris caxiensis","M_059",10,13,0.769230769230769,0.632455532033676
"Centris cineraria","M_001",15,16,0.9375,2.16283372749466
"Centris cineraria","M_002",3,8,0.375,-0.0305796868740779
"Centris flavifrons","M_059",7,13,0.538461538461538,0
"Centris fuscata","M_059",13,13,1,1.26491106406735
"Centris nigerrima","M_001",4,16,0.25,-0.22583805989904
"Centris nigerrima","M_002",2,8,0.25,-0.458695303111167
"Centris obsoleta","M_059",1,13,0.0769230769230769,-1.26491106406735
"Centris sp","M_001",1,16,0.0625,-0.877294001915503
"Centris tarsata","M_059",10,13,0.769230769230769,0.632455532033676
"Centris trigonoides","M_059",4,13,0.307692307692308,-0.632455532033676
"Ceratina acuta","M_015",12,104,0.115384615384615,0.6657206666406
"Ceratina bispinosa","M_015",8,104,0.0769230769230769,0.239235076219052
"Ceratina calcarata","M_073",21,21,1,2.75446092105996
"Ceratina calcarata","M_025",3,7,0.428571428571429,-0.0533641748800641
"Ceratina cucurbitina","M_016",7,14,0.5,1.39254785016055
"Ceratina cucurbitina","M_058",2,13,0.153846153846154,-0.960604730925909
"Ceratina cucurbitina","M_015",1,104,0.00961538461538462,-0.507114707018657
"Ceratina cyanea","M_016",4,14,0.285714285714286,0.330025791078512
"Ceratina cyanea","M_015",1,104,0.00961538461538462,-0.507114707018657
"Ceratina dallatorreana","M_015",2,104,0.0192307692307692,-0.40049330941327
"Ceratina dentiventris","M_015",8,104,0.0769230769230769,0.239235076219052
"Ceratina dupla","M_062",85,121,0.702479338842975,1.73966862366825
"Ceratina flavipes","M_053",7,15,0.466666666666667,0.0182216179044119
"Ceratina flavipes","M_055",2,6,0.333333333333333,-0.344265186329548
"Ceratina flavipes","M_054",11,23,0.478260869565217,0.416025147168922
"Ceratina flavipes","M_021",1,25,0.04,-0.846043423048847
"Ceratina flavipes","M_057",2,37,0.0540540540540541,-0.935293806195999
"Ceratina japonica","M_021",8,25,0.32,0.024883630089672
"Ceratina japonica","M_057",34,37,0.918918918918919,1.66726287191461
"Ceratina japonica","M_054",2,23,0.0869565217391304,-0.832050294337844
"Ceratina japonica","M_055",4,6,0.666666666666667,0.688530372659096
"Ceratina japonica","M_053",15,15,1,1.62172399349266
"Ceratina loewi","M_015",13,104,0.125,0.772342064245988
"Ceratina mocsaryi","M_016",3,14,0.214285714285714,-0.0241482286155009
"Ceratina nigrolabiata","M_015",9,104,0.0865384615384615,0.345856473824439
"Ceratina okinawana","M_044",1,9,0.111111111111111,-0.765169178004278
"Ceratina parvula","M_015",1,104,0.00961538461538462,-0.507114707018657
"Chelostoma campanularum","M_015",2,104,0.0192307692307692,-0.40049330941327
"Chelostoma emarginatum","M_015",5,104,0.0480769230769231,-0.0806291165971086
"Chelostoma hellenicum","M_015",1,104,0.00961538461538462,-0.507114707018657
"Coelioxys aurolimbatus","M_015",3,104,0.0288461538461538,-0.293871911807883
"Coelioxys mandibularis","M_015",1,104,0.00961538461538462,-0.507114707018657
"Colletes acutus","M_016",3,14,0.214285714285714,-0.0241482286155009
"Colletes albomaculatus","M_015",2,104,0.0192307692307692,-0.40049330941327
"Colletes araucariae","M_001",1,16,0.0625,-0.877294001915503
"Colletes caspicus","M_016",4,14,0.285714285714286,0.330025791078512
"Colletes compactus","M_062",13,121,0.107438016528926,-0.390839797096268
"Colletes cunicularius","M_047",1,13,0.0769230769230769,-0.633925273289415
"Colletes dimidiatus","M_008",2,6,0.333333333333333,-0.818947559667426
"Colletes eous","M_015",1,104,0.00961538461538462,-0.507114707018657
"Colletes fodiens","M_016",1,14,0.0714285714285714,-0.732496268003527
"Colletes foveolaris","M_015",1,104,0.00961538461538462,-0.507114707018657
"Colletes kincaidi","M_005",4,32,0.125,-0.460125411527285
"Colletes similis","M_062",1,121,0.00826446280991736,-0.745924533890354
"Colletes sp","M_001",1,16,0.0625,-0.877294001915503
"Colletes sp","M_002",1,8,0.125,-0.886810919348256
"Colletes succinctus","M_016",3,14,0.214285714285714,-0.0241482286155009
"Colletes succinctus","M_047",1,13,0.0769230769230769,-0.633925273289415
"Dasypoda cingulata","M_016",4,14,0.285714285714286,0.330025791078512
"Dasypoda iberica","M_016",1,14,0.0714285714285714,-0.732496268003527
"Dialictus sp","M_001",1,16,0.0625,-0.877294001915503
"Diphaglossa gayi","M_034",4,21,0.19047619047619,-1.1388134554745
"Eoanthidium insulare","M_015",1,104,0.00961538461538462,-0.507114707018657
"Epeolus fallax","M_016",1,14,0.0714285714285714,-0.732496268003527
"Eucera albofasciata","M_015",10,104,0.0961538461538462,0.452477871429826
"Eucera bidentata","M_015",32,104,0.307692307692308,2.79814861874834
"Eucera clypeata","M_015",33,104,0.317307692307692,2.90477001635373
"Eucera furfurea","M_015",13,104,0.125,0.772342064245988
"Eucera gracilipes","M_039",13,13,1,2.09574732798234
"Eucera gracilipes","M_050",7,7,1,1.60485184691592
"Eucera gracilipes","M_008",4,6,0.666666666666667,0.337213701039528
"Eucera nigrescens","M_015",1,104,0.00961538461538462,-0.507114707018657
"Eucera nigrilabris","M_015",1,104,0.00961538461538462,-0.507114707018657
"Eucera parnassia","M_015",11,104,0.105769230769231,0.559099269035213
"Eucera punctulata","M_015",1,104,0.00961538461538462,-0.507114707018657
"Eucera seminuda","M_015",21,104,0.201923076923077,1.62531324508908
"Euglossa chalybeata","M_077",1,7,0.142857142857143,-1.1
"Euglossa cordata","M_035",4,19,0.210526315789474,-0.707106781186547
"Euglossa cordata","M_030",2,8,0.25,-0.440225453162812
"Euglossa sp","M_077",4,7,0.571428571428571,0.1
"Eulaema meriana","M_031",2,17,0.117647058823529,-0.815368043303462
"Eulaema nigrita","M_030",1,8,0.125,-0.704360725060499
"Frieseomelitta silvestrii","M_076",6,33,0.181818181818182,-0.239273710208511
"Habropoda tarsata","M_015",8,104,0.0769230769230769,0.239235076219052
"Halictus asperulus","M_015",3,104,0.0288461538461538,-0.293871911807883
"Halictus brunnescens","M_015",10,104,0.0961538461538462,0.452477871429826
"Halictus fulvipes","M_016",1,14,0.0714285714285714,-0.732496268003527
"Halictus graecus","M_015",3,104,0.0288461538461538,-0.293871911807883
"Halictus quadricinctus","M_016",6,14,0.428571428571429,1.03837383046654
"Halictus resurgens","M_015",11,104,0.105769230769231,0.559099269035213
"Halictus rubicundus","M_004",2,8,0.25,0.0406725917391042
"Halictus scabiosae","M_015",15,104,0.144230769230769,0.985584859456762
"Halictus scabiosae","M_016",1,14,0.0714285714285714,-0.732496268003527
"Halictus sp","M_11.1",6,6,1,1.15470053837925
"Halictus tetrazonius","M_015",16,104,0.153846153846154,1.09220625706215
"Heriades crenulata","M_015",1,104,0.00961538461538462,-0.507114707018657
"Heriades punctulifera","M_015",8,104,0.0769230769230769,0.239235076219052
"Heriades truncorum","M_015",3,104,0.0288461538461538,-0.293871911807883
"Hoplitis bisulca","M_015",3,104,0.0288461538461538,-0.293871911807883
"Hoplitis curvipes","M_015",2,104,0.0192307692307692,-0.40049330941327
"Hoplitis fabrei","M_015",4,104,0.0384615384615385,-0.187250514202496
"Hoplitis manicata","M_015",5,104,0.0480769230769231,-0.0806291165971086
"Hoplitis pallicornis","M_015",1,104,0.00961538461538462,-0.507114707018657
"Hoplitis papaveris","M_015",1,104,0.00961538461538462,-0.507114707018657
"Hoplitis perezi","M_015",1,104,0.00961538461538462,-0.507114707018657
"Hoplitis pici","M_015",3,104,0.0288461538461538,-0.293871911807883
"Hoplitis producta","M_004",1,8,0.125,-0.488071100869251
"Hoplitis yermasoyiae","M_015",2,104,0.0192307692307692,-0.40049330941327
"Hylaeus annularis","M_047",1,13,0.0769230769230769,-0.633925273289415
"Hylaeus basalis","M_004",1,8,0.125,-0.488071100869251
"Hylaeus bifasciatus","M_015",2,104,0.0192307692307692,-0.40049330941327
"Hylaeus brevicornis","M_047",1,13,0.0769230769230769,-0.633925273289415
"Hylaeus canariensis","M_008",4,6,0.666666666666667,0.337213701039528
"Hylaeus imparilis","M_015",3,104,0.0288461538461538,-0.293871911807883
"Hylaeus lineolatus","M_015",8,104,0.0769230769230769,0.239235076219052
"Hylaeus meridionalis","M_015",8,104,0.0769230769230769,0.239235076219052
"Hylaeus nigritus","M_058",3,13,0.230769230769231,-0.736463627043197
"Hylaeus pictus","M_015",1,104,0.00961538461538462,-0.507114707018657
"Hylaeus punctatus","M_015",8,104,0.0769230769230769,0.239235076219052
"Hylaeus signatus","M_015",1,104,0.00961538461538462,-0.507114707018657
"Hylaeus variegatus","M_015",3,104,0.0288461538461538,-0.293871911807883
"Hylaeus variegatus","M_058",1,13,0.0769230769230769,-1.18474583480862
"Icteranthidium grohmanni","M_015",11,104,0.105769230769231,0.559099269035213
"Lasioglossum aegyptiellum","M_016",1,14,0.0714285714285714,-0.732496268003527
"Lasioglossum aeratum","M_015",2,104,0.0192307692307692,-0.40049330941327
"Lasioglossum albipes","M_056",3,20,0.15,-0.598560104571665
"Lasioglossum albocinctum","M_016",4,14,0.285714285714286,0.330025791078512
"Lasioglossum anellum","M_015",17,104,0.163461538461538,1.19882765466754
"Lasioglossum arctifrons","M_008",3,6,0.5,-0.240866929313949
"Lasioglossum brevicome","M_015",1,104,0.00961538461538462,-0.507114707018657
"Lasioglossum calceatum","M_006",1,10,0.1,-0.772807633514369
"Lasioglossum calceatum","M_049",1,11,0.0909090909090909,-1.1766968108291
"Lasioglossum calceatum","M_007",1,10,0.1,-0.568903074579574
"Lasioglossum callizonium","M_016",1,14,0.0714285714285714,-0.732496268003527
"Lasioglossum chalcodes","M_012",3,8,0.375,-0.222107998507545
"Lasioglossum chalcodes","M_008",1,6,0.166666666666667,-1.3970281900209
"Lasioglossum convexiusculum","M_015",1,104,0.00961538461538462,-0.507114707018657
"Lasioglossum crassepunctatum","M_015",1,104,0.00961538461538462,-0.507114707018657
"Lasioglossum cressonii","M_073",2,21,0.0952380952380952,-0.46613954048707
"Lasioglossum ephialtum","M_073",1,21,0.0476190476190476,-0.635644827936913
"Lasioglossum fratellum","M_047",5,13,0.384615384615385,0.887495382605181
"Lasioglossum fuscipenne","M_073",3,21,0.142857142857143,-0.296634253037226
"Lasioglossum gorkiense","M_055",1,6,0.166666666666667,-0.86066296582387
"Lasioglossum hitchensi","M_073",1,21,0.0476190476190476,-0.635644827936913
"Lasioglossum imitatum","M_073",2,21,0.0952380952380952,-0.46613954048707
"Lasioglossum immunitum","M_016",8,14,0.571428571428571,1.74672186985456
"Lasioglossum laticeps","M_015",3,104,0.0288461538461538,-0.293871911807883
"Lasioglossum leucopus","M_049",2,11,0.181818181818182,-0.882522608121828
"Lasioglossum leucopus","M_047",1,13,0.0769230769230769,-0.633925273289415
"Lasioglossum leucozonium","M_047",3,13,0.230769230769231,0.126785054657883
"Lasioglossum leucozonium","M_006",1,10,0.1,-0.772807633514369
"Lasioglossum leucozonium","M_015",1,104,0.00961538461538462,-0.507114707018657
"Lasioglossum limbelloides","M_015",10,104,0.0961538461538462,0.452477871429826
"Lasioglossum limbellum","M_015",1,104,0.00961538461538462,-0.507114707018657
"Lasioglossum lineare","M_015",16,104,0.153846153846154,1.09220625706215
"Lasioglossum littorale","M_016",7,14,0.5,1.39254785016055
"Lasioglossum loetum","M_012",3,8,0.375,-0.222107998507545
"Lasioglossum lucidulum","M_015",2,104,0.0192307692307692,-0.40049330941327
"Lasioglossum macoupinens","M_073",2,21,0.0952380952380952,-0.46613954048707
"Lasioglossum malachurum","M_015",38,104,0.365384615384615,3.43787700438066
"Lasioglossum marginatum","M_015",24,104,0.230769230769231,1.94517743790524
"Lasioglossum mediterraneum","M_015",6,104,0.0576923076923077,0.0259922810082784
"Lasioglossum mesosclerum","M_015",1,104,0.00961538461538462,-0.507114707018657
"Lasioglossum nigripes","M_015",1,104,0.00961538461538462,-0.507114707018657
"Lasioglossum nitidulum","M_015",2,104,0.0192307692307692,-0.40049330941327
"Lasioglossum oblongum","M_073",1,21,0.0476190476190476,-0.635644827936913
"Lasioglossum obscuratum","M_015",6,104,0.0576923076923077,0.0259922810082784
"Lasioglossum obscurum","M_073",6,21,0.285714285714286,0.211881609312304
"Lasioglossum occidens","M_057",18,37,0.486486486486487,0.365984532859304
"Lasioglossum occidens","M_021",8,25,0.32,0.024883630089672
"Lasioglossum occidens","M_054",19,23,0.826086956521739,1.52542553961938
"Lasioglossum occidens","M_053",1,15,0.0666666666666667,-1.18440516378678
"Lasioglossum pallens","M_016",1,14,0.0714285714285714,-0.732496268003527
"Lasioglossum pauxillum","M_015",9,104,0.0865384615384615,0.345856473824439
"Lasioglossum politum","M_015",6,104,0.0576923076923077,0.0259922810082784
"Lasioglossum prasinum","M_016",9,14,0.642857142857143,2.10089588954858
"Lasioglossum proximatum","M_054",1,23,0.0434782608695652,-0.970725343394151
"Lasioglossum proximatum","M_021",3,25,0.12,-0.597207122152127
"Lasioglossum proximatum","M_056",1,20,0.05,-0.869606189660721
"Lasioglossum punctatissimum","M_016",7,14,0.5,1.39254785016055
"Lasioglossum punctatissimum","M_047",6,13,0.461538461538462,1.26785054657883
"Lasioglossum quadrinotatum","M_049",4,11,0.363636363636364,-0.294174202707276
"Lasioglossum quadrinotatum","M_015",3,104,0.0288461538461538,-0.293871911807883
"Lasioglossum scitulum","M_054",2,23,0.0869565217391304,-0.832050294337844
"Lasioglossum scitulum","M_055",1,6,0.166666666666667,-0.86066296582387
"Lasioglossum sexmaculatum","M_047",1,13,0.0769230769230769,-0.633925273289415
"Lasioglossum sexstrigatum","M_021",2,25,0.08,-0.721625272600487
"Lasioglossum sexstrigatum","M_057",1,37,0.027027027027027,-1.01662370238696
"Lasioglossum sordidum","M_029",3,3,1,1.15470053837925
"Lasioglossum sordidum","M_028",10,10,1,1.66589952846444
"Lasioglossum sp K1","M_056",2,20,0.1,-0.734083147116193
"Lasioglossum sp K2","M_056",1,20,0.05,-0.869606189660721
"Lasioglossum subopacum","M_044",9,9,1,1.46077752164453
"Lasioglossum subviridatum","M_073",1,21,0.0476190476190476,-0.635644827936913
"Lasioglossum tegulare","M_073",2,21,0.0952380952380952,-0.46613954048707
"Lasioglossum transitorium","M_015",1,104,0.00961538461538462,-0.507114707018657
"Lasioglossum villosulum","M_007",1,10,0.1,-0.568903074579574
"Lasioglossum villosulum","M_015",6,104,0.0576923076923077,0.0259922810082784
"Lasioglossum villosulum","M_047",4,13,0.307692307692308,0.507140218631532
"Lasioglossum villosulum","M_016",1,14,0.0714285714285714,-0.732496268003527
"Lasioglossum villosulum","M_006",1,10,0.1,-0.772807633514369
"Lasioglossum viride","M_008",4,6,0.666666666666667,0.337213701039528
"Lasioglossum zonulum","M_015",2,104,0.0192307692307692,-0.40049330941327
"Lassioglossum fuscipenne","M_025",1,7,0.142857142857143,-0.960555147841153
"Liphanthus sabulosus","M_001",3,16,0.1875,-0.442990040571195
"Manuelia gayi","M_051",3,10,0.3,-0.745869853982892
"Manuelia postica","M_051",4,10,0.4,-0.406838102172486
"Megachile albisecta","M_015",6,104,0.0576923076923077,0.0259922810082784
"Megachile albocristata","M_015",4,104,0.0384615384615385,-0.187250514202496
"Megachile argentata","M_015",15,104,0.144230769230769,0.985584859456762
"Megachile argentata","M_016",3,14,0.214285714285714,-0.0241482286155009
"Megachile canariensis","M_008",5,6,0.833333333333333,0.915294331393006
"Megachile ericetorum","M_015",8,104,0.0769230769230769,0.239235076219052
"Megachile gemula albula","M_005",1,32,0.03125,-0.788135605883369
"Megachile giraudi","M_015",2,104,0.0192307692307692,-0.40049330941327
"Megachile hungarica","M_015",1,104,0.00961538461538462,-0.507114707018657
"Megachile leachella","M_016",1,14,0.0714285714285714,-0.732496268003527
"Megachile lefebvrei","M_015",3,104,0.0288461538461538,-0.293871911807883
"Megachile manicata","M_015",4,104,0.0384615384615385,-0.187250514202496
"Megachile maritima","M_016",3,14,0.214285714285714,-0.0241482286155009
"Megachile mendica","M_062",15,121,0.12396694214876,-0.331659007630587
"Megachile mendica","M_073",10,21,0.476190476190476,0.889902759111679
"Megachile montenegrensis","M_015",1,104,0.00961538461538462,-0.507114707018657
"Megachile parietina","M_015",11,104,0.105769230769231,0.559099269035213
"Megachile pugnata","M_005",5,32,0.15625,-0.350788680075257
"Megachile pyrenaica","M_015",2,104,0.0192307692307692,-0.40049330941327
"Megachile relativa","M_005",4,32,0.125,-0.460125411527285
"Megachile semirufa","M_001",16,16,1,2.37998570816681
"Megachile semirufa","M_002",4,8,0.5,0.397535929363011
"Megachile semirufa","M_003",1,7,0.142857142857143,-0.993399267798783
"Megachile sp","M_11.2",3,12,0.25,-0.707106781186548
"Megachile sp1","M_001",13,16,0.8125,1.72852976615035
"Megachile sp1","M_002",4,8,0.5,0.397535929363011
"Megachile sp2","M_001",6,16,0.375,0.208465901445268
"Megachile sp2","M_002",1,8,0.125,-0.886810919348256
"Megachile sp4","M_002",1,8,0.125,-0.886810919348256
"Megachile sp5","M_002",3,8,0.375,-0.0305796868740779
"Megachile sp5","M_003",3,7,0.428571428571429,-0.198679853559757
"Megachile texana","M_005",2,32,0.0625,-0.678798874431341
"Megachile versicolor","M_047",1,13,0.0769230769230769,-0.633925273289415
"Megachile willughbiella","M_006",1,10,0.1,-0.772807633514369
"Melecta albifrons","M_015",2,104,0.0192307692307692,-0.40049330941327
"Melecta curvispina","M_008",3,6,0.5,-0.240866929313949
"Melecta tuberculata","M_015",4,104,0.0384615384615385,-0.187250514202496
"Melipona quadrifasciata","M_076",1,33,0.0303030303030303,-0.638063227222696
"Melissodes agilis","M_062",50,121,0.413223140495868,0.70400480801883
"Melissodes coreopsis","M_062",3,121,0.0247933884297521,-0.686743744424673
"Nomada babiyi","M_015",1,104,0.00961538461538462,-0.507114707018657
"Nomada basalis","M_015",8,104,0.0769230769230769,0.239235076219052
"Nomada calimorpha","M_015",1,104,0.00961538461538462,-0.507114707018657
"Nomada corcyraea","M_015",1,104,0.00961538461538462,-0.507114707018657
"Nomada distinguenda","M_015",1,104,0.00961538461538462,-0.507114707018657
"Nomada eos","M_015",3,104,0.0288461538461538,-0.293871911807883
"Nomada erythrocephala","M_015",1,104,0.00961538461538462,-0.507114707018657
"Nomada femoralis","M_015",9,104,0.0865384615384615,0.345856473824439
"Nomada flava","M_047",1,13,0.0769230769230769,-0.633925273289415
"Nomada fucata","M_015",4,104,0.0384615384615385,-0.187250514202496
"Nomada imperialis","M_015",2,104,0.0192307692307692,-0.40049330941327
"Nomada lucidula","M_015",7,104,0.0673076923076923,0.132613678613665
"Nomada mavromoustakisi","M_015",1,104,0.00961538461538462,-0.507114707018657
"Nomada mutabilis","M_016",1,14,0.0714285714285714,-0.732496268003527
"Nomada nobilis","M_015",5,104,0.0480769230769231,-0.0806291165971086
"Nomada panzeri","M_047",2,13,0.153846153846154,-0.253570109315766
"Nomada propinqua","M_015",8,104,0.0769230769230769,0.239235076219052
"Nomada rubricollis","M_015",3,104,0.0288461538461538,-0.293871911807883
"Nomada ruficornis","M_047",1,13,0.0769230769230769,-0.633925273289415
"Nomada rufipes","M_047",1,13,0.0769230769230769,-0.633925273289415
"Nomada trispinosa","M_015",2,104,0.0192307692307692,-0.40049330941327
"Nomioides facilis","M_015",3,104,0.0288461538461538,-0.293871911807883
"Osmia andrenoides","M_015",5,104,0.0480769230769231,-0.0806291165971086
"Osmia apicata","M_015",1,104,0.00961538461538462,-0.507114707018657
"Osmia atriventris","M_062",13,121,0.107438016528926,-0.390839797096268
"Osmia atriventris","M_025",2,7,0.285714285714286,-0.506959661360609
"Osmia aurulenta","M_015",24,104,0.230769230769231,1.94517743790524
"Osmia bidentata","M_015",1,104,0.00961538461538462,-0.507114707018657
"Osmia bruneri","M_005",7,32,0.21875,-0.132115217171201
"Osmia caerulescens","M_015",1,104,0.00961538461538462,-0.507114707018657
"Osmia cephalotes","M_015",1,104,0.00961538461538462,-0.507114707018657
"Osmia collinsiae","M_062",3,121,0.0247933884297521,-0.686743744424673
"Osmia latreillei","M_015",2,104,0.0192307692307692,-0.40049330941327
"Osmia lignaria","M_025",3,7,0.428571428571429,-0.0533641748800641
"Osmia lignaria","M_004",1,8,0.125,-0.488071100869251
"Osmia melanogaster","M_015",6,104,0.0576923076923077,0.0259922810082784
"Osmia moreensis","M_015",1,104,0.00961538461538462,-0.507114707018657
"Osmia mustelina","M_015",1,104,0.00961538461538462,-0.507114707018657
"Osmia nana","M_015",1,104,0.00961538461538462,-0.507114707018657
"Osmia nigrifrons","M_005",2,32,0.0625,-0.678798874431341
"Osmia pentstemonis","M_005",5,32,0.15625,-0.350788680075257
"Osmia proxima","M_004",2,8,0.25,0.0406725917391042
"Osmia pumila","M_004",1,8,0.125,-0.488071100869251
"Osmia pusilla","M_005",1,32,0.03125,-0.788135605883369
"Osmia scutellaris","M_015",1,104,0.00961538461538462,-0.507114707018657
"Osmia signata","M_015",3,104,0.0288461538461538,-0.293871911807883
"Osmia simillima","M_025",1,7,0.142857142857143,-0.960555147841153
"Osmia spinigera","M_015",2,104,0.0192307692307692,-0.40049330941327
"Osmia subcornuta","M_015",1,104,0.00961538461538462,-0.507114707018657
"Osmia versicolor","M_015",6,104,0.0576923076923077,0.0259922810082784
"Osmia viridana","M_015",1,104,0.00961538461538462,-0.507114707018657
"Peponapis pruinosa","M_062",8,121,0.0661157024793388,-0.538791770760471
"Pseudoanthidium alpinum","M_015",1,104,0.00961538461538462,-0.507114707018657
"Pseudoanthidium nanum","M_015",1,104,0.00961538461538462,-0.507114707018657
"Pyrobombus impatiens","M_033",7,11,0.636363636363636,0.345584966917445
"Pyrobombus ternarius","M_033",11,11,1,1.92540195854005
"Rhodanthidium caturigense","M_015",2,104,0.0192307692307692,-0.40049330941327
"Rhodanthidium septemdentatum","M_015",33,104,0.317307692307692,2.90477001635373
"Rhodanthidium sticticum","M_058",10,13,0.769230769230769,0.832524100135788
"Rophites algirus","M_015",3,104,0.0288461538461538,-0.293871911807883
"Rophites quinquespinosus","M_015",2,104,0.0192307692307692,-0.40049330941327
"Ruizantheda mutabilis","M_051",6,10,0.6,0.271225401448324
"Ruizantheda mutabilis","M_001",2,16,0.125,-0.660142021243349
"Seladonia cephalica","M_015",6,104,0.0576923076923077,0.0259922810082784
"Seladonia confusa","M_047",1,13,0.0769230769230769,-0.633925273289415
"Seladonia confusa","M_032",1,6,0.166666666666667,-1.03887107575156
"Seladonia confusa","M_004",1,8,0.125,-0.488071100869251
"Seladonia confusa","M_073",2,21,0.0952380952380952,-0.46613954048707
"Seladonia gemmea","M_015",10,104,0.0961538461538462,0.452477871429826
"Seladonia gemmea","M_058",7,13,0.538461538461538,0.160100788487652
"Seladonia gemmea","M_016",1,14,0.0714285714285714,-0.732496268003527
"Seladonia smaragdula","M_015",18,104,0.173076923076923,1.30544905227292
"Seladonia smaragdula","M_016",1,14,0.0714285714285714,-0.732496268003527
"Sphecodes ephippius","M_047",1,13,0.0769230769230769,-0.633925273289415
"Sphecodes ephippius","M_015",3,104,0.0288461538461538,-0.293871911807883
"Sphecodes geoffrellus","M_047",1,13,0.0769230769230769,-0.633925273289415
"Sphecodes hirtellus","M_016",1,14,0.0714285714285714,-0.732496268003527
"Sphecodes marginatus","M_050",6,7,0.857142857142857,1.15549332977946
"Sphecodes marginatus","M_039",1,13,0.0769230769230769,-1.04787366399117
"Sphecodes marginatus","M_012",1,8,0.125,-0.999485993283954
"Sphecodes pellucidus","M_016",1,14,0.0714285714285714,-0.732496268003527
"Sphecodes pellucidus","M_047",1,13,0.0769230769230769,-0.633925273289415
"Sphecodes ruficrus","M_012",1,8,0.125,-0.999485993283954
"Stelis punctulatissima","M_015",1,104,0.00961538461538462,-0.507114707018657
"Stelis signata","M_016",2,14,0.142857142857143,-0.378322248309514
"Systropha planidens","M_015",1,104,0.00961538461538462,-0.507114707018657
"Thyreus histrionicus","M_012",3,8,0.375,-0.222107998507545
"Thyreus ramosus","M_015",6,104,0.0576923076923077,0.0259922810082784
"Thyreus truncatus","M_015",1,104,0.00961538461538462,-0.507114707018657
"Trigona fulviventris","M_077",7,7,1,1.3
"Trigona spinipes","M_076",12,33,0.363636363636364,0.239273710208511
"Xylocopa cantabrita","M_016",7,14,0.5,1.39254785016055
"Xylocopa grisescens","M_059",1,13,0.0769230769230769,-1.26491106406735
"Xylocopa iris","M_015",8,104,0.0769230769230769,0.239235076219052
"Xylocopa violacea","M_015",5,104,0.0480769230769231,-0.0806291165971086
"Xylocopa violacea","M_016",1,14,0.0714285714285714,-0.732496268003527
"Xylocopa virginica virginica","M_025",6,7,0.857142857142857,1.30742228456157
