"especie","ID","Grado","Grado_max","Grado_relativo","Z_Grado"
"Agapostemon.coloradensis","M_005",2,37,0.0540540540540541,-0.530165987532283
"Agapostemon.splendens","M_005",4,37,0.108108108108108,-0.258285993925984
"Agapostemon.splendens","M_062",1,121,0.00826446280991736,-0.70653148633059
"Agapostemon.texanus","M_062",121,121,1,4.80121606008558
"Agapostemon.virescens","M_073",1,21,0.0476190476190476,-0.560388495410006
"Alloscirtetica.antarctica","M_022",1,3,0.333333333333333,-0.707106781186547
"Alloscirtetica.gayi","M_001",2,16,0.125,-0.487248237697406
"Alloscirtetica.herbsti","M_023",1,4,0.25,-0.833476259898716
"Alloscirtetica.rufitarsis","M_001",3,16,0.1875,-0.248807610739101
"Alloscirtetica.rufitarsis","M_002",1,8,0.125,-0.795637219597602
"Amegilla.albigena","M_015",14,104,0.134615384615385,0.976630087288693
"Amegilla.canifrons","M_039",5,13,0.384615384615385,-0.199455357868471
"Amegilla.canifrons","M_050",2,8,0.25,-0.763762615825973
"Amegilla.dulcifera.subflavescens","M_044",8,21,0.380952380952381,0.583746015446003
"Amegilla.fasciata","M_016",4,14,0.285714285714286,0.404384729131718
"Amegilla.femorata","M_058",4,13,0.307692307692308,-0.478067812690878
"Amegilla.quadrifasciata","M_015",7,104,0.0673076923076923,0.174296737207681
"Amegilla.quadrifasciata","M_050",3,8,0.375,-0.381881307912987
"Amegilla.quadrifasciata","M_039",3,13,0.230769230769231,-0.64822991307253
"Amegilla.quadrifasciata","M_016",2,14,0.142857142857143,-0.3294986681814
"Amegilla.walshii","M_062",23,121,0.190082644628099,0.303222230512374
"Ammobates.oraniensis","M_015",2,104,0.0192307692307692,-0.398798512850184
"Andrena.aburana","M_056",1,22,0.0454545454545455,-0.730844233103581
"Andrena.aburana","M_057",1,37,0.027027027027027,-0.565502610273691
"Andrena.akitsushimae","M_057",2,37,0.0540540540540541,-0.442799213704871
"Andrena.akitsushimae","M_021",2,25,0.08,-0.405154568376667
"Andrena.alfkenella","M_015",2,104,0.0192307692307692,-0.398798512850184
"Andrena.alleghaniensis","M_033",3,11,0.272727272727273,-1.30328677981716
"Andrena.amamiensis","M_044",2,21,0.0952380952380952,-0.501528266791637
"Andrena.apacheorum","M_005",2,37,0.0540540540540541,-0.530165987532283
"Andrena.arabis","M_062",4,121,0.0330578512396694,-0.568837797670186
"Andrena.arabis","M_025",1,7,0.142857142857143,-1.05740498359024
"Andrena.assimilis","M_016",1,14,0.0714285714285714,-0.696440366837959
"Andrena.athenensis","M_015",1,104,0.00961538461538462,-0.513417562861757
"Andrena.balcanica","M_015",4,104,0.0384615384615385,-0.169560412827038
"Andrena.banksi","M_073",1,21,0.0476190476190476,-0.560388495410006
"Andrena.barbilabris","M_047",1,13,0.0769230769230769,-0.633925273289415
"Andrena.benefica","M_021",1,25,0.04,-0.576679860098175
"Andrena.benefica","M_054",1,24,0.0416666666666667,-0.593486613708003
"Andrena.benefica","M_053",1,15,0.0666666666666667,-0.667699814750755
"Andrena.bicolor","M_015",3,104,0.0288461538461538,-0.284179462838611
"Andrena.bicolor","M_016",1,14,0.0714285714285714,-0.696440366837959
"Andrena.bicolorata","M_015",1,104,0.00961538461538462,-0.513417562861757
"Andrena.bimaculata","M_016",1,14,0.0714285714285714,-0.696440366837959
"Andrena.braccata","M_005",1,37,0.027027027027027,-0.666105984335433
"Andrena.bradleyi","M_033",5,11,0.454545454545455,-0.394016933433096
"Andrena.brassicae","M_057",1,37,0.027027027027027,-0.565502610273691
"Andrena.brassicae","M_054",1,24,0.0416666666666667,-0.593486613708003
"Andrena.brenihirtiscopa","M_056",1,22,0.0454545454545455,-0.730844233103581
"Andrena.brevihirtiscopa","M_021",3,25,0.12,-0.233629276655158
"Andrena.canadensis","M_005",2,37,0.0540540540540541,-0.530165987532283
"Andrena.caneae","M_015",6,104,0.0576923076923077,0.0596776871961083
"Andrena.carbonaria","M_015",8,104,0.0769230769230769,0.288915787219254
"Andrena.carlini","M_033",5,11,0.454545454545455,-0.394016933433096
"Andrena.carlini","M_062",59,121,0.487603305785124,1.95554649443722
"Andrena.carlini","M_025",7,7,1,1.78338452456265
"Andrena.carlini","M_032",4,6,0.666666666666667,1.38169855941551
"Andrena.carolina","M_033",4,11,0.363636363636364,-0.84865185662513
"Andrena.ceanothi","M_025",1,7,0.142857142857143,-1.05740498359024
"Andrena.chrysosceles","M_007",1,10,0.1,-0.568903074579574
"Andrena.cinereophila","M_015",1,104,0.00961538461538462,-0.513417562861757
"Andrena.clarkella","M_047",2,13,0.153846153846154,-0.253570109315766
"Andrena.clypeata","M_015",6,104,0.0576923076923077,0.0596776871961083
"Andrena.combaella","M_015",1,104,0.00961538461538462,-0.513417562861757
"Andrena.concinna","M_015",3,104,0.0288461538461538,-0.284179462838611
"Andrena.confederata","M_073",1,21,0.0476190476190476,-0.560388495410006
"Andrena.crassana","M_015",4,104,0.0384615384615385,-0.169560412827038
"Andrena.crataegi","M_005",9,37,0.243243243243243,0.421413990089763
"Andrena.cressoni","M_032",2,6,0.333333333333333,0
"Andrena.dentata","M_057",3,37,0.0810810810810811,-0.320095817136051
"Andrena.dentata","M_021",2,25,0.08,-0.405154568376667
"Andrena.dentata","M_053",3,15,0.2,-0.130636920277322
"Andrena.distinguenda","M_015",4,104,0.0384615384615385,-0.169560412827038
"Andrena.dunningi","M_025",1,7,0.142857142857143,-1.05740498359024
"Andrena.edashigei","M_044",3,21,0.142857142857143,-0.32064921975203
"Andrena.edwiniae","M_005",2,37,0.0540540540540541,-0.530165987532283
"Andrena.erigeniae","M_025",4,7,0.571428571428571,0.362989770486203
"Andrena.erythrogastra","M_062",19,121,0.15702479338843,0.119630645631835
"Andrena.erythronii","M_032",1,6,0.166666666666667,-0.690849279707757
"Andrena.esakki","M_044",1,21,0.0476190476190476,-0.682407313831243
"Andrena.flavipes","M_015",16,104,0.153846153846154,1.20586818731184
"Andrena.forbesii","M_032",3,6,0.5,0.690849279707757
"Andrena.fulva","M_047",3,13,0.230769230769231,0.126785054657883
"Andrena.fulvitarsis","M_015",1,104,0.00961538461538462,-0.513417562861757
"Andrena.fuscipes","M_047",1,13,0.0769230769230769,-0.633925273289415
"Andrena.gallinula","M_015",1,104,0.00961538461538462,-0.513417562861757
"Andrena.gardineri","M_005",1,37,0.027027027027027,-0.666105984335433
"Andrena.geranii","M_062",5,121,0.0413223140495868,-0.522939901450051
"Andrena.grossella","M_015",3,104,0.0288461538461538,-0.284179462838611
"Andrena.haemorrhoa","M_006",3,10,0.3,-0.174504949503245
"Andrena.haemorrhoa","M_047",5,13,0.384615384615385,0.887495382605181
"Andrena.haemorrhoa.japonibia","M_021",1,25,0.04,-0.576679860098175
"Andrena.halictoides","M_021",1,25,0.04,-0.576679860098175
"Andrena.halictoides","M_057",4,37,0.108108108108108,-0.197392420567232
"Andrena.halictoides","M_053",1,15,0.0666666666666667,-0.667699814750755
"Andrena.hattorfiana","M_015",1,104,0.00961538461538462,-0.513417562861757
"Andrena.hebes","M_057",2,37,0.0540540540540541,-0.442799213704871
"Andrena.hesperia","M_015",7,104,0.0673076923076923,0.174296737207681
"Andrena.hikosana","M_053",1,15,0.0666666666666667,-0.667699814750755
"Andrena.hikosana","M_021",6,25,0.24,0.280946598509368
"Andrena.hikosana","M_057",1,37,0.027027027027027,-0.565502610273691
"Andrena.hilaris","M_073",1,21,0.0476190476190476,-0.560388495410006
"Andrena.hirashimai","M_044",1,21,0.0476190476190476,-0.682407313831243
"Andrena.hispania","M_016",4,14,0.285714285714286,0.404384729131718
"Andrena.humilis","M_015",19,104,0.182692307692308,1.54972533734656
"Andrena.hyemala","M_015",1,104,0.00961538461538462,-0.513417562861757
"Andrena.illinoensis","M_062",6,121,0.0495867768595041,-0.477042005229917
"Andrena.imatrix","M_025",1,7,0.142857142857143,-1.05740498359024
"Andrena.imitatrix","M_005",1,37,0.027027027027027,-0.666105984335433
"Andrena.imitatrix","M_073",1,21,0.0476190476190476,-0.560388495410006
"Andrena.impunctata","M_015",1,104,0.00961538461538462,-0.513417562861757
"Andrena.irgeniae","M_032",4,6,0.666666666666667,1.38169855941551
"Andrena.ishiharai","M_057",1,37,0.027027027027027,-0.565502610273691
"Andrena.ishiharai","M_021",1,25,0.04,-0.576679860098175
"Andrena.japonica","M_054",2,24,0.0833333333333333,-0.404805898367309
"Andrena.japonicum","M_055",1,12,0.0833333333333333,-0.736271454932668
"Andrena.kaguya","M_057",6,37,0.162162162162162,0.0480143725704077
"Andrena.kaguya","M_021",1,25,0.04,-0.576679860098175
"Andrena.kaguya","M_053",2,15,0.133333333333333,-0.399168367514038
"Andrena.Knuthi","M_053",3,15,0.2,-0.130636920277322
"Andrena.Knuthi","M_055",3,12,0.25,-0.0460169659332917
"Andrena.Knuthi","M_021",1,25,0.04,-0.576679860098175
"Andrena.Knuthi","M_054",3,24,0.125,-0.216125183026614
"Andrena.Knuthi","M_044",2,21,0.0952380952380952,-0.501528266791637
"Andrena.komachi","M_053",3,15,0.2,-0.130636920277322
"Andrena.komachi","M_054",1,24,0.0416666666666667,-0.593486613708003
"Andrena.komachi","M_021",3,25,0.12,-0.233629276655158
"Andrena.kriechbaumeri","M_015",3,104,0.0288461538461538,-0.284179462838611
"Andrena.lamiana","M_015",6,104,0.0576923076923077,0.0596776871961083
"Andrena.lapponica","M_047",2,13,0.153846153846154,-0.253570109315766
"Andrena.lapponica","M_056",3,22,0.136363636363636,-0.43632491528572
"Andrena.lewisi","M_005",1,37,0.027027027027027,-0.666105984335433
"Andrena.longitibialis","M_053",4,15,0.266666666666667,0.137894526959395
"Andrena.longitibialis","M_021",1,25,0.04,-0.576679860098175
"Andrena.longitibialis","M_056",1,22,0.0454545454545455,-0.730844233103581
"Andrena.macoupinensis","M_062",4,121,0.0330578512396694,-0.568837797670186
"Andrena.madronitens","M_005",14,37,0.378378378378378,1.10111397410551
"Andrena.mandibularis","M_062",9,121,0.0743801652892562,-0.339348316569512
"Andrena.mandibularis","M_033",6,11,0.545454545454545,0.0606179897589381
"Andrena.mansonii","M_032",3,6,0.5,0.690849279707757
"Andrena.melanochroa","M_004",1,8,0.125,-0.586009038673119
"Andrena.mikado","M_053",4,15,0.266666666666667,0.137894526959395
"Andrena.minutula","M_021",4,25,0.16,-0.0621039849336496
"Andrena.minutula","M_057",11,37,0.297297297297297,0.661531355414506
"Andrena.minutula","M_053",2,15,0.133333333333333,-0.399168367514038
"Andrena.miranda","M_004",2,8,0.25,0.0703210846407744
"Andrena.miserabilis","M_032",2,6,0.333333333333333,0
"Andrena.mitakensis","M_057",1,37,0.027027027027027,-0.565502610273691
"Andrena.miyamotoi","M_057",1,37,0.027027027027027,-0.565502610273691
"Andrena.miyamotoi","M_021",1,25,0.04,-0.576679860098175
"Andrena.mocsaryi","M_015",12,104,0.115384615384615,0.747391987265547
"Andrena.mucronata","M_015",6,104,0.0576923076923077,0.0596776871961083
"Andrena.munutula","M_055",1,12,0.0833333333333333,-0.736271454932668
"Andrena.nana","M_015",1,104,0.00961538461538462,-0.513417562861757
"Andrena.nasonii","M_025",3,7,0.428571428571429,-0.110475147539279
"Andrena.nawai","M_057",1,37,0.027027027027027,-0.565502610273691
"Andrena.nigrae","M_062",5,121,0.0413223140495868,-0.522939901450051
"Andrena.nigrihirta","M_025",6,7,0.857142857142857,1.30991960653717
"Andrena.nigroaenea","M_015",6,104,0.0576923076923077,0.0596776871961083
"Andrena.nigroaenea","M_016",2,14,0.142857142857143,-0.3294986681814
"Andrena.nigroaenea","M_047",3,13,0.230769230769231,0.126785054657883
"Andrena.nivalis","M_004",2,8,0.25,0.0703210846407744
"Andrena.nobilis","M_015",2,104,0.0192307692307692,-0.398798512850184
"Andrena.nothoscordi","M_062",10,121,0.0826446280991736,-0.293450420349378
"Andrena.nubecula","M_062",1,121,0.00826446280991736,-0.70653148633059
"Andrena.okabei","M_053",1,15,0.0666666666666667,-0.667699814750755
"Andrena.oligolege","M_062",1,121,0.00826446280991736,-0.70653148633059
"Andrena.omogensis","M_021",1,25,0.04,-0.576679860098175
"Andrena.opacifovea","M_044",2,21,0.0952380952380952,-0.501528266791637
"Andrena.opacifovea.opacifovea","M_054",4,24,0.166666666666667,-0.0274444676859192
"Andrena.opacifovea.opacifovea","M_057",1,37,0.027027027027027,-0.565502610273691
"Andrena.opacifovea.opacifovea","M_021",2,25,0.08,-0.405154568376667
"Andrena.optata","M_015",2,104,0.0192307692307692,-0.398798512850184
"Andrena.oralis","M_015",2,104,0.0192307692307692,-0.398798512850184
"Andrena.orientata","M_015",1,104,0.00961538461538462,-0.513417562861757
"Andrena.osyychniuki","M_015",5,104,0.0480769230769231,-0.0549413628154647
"Andrena.panurgimorpha","M_015",1,104,0.00961538461538462,-0.513417562861757
"Andrena.panurgina","M_015",1,104,0.00961538461538462,-0.513417562861757
"Andrena.parathoracica","M_057",1,37,0.027027027027027,-0.565502610273691
"Andrena.parathoracina","M_056",1,22,0.0454545454545455,-0.730844233103581
"Andrena.perplexa","M_073",1,21,0.0476190476190476,-0.560388495410006
"Andrena.personata","M_032",1,6,0.166666666666667,-0.690849279707757
"Andrena.personata","M_025",1,7,0.142857142857143,-1.05740498359024
"Andrena.personata","M_062",3,121,0.0247933884297521,-0.614735693890321
"Andrena.placida","M_005",1,37,0.027027027027027,-0.666105984335433
"Andrena.platyparia","M_062",1,121,0.00826446280991736,-0.70653148633059
"Andrena.prostomias","M_053",1,15,0.0666666666666667,-0.667699814750755
"Andrena.protomias","M_054",4,24,0.166666666666667,-0.0274444676859192
"Andrena.protomias","M_057",1,37,0.027027027027027,-0.565502610273691
"Andrena.pruni","M_062",83,121,0.685950413223141,3.05709600372046
"Andrena.prunorum","M_005",4,37,0.108108108108108,-0.258285993925984
"Andrena.pubescens","M_006",2,10,0.2,-0.473656291508807
"Andrena.pubescens","M_007",1,10,0.1,-0.568903074579574
"Andrena.regularis","M_033",7,11,0.636363636363636,0.515252912950972
"Andrena.rufosignata","M_004",1,8,0.125,-0.586009038673119
"Andrena.rugosa","M_032",3,6,0.5,0.690849279707757
"Andrena.rugothorace","M_015",17,104,0.163461538461538,1.32048723732341
"Andrena.salicacea","M_062",27,121,0.223140495867769,0.486813815392913
"Andrena.salicis","M_062",9,121,0.0743801652892562,-0.339348316569512
"Andrena.sayi","M_062",2,121,0.0165289256198347,-0.660633590110455
"Andrena.schmiedeknechti","M_015",6,104,0.0576923076923077,0.0596776871961083
"Andrena.schulzi","M_015",13,104,0.125,0.86201103727712
"Andrena.scita","M_015",1,104,0.00961538461538462,-0.513417562861757
"Andrena.sigmundi","M_004",1,8,0.125,-0.586009038673119
"Andrena.simontornyella","M_015",2,104,0.0192307692307692,-0.398798512850184
"Andrena.spiraeana","M_062",71,121,0.586776859504132,2.50632124907884
"Andrena.spiraeana","M_073",1,21,0.0476190476190476,-0.560388495410006
"Andrena.squalida","M_016",2,14,0.142857142857143,-0.3294986681814
"Andrena.stellaria","M_021",2,25,0.08,-0.405154568376667
"Andrena.sublevigata","M_057",1,37,0.027027027027027,-0.565502610273691
"Andrena.sublevigata","M_021",1,25,0.04,-0.576679860098175
"Andrena.subopaca","M_057",1,37,0.027027027027027,-0.565502610273691
"Andrena.taraxaci","M_053",2,15,0.133333333333333,-0.399168367514038
"Andrena.taraxaci","M_015",1,104,0.00961538461538462,-0.513417562861757
"Andrena.tarsata","M_047",1,13,0.0769230769230769,-0.633925273289415
"Andrena.thaspii","M_004",1,8,0.125,-0.586009038673119
"Andrena.thomsoni","M_015",1,104,0.00961538461538462,-0.513417562861757
"Andrena.togashii","M_056",2,22,0.0909090909090909,-0.58358457419465
"Andrena.tomora","M_015",2,104,0.0192307692307692,-0.398798512850184
"Andrena.tridens","M_025",5,7,0.714285714285714,0.836454688511684
"Andrena.tridens","M_062",4,121,0.0330578512396694,-0.568837797670186
"Andrena.trucatilabris","M_015",4,104,0.0384615384615385,-0.169560412827038
"Andrena.tsukubana","M_021",1,25,0.04,-0.576679860098175
"Andrena.tsukubana","M_057",1,37,0.027027027027027,-0.565502610273691
"Andrena.ventricosa","M_015",4,104,0.0384615384615385,-0.169560412827038
"Andrena.vicina","M_005",10,37,0.27027027027027,0.557353986892913
"Andrena.vicina","M_073",1,21,0.0476190476190476,-0.560388495410006
"Andrena.vicina","M_033",8,11,0.727272727272727,0.969887836143006
"Andrena.violae","M_025",1,7,0.142857142857143,-1.05740498359024
"Andrena.vucana","M_039",1,13,0.0769230769230769,-1.09700446827659
"Andrena.w.scripta","M_004",2,8,0.25,0.0703210846407744
"Andrena.washingtoni","M_005",2,37,0.0540540540540541,-0.530165987532283
"Andrena.watasei","M_057",3,37,0.0810810810810811,-0.320095817136051
"Andrena.watasei","M_053",4,15,0.266666666666667,0.137894526959395
"Andrena.westensis","M_015",8,104,0.0769230769230769,0.288915787219254
"Andrena.wheeleri","M_004",1,8,0.125,-0.586009038673119
"Andrena.wilkella","M_006",5,10,0.5,0.42379773450788
"Andrena.wilkella","M_004",1,8,0.125,-0.586009038673119
"Andrena.wilkella","M_047",1,13,0.0769230769230769,-0.633925273289415
"Andrena.wollestoni","M_008",2,6,0.333333333333333,-0.773717943298663
"Andrena.yamamoto","M_021",6,25,0.24,0.280946598509368
"Andrena.yamamotoi","M_054",2,24,0.0833333333333333,-0.404805898367309
"Andrena.yamamotoi","M_057",1,37,0.027027027027027,-0.565502610273691
"Andrena.yamato","M_056",1,22,0.0454545454545455,-0.730844233103581
"Andrena.ziziaeformis","M_025",2,7,0.285714285714286,-0.583940065564761
"Anthidiellum.strigatum","M_016",2,14,0.142857142857143,-0.3294986681814
"Anthidiellum.strigatum.luteum","M_015",18,104,0.173076923076923,1.43510628733499
"Anthidium.adriani","M_001",1,16,0.0625,-0.725688864655712
"Anthidium.chilensis","M_001",8,16,0.5,0.943395524052425
"Anthidium.chubuti","M_022",3,3,1,0.707106781186547
"Anthidium.cognatum","M_062",15,121,0.12396694214876,-0.0639609392487039
"Anthidium.dalmaticum","M_015",1,104,0.00961538461538462,-0.513417562861757
"Anthidium.decaspilum","M_001",4,16,0.25,-0.0103669837807959
"Anthidium.florentinum","M_015",7,104,0.0673076923076923,0.174296737207681
"Anthidium.funereum","M_001",7,16,0.4375,0.70495489709412
"Anthidium.funereum","M_002",3,8,0.375,0.0530424813065068
"Anthidium.gayi","M_001",5,16,0.3125,0.228073643177509
"Anthidium.manicatum","M_008",1,6,0.166666666666667,-1.35400640077266
"Anthidium.manicatum","M_015",1,104,0.00961538461538462,-0.513417562861757
"Anthidium.rubriceps","M_023",1,4,0.25,-0.833476259898716
"Anthidium.septemspinosum","M_054",3,24,0.125,-0.216125183026614
"Anthidium.sticticum","M_058",10,13,0.769230769230769,1.04050053350367
"Anthidium.taeniatum","M_015",2,104,0.0192307692307692,-0.398798512850184
"Anthidium.tenuiflorae","M_005",1,37,0.027027027027027,-0.666105984335433
"Anthidium.undulatum","M_015",1,104,0.00961538461538462,-0.513417562861757
"Anthocopa.andrenoides","M_015",5,104,0.0480769230769231,-0.0549413628154647
"Anthocopa.bidentata","M_015",1,104,0.00961538461538462,-0.513417562861757
"Anthocopa.bisulca","M_015",3,104,0.0288461538461538,-0.284179462838611
"Anthocopa.obtusa","M_015",4,104,0.0384615384615385,-0.169560412827038
"Anthocopa.papaveris","M_015",1,104,0.00961538461538462,-0.513417562861757
"Anthocopa.perezi","M_015",1,104,0.00961538461538462,-0.513417562861757
"Anthocopa.scutellaris","M_015",1,104,0.00961538461538462,-0.513417562861757
"Anthocopa.spinigera","M_015",2,104,0.0192307692307692,-0.398798512850184
"Anthocopa.yermasoyiae.corcyraea","M_015",2,104,0.0192307692307692,-0.398798512850184
"Anthophora.abrupta","M_073",1,21,0.0476190476190476,-0.560388495410006
"Anthophora.acervorum","M_016",1,14,0.0714285714285714,-0.696440366837959
"Anthophora.agama","M_015",5,104,0.0480769230769231,-0.0549413628154647
"Anthophora.alluardii","M_039",6,13,0.461538461538462,0.0249319197335588
"Anthophora.alluardii","M_050",1,8,0.125,-1.14564392373896
"Anthophora.alluaudi","M_008",6,6,1,1.54743588659733
"Anthophora.alluaudi","M_012",8,14,0.571428571428571,0.711923473722732
"Anthophora.atroalba","M_015",8,104,0.0769230769230769,0.288915787219254
"Anthophora.bomboides","M_005",1,37,0.027027027027027,-0.666105984335433
"Anthophora.canescens","M_015",2,104,0.0192307692307692,-0.398798512850184
"Anthophora.dispar","M_016",2,14,0.142857142857143,-0.3294986681814
"Anthophora.dufouri","M_015",4,104,0.0384615384615385,-0.169560412827038
"Anthophora.garrula","M_015",1,104,0.00961538461538462,-0.513417562861757
"Anthophora.incerta","M_001",3,16,0.1875,-0.248807610739101
"Anthophora.magnilabris","M_015",1,104,0.00961538461538462,-0.513417562861757
"Anthophora.neomexicana","M_005",1,37,0.027027027027027,-0.666105984335433
"Anthophora.nigrocincta","M_015",4,104,0.0384615384615385,-0.169560412827038
"Anthophora.occidentalis","M_005",1,37,0.027027027027027,-0.666105984335433
"Anthophora.ochroleuca","M_015",2,104,0.0192307692307692,-0.398798512850184
"Anthophora.orotavae","M_039",5,13,0.384615384615385,-0.199455357868471
"Anthophora.orotavae","M_050",3,8,0.375,-0.381881307912987
"Anthophora.pilipes","M_015",5,104,0.0480769230769231,-0.0549413628154647
"Anthophora.pilipes.villosula","M_054",3,24,0.125,-0.216125183026614
"Anthophora.pilipes.villosula","M_057",1,37,0.027027027027027,-0.565502610273691
"Anthophora.plumipes","M_007",1,10,0.1,-0.568903074579574
"Anthophora.retusa","M_015",1,104,0.00961538461538462,-0.513417562861757
"Anthophora.rubricrus","M_015",16,104,0.153846153846154,1.20586818731184
"Anthophora.simillima","M_005",11,37,0.297297297297297,0.693293983696063
"Anthophora.smithi","M_005",3,37,0.0810810810810811,-0.394225990729134
"Anthophora.ursina","M_062",1,121,0.00826446280991736,-0.70653148633059
"Apis.cerana","M_055",6,12,0.5,0.989364767565772
"Apis.cerana","M_021",11,25,0.44,1.13857305711691
"Apis.cerana","M_053",2,15,0.133333333333333,-0.399168367514038
"Apis.cerana","M_044",3,21,0.142857142857143,-0.32064921975203
"Apis.cerana.japonica","M_054",23,24,0.958333333333333,3.55748912378728
"Apis.cerana.japonica","M_057",17,37,0.459459459459459,1.39775173482742
"Apis.mellifera","M_055",3,12,0.25,-0.0460169659332917
"Apis.mellifera","M_005",22,37,0.594594594594595,2.18863394853071
"Apis.mellifera","M_015",104,104,1,11.2923445883303
"Apis.mellifera","M_053",11,15,0.733333333333333,2.01761465761641
"Apis.mellifera","M_059",4,13,0.307692307692308,-0.632455532033676
"Apis.mellifera","M_028",4,10,0.4,0.38554980047803
"Apis.mellifera","M_040",6,6,1,NA
"Apis.mellifera","M_072",38,66,0.575757575757576,1.51719430756221
"Apis.mellifera","M_039",6,13,0.461538461538462,0.0249319197335588
"Apis.mellifera","M_060",59,59,1,NA
"Apis.mellifera","M_061",31,31,1,1.14613976618751
"Apis.mellifera","M_012",6,14,0.428571428571429,0.256292450540184
"Apis.mellifera","M_11.1",3,3,1,NA
"Apis.mellifera","M_056",1,22,0.0454545454545455,-0.730844233103581
"Apis.mellifera","M_058",13,13,1,1.79978470660095
"Apis.mellifera","M_076",34,34,1,2.50581859058634
"Apis.mellifera","M_008",6,6,1,1.54743588659733
"Apis.mellifera","M_030",8,8,1,1.95180014589707
"Apis.mellifera","M_031",17,17,1,1.59618038792948
"Apis.mellifera","M_11.2",12,12,1,0.707106781186548
"Apis.mellifera","M_046",5,9,0.555555555555556,-1.0914103126635
"Apis.mellifera","M_016",14,14,1,4.07380171569731
"Apis.mellifera","M_054",15,24,0.625,2.04804340106172
"Apis.mellifera","M_035",19,19,1,1.14799360533468
"Apis.mellifera","M_036",3,3,1,NA
"Apis.mellifera","M_041",11,11,1,NA
"Apis.mellifera","M_073",2,21,0.0952380952380952,-0.354207822570476
"Apis.mellifera","M_023",2,4,0.5,0.185216946644159
"Apis.mellifera","M_013",3,3,1,NA
"Apis.mellifera","M_025",6,7,0.857142857142857,1.30991960653717
"Apis.mellifera","M_034",18,21,0.857142857142857,1.60111190178385
"Apis.mellifera","M_047",13,13,1,3.93033669439437
"Apis.mellifera","M_044",2,21,0.0952380952380952,-0.501528266791637
"Apis.mellifera","M_019",1,1,1,NA
"Apis.mellifera","M_050",2,8,0.25,-0.763762615825973
"Apis.mellifera","M_033",5,11,0.454545454545455,-0.394016933433096
"Apis.mellifera","M_021",5,25,0.2,0.109421306787859
"Apis.mellifera","M_049",5,11,0.454545454545455,0.173102341766158
"Apis.mellifera","M_032",6,6,1,2.76339711883103
"Apis.mellifera","M_017",1,5,0.2,-1.09544511501033
"Apis.mellifera","M_007",1,10,0.1,-0.568903074579574
"Apis.mellifera","M_014",3,10,0.3,-0.352672807929299
"Apis.mellifera","M_029",1,9,0.111111111111111,-0.443928003252861
"Apis.mellifera.Linnaeus","M_075",28,28,1,NA
"Arhysosage.bifasciata","M_023",2,4,0.5,0.185216946644159
"Ashmeadiella.bucconis","M_062",42,121,0.347107438016529,1.17528225869493
"Augochlora.fervida","M_062",1,121,0.00826446280991736,-0.70653148633059
"Augochlora.pura","M_073",21,21,1,3.5632249613806
"Augochlora.pura","M_025",4,7,0.571428571428571,0.362989770486203
"Augochlora.pura","M_032",1,6,0.166666666666667,-0.690849279707757
"Augochlora.semiramis","M_072",66,66,1,3.19177391673876
"Augochlorella.aurata","M_073",10,21,0.476190476190476,1.29523756014577
"Augochlorella.ephyra","M_072",32,66,0.484848484848485,1.15835581988152
"Augochlorella.striata","M_032",1,6,0.166666666666667,-0.690849279707757
"Augochloropsis.erato","M_072",17,66,0.257575757575758,0.2612596006798
"Augochloropsis.metallica","M_073",5,21,0.238095238095238,0.264334195948116
"Bombias.scutellaris","M_062",5,121,0.0413223140495868,-0.522939901450051
"Bombus.agrorum","M_049",11,11,1,1.95358357136092
"Bombus.alpinus","M_009",1,1,1,NA
"Bombus.americanorum","M_005",3,37,0.0810810810810811,-0.394225990729134
"Bombus.americanorum","M_062",1,121,0.00826446280991736,-0.70653148633059
"Bombus.appositus","M_005",15,37,0.405405405405405,1.23705397090866
"Bombus.ardens","M_054",8,24,0.333333333333333,0.72727839367686
"Bombus.ardens","M_053",9,15,0.6,1.48055176314298
"Bombus.ardens","M_056",12,22,0.545454545454545,0.889012014894654
"Bombus.ardens","M_057",14,37,0.378378378378378,1.02964154512096
"Bombus.ardens","M_021",8,25,0.32,0.623997181952385
"Bombus.argillaceus","M_015",11,104,0.105769230769231,0.632772937253974
"Bombus.atratus","M_031",6,17,0.352941176470588,-0.324224141298175
"Bombus.atratus","M_072",1,66,0.0151515151515152,-0.69564303313537
"Bombus.auricomus","M_073",1,21,0.0476190476190476,-0.560388495410006
"Bombus.beaticola","M_056",22,22,1,2.36160860398396
"Bombus.bellicosus","M_072",16,66,0.242424242424242,0.201453186066352
"Bombus.bifarius","M_005",21,37,0.567567567567568,2.05269395172756
"Bombus.bimaculatus","M_025",7,7,1,1.78338452456265
"Bombus.bimaculatus","M_073",5,21,0.238095238095238,0.264334195948116
"Bombus.bohemicus","M_047",4,13,0.307692307692308,0.507140218631532
"Bombus.brasiliensis","M_074",1,1,1,NA
"Bombus.brevivillus","M_076",1,34,0.0294117647058824,-0.595131915264257
"Bombus.canariensis","M_012",14,14,1,2.07881654327038
"Bombus.centralis","M_005",5,37,0.135135135135135,-0.122345997122835
"Bombus.consobrinus","M_056",13,22,0.590909090909091,1.03627167380358
"Bombus.cryptarum","M_047",1,13,0.0769230769230769,-0.633925273289415
"Bombus.dahlbomii","M_002",8,8,1,2.17474173356678
"Bombus.dahlbomii","M_034",21,21,1,2.03777878408854
"Bombus.dahlbomii","M_003",3,3,1,0.707106781186547
"Bombus.dahlbomii","M_051",10,10,1,2.46119687708498
"Bombus.dahlbomii","M_001",7,16,0.4375,0.70495489709412
"Bombus.diversus","M_053",13,15,0.866666666666667,2.55467755208984
"Bombus.diversus","M_056",14,22,0.636363636363636,1.18353133271252
"Bombus.diversus","M_055",5,12,0.416666666666667,0.644237523066084
"Bombus.diversus.diversus","M_057",37,37,1,3.85181966620382
"Bombus.diversus.diversus","M_054",2,24,0.0833333333333333,-0.404805898367309
"Bombus.diversus.diversus","M_021",25,25,1,3.53992714121803
"Bombus.dorsalis","M_005",1,37,0.027027027027027,-0.666105984335433
"Bombus.edwardsi","M_005",37,37,1,4.22773390057795
"Bombus.fervidus","M_005",6,37,0.162162162162162,0.0135939996803149
"Bombus.flavifrons","M_005",16,37,0.432432432432432,1.37299396771181
"Bombus.fulvida","M_005",2,37,0.0540540540540541,-0.530165987532283
"Bombus.griseocollis","M_032",4,6,0.666666666666667,1.38169855941551
"Bombus.griseocollis","M_073",6,21,0.285714285714286,0.470514868787647
"Bombus.honshorensis","M_057",1,37,0.027027027027027,-0.565502610273691
"Bombus.honshuensis","M_056",20,22,0.909090909090909,2.0670892861661
"Bombus.honshuensis","M_021",25,25,1,3.53992714121803
"Bombus.honshuensis","M_057",8,37,0.216216216216216,0.293421165708047
"Bombus.hortorum","M_006",5,10,0.5,0.42379773450788
"Bombus.hortorum","M_018",8,15,0.533333333333333,0.533001790889026
"Bombus.hortorum","M_043",7,10,0.7,0.996249773709006
"Bombus.hortorum","M_007",1,10,0.1,-0.568903074579574
"Bombus.hortorum","M_049",2,11,0.181818181818182,-0.717138273031226
"Bombus.hortorum","M_038",2,2,1,NA
"Bombus.hortotum","M_028",3,10,0.3,0
"Bombus.hunti","M_005",30,37,0.810810810810811,3.2761539229559
"Bombus.hyperboreus","M_014",1,10,0.1,-0.775880177444458
"Bombus.hyperboreus","M_009",1,1,1,NA
"Bombus.hypnorum","M_049",2,11,0.181818181818182,-0.717138273031226
"Bombus.hypocrita","M_056",18,22,0.818181818181818,1.77256996834824
"Bombus.hypocrita","M_055",1,12,0.0833333333333333,-0.736271454932668
"Bombus.hypocrita.hypocrita","M_057",18,37,0.486486486486487,1.52045513139624
"Bombus.hypocrita.hypocrita","M_021",14,25,0.56,1.65314893228144
"Bombus.hypocrita.hypocrita","M_054",7,24,0.291666666666667,0.538597678336165
"Bombus.ignitus","M_053",10,15,0.666666666666667,1.74908321037969
"Bombus.ignitus","M_054",9,24,0.375,0.915959109017554
"Bombus.ignitus","M_057",1,37,0.027027027027027,-0.565502610273691
"Bombus.ignitus","M_021",1,25,0.04,-0.576679860098175
"Bombus.impatiens","M_062",12,121,0.0991735537190083,-0.201654627909108
"Bombus.impatiens","M_073",11,21,0.523809523809524,1.5014182329853
"Bombus.jonellus","M_047",6,13,0.461538461538462,1.26785054657883
"Bombus.juxtus","M_005",27,37,0.72972972972973,2.86833393254646
"Bombus.kirbyellus","M_005",8,37,0.216216216216216,0.285473993286614
"Bombus.lapidarius","M_007",10,10,1,2.39538136665084
"Bombus.lapidarius","M_047",4,13,0.307692307692308,0.507140218631532
"Bombus.lapidarius","M_018",8,15,0.533333333333333,0.533001790889026
"Bombus.lapidarius","M_017",4,5,0.8,0.730296743340222
"Bombus.lapidarius","M_046",6,9,0.666666666666667,-0.606339062590832
"Bombus.lapidarius","M_037",4,4,1,0.833333333333333
"Bombus.lapidarius","M_043",4,10,0.4,0.0398499909483602
"Bombus.lapidarius","M_006",1,10,0.1,-0.772807633514369
"Bombus.lucorum","M_049",9,11,0.818181818181818,1.36008982816267
"Bombus.lucorum","M_047",8,13,0.615384615384615,2.02856087452613
"Bombus.lucorum","M_016",2,14,0.142857142857143,-0.3294986681814
"Bombus.lucorum","M_043",1,10,0.1,-0.916549791812285
"Bombus.lucorum","M_018",2,15,0.133333333333333,-0.746202507244636
"Bombus.lucorum","M_037",1,4,0.25,-1.16666666666667
"Bombus.morio","M_077",3,7,0.428571428571429,0
"Bombus.morio","M_076",1,34,0.0294117647058824,-0.595131915264257
"Bombus.morrisoni","M_005",12,37,0.324324324324324,0.829233980499212
"Bombus.muscorum","M_047",1,13,0.0769230769230769,-0.633925273289415
"Bombus.muscorum","M_017",2,5,0.4,-0.486864495560147
"Bombus.nevadensis","M_005",5,37,0.135135135135135,-0.122345997122835
"Bombus.occidentalis","M_005",32,37,0.864864864864865,3.5480339165622
"Bombus.pascuorum","M_017",5,5,1,1.33887736279041
"Bombus.pascuorum","M_046",9,9,1,0.848874687627165
"Bombus.pascuorum","M_006",10,10,1,1.91955444453569
"Bombus.pascuorum","M_037",4,4,1,0.833333333333333
"Bombus.pascuorum","M_018",15,15,1,2.0254068053783
"Bombus.pascuorum","M_043",10,10,1,1.95264955646965
"Bombus.pascuorum","M_007",7,10,0.7,1.40728655290737
"Bombus.pascuorum","M_047",8,13,0.615384615384615,2.02856087452613
"Bombus.pascuorum","M_038",2,2,1,NA
"Bombus.pennsylvanicus","M_062",6,121,0.0495867768595041,-0.477042005229917
"Bombus.pennsylvanicus","M_025",2,7,0.285714285714286,-0.583940065564761
"Bombus.pennsylvanicus","M_005",1,37,0.027027027027027,-0.666105984335433
"Bombus.perplexus","M_004",2,8,0.25,0.0703210846407744
"Bombus.perplexus","M_073",2,21,0.0952380952380952,-0.354207822570476
"Bombus.polaris","M_014",10,10,1,1.12855298537376
"Bombus.polaris","M_024",2,2,1,NA
"Bombus.pratorum","M_047",3,13,0.230769230769231,0.126785054657883
"Bombus.pratorum","M_049",7,11,0.636363636363636,0.766596084964413
"Bombus.pratorum","M_006",3,10,0.3,-0.174504949503245
"Bombus.pratorum","M_018",3,15,0.2,-0.533001790889026
"Bombus.pratorum","M_043",3,10,0.3,-0.278949936638522
"Bombus.pratorum","M_007",3,10,0.3,0.0898268012494066
"Bombus.pullatus","M_031",7,17,0.411764705882353,-0.149641911368389
"Bombus.ridingsii","M_062",3,121,0.0247933884297521,-0.614735693890321
"Bombus.ruderatus","M_11.1",3,3,1,NA
"Bombus.ruderatus","M_051",3,10,0.3,-0.170916449797568
"Bombus.ruderatus","M_018",1,15,0.0666666666666667,-0.959403223600247
"Bombus.ruderatus","M_028",1,10,0.1,-0.77109960095606
"Bombus.ruderatus","M_043",1,10,0.1,-0.916549791812285
"Bombus.rufocinctus","M_005",12,37,0.324324324324324,0.829233980499212
"Bombus.rupestris","M_047",2,13,0.153846153846154,-0.253570109315766
"Bombus.soroeensis","M_043",2,10,0.2,-0.597749864225403
"Bombus.soroeensis","M_018",2,15,0.133333333333333,-0.746202507244636
"Bombus.terestis","M_049",7,11,0.636363636363636,0.766596084964413
"Bombus.ternarius","M_004",2,8,0.25,0.0703210846407744
"Bombus.terrestris","M_058",8,13,0.615384615384615,0.534311084772157
"Bombus.terrestris","M_046",9,9,1,0.848874687627165
"Bombus.terrestris","M_018",5,15,0.333333333333333,-0.106600358177805
"Bombus.terrestris","M_047",1,13,0.0769230769230769,-0.633925273289415
"Bombus.terrestris","M_017",2,5,0.4,-0.486864495560147
"Bombus.terrestris","M_015",13,104,0.125,0.86201103727712
"Bombus.terrestris","M_043",3,10,0.3,-0.278949936638522
"Bombus.terrestris","M_029",1,9,0.111111111111111,-0.443928003252861
"Bombus.terrestris","M_037",2,4,0.5,-0.5
"Bombus.terrestris","M_028",4,10,0.4,0.38554980047803
"Bombus.terrestris.lucorum","M_006",10,10,1,1.91955444453569
"Bombus.terrestris.lucorum","M_007",3,10,0.3,0.0898268012494066
"Bombus.terricola","M_033",5,11,0.454545454545455,-0.394016933433096
"Bombus.terricola","M_004",4,8,0.5,1.38298133126856
"Bombus.vagans","M_004",8,8,1,4.00830182452414
"Bombus.volucelloides","M_031",9,17,0.529411764705882,0.199522548491185
"Cadeguala.albopilosa","M_034",9,21,0.428571428571429,0.291111254869791
"Cadeguala.occidentalis","M_001",4,16,0.25,-0.0103669837807959
"Cadeguala.occipitalis","M_034",3,21,0.142857142857143,-0.582222509739582
"Caenohalictus.movilicornis","M_034",5,21,0.238095238095238,-0.291111254869791
"Calliopsis.andreniformis","M_062",13,121,0.107438016528926,-0.155756731688973
"Calliopsis.coloradensis","M_062",10,121,0.0826446280991736,-0.293450420349378
"Callonychium.mandibulare","M_023",3,4,0.75,1.20391015318703
"Caupolicana.dimidiata","M_001",1,16,0.0625,-0.725688864655712
"Cemolobus.ipomoeae","M_062",4,121,0.0330578512396694,-0.568837797670186
"Cemolobus.oligolege","M_062",11,121,0.0909090909090909,-0.247552524129243
"Centris.aenea","M_059",13,13,1,1.26491106406735
"Centris.cana","M_002",1,8,0.125,-0.795637219597602
"Centris.caxiensis","M_059",10,13,0.769230769230769,0.632455532033676
"Centris.cineraria","M_001",15,16,0.9375,2.61247991276056
"Centris.cineraria","M_002",3,8,0.375,0.0530424813065068
"Centris.dirrhoda","M_035",2,19,0.105263157894737,-0.681621203167466
"Centris.flavifrons","M_059",7,13,0.538461538461538,0
"Centris.fuscata","M_059",13,13,1,1.26491106406735
"Centris.muralis","M_023",1,4,0.25,-0.833476259898716
"Centris.nigerrima","M_001",4,16,0.25,-0.0103669837807959
"Centris.nigerrima","M_002",2,8,0.25,-0.371297369145548
"Centris.obsoleta","M_059",1,13,0.0769230769230769,-1.26491106406735
"Centris.tarsata","M_059",10,13,0.769230769230769,0.632455532033676
"Centris.trigonoides","M_059",4,13,0.307692307692308,-0.632455532033676
"Ceratina.acuta","M_015",12,104,0.115384615384615,0.747391987265547
"Ceratina.bispinosa","M_015",8,104,0.0769230769230769,0.288915787219254
"Ceratina.calcarata","M_073",21,21,1,3.5632249613806
"Ceratina.calcarata","M_025",3,7,0.428571428571429,-0.110475147539279
"Ceratina.cucurbitina","M_016",7,14,0.5,1.50520982510139
"Ceratina.cucurbitina","M_058",2,13,0.153846153846154,-0.984257261422395
"Ceratina.cucurbitina","M_015",1,104,0.00961538461538462,-0.513417562861757
"Ceratina.cyanea","M_016",4,14,0.285714285714286,0.404384729131718
"Ceratina.cyanea","M_015",1,104,0.00961538461538462,-0.513417562861757
"Ceratina.dallatorreana","M_015",2,104,0.0192307692307692,-0.398798512850184
"Ceratina.dentiventris","M_015",8,104,0.0769230769230769,0.288915787219254
"Ceratina.dupla","M_062",85,121,0.702479338842975,3.14889179616073
"Ceratina.esakii","M_057",9,37,0.243243243243243,0.416124562276867
"Ceratina.esakii","M_055",1,12,0.0833333333333333,-0.736271454932668
"Ceratina.esakii","M_054",1,24,0.0416666666666667,-0.593486613708003
"Ceratina.esakii","M_021",1,25,0.04,-0.576679860098175
"Ceratina.flavipes","M_054",11,24,0.458333333333333,1.29332053969894
"Ceratina.flavipes","M_053",7,15,0.466666666666667,0.943488868669545
"Ceratina.flavipes","M_057",2,37,0.0540540540540541,-0.442799213704871
"Ceratina.flavipes","M_055",2,12,0.166666666666667,-0.39114421043298
"Ceratina.flavipes","M_021",1,25,0.04,-0.576679860098175
"Ceratina.iwatai","M_057",2,37,0.0540540540540541,-0.442799213704871
"Ceratina.iwatai","M_053",1,15,0.0666666666666667,-0.667699814750755
"Ceratina.iwatai","M_054",1,24,0.0416666666666667,-0.593486613708003
"Ceratina.japonica","M_057",34,37,0.918918918918919,3.48370947649736
"Ceratina.japonica","M_053",15,15,1,3.09174044656328
"Ceratina.japonica","M_021",8,25,0.32,0.623997181952385
"Ceratina.japonica","M_055",4,12,0.333333333333333,0.299110278566396
"Ceratina.japonica","M_054",2,24,0.0833333333333333,-0.404805898367309
"Ceratina.loewi","M_015",13,104,0.125,0.86201103727712
"Ceratina.megastigmata","M_057",22,37,0.594594594594595,2.01126871767152
"Ceratina.megastigmata","M_021",23,25,0.92,3.19687655777501
"Ceratina.megastigmata","M_053",7,15,0.466666666666667,0.943488868669545
"Ceratina.metallica","M_032",1,6,0.166666666666667,-0.690849279707757
"Ceratina.mocsaryi","M_016",3,14,0.214285714285714,0.037443030475159
"Ceratina.montana","M_072",12,66,0.181818181818182,-0.0377724723874409
"Ceratina.nigra","M_015",2,104,0.0192307692307692,-0.398798512850184
"Ceratina.nigrolabiata","M_015",9,104,0.0865384615384615,0.403534837230828
"Ceratina.okinawana","M_044",1,21,0.0476190476190476,-0.682407313831243
"Ceratina.parvula","M_015",1,104,0.00961538461538462,-0.513417562861757
"Ceratina.rupestris","M_072",2,66,0.0303030303030303,-0.635836618521922
"Ceratina.satoi","M_044",2,21,0.0952380952380952,-0.501528266791637
"Ceratina.strenua","M_073",4,21,0.19047619047619,0.0581535231085855
"Ceratina.tabescens","M_061",5,31,0.161290322580645,-1.04500978681803
"Chalepogenus.caeruleus","M_051",1,10,0.1,-0.922948828906866
"Chalepogenus.caeruleus","M_023",1,4,0.25,-0.833476259898716
"Chalepogenus.goeldianus","M_072",2,66,0.0303030303030303,-0.635836618521922
"Chalicodoma.albocristata","M_015",4,104,0.0384615384615385,-0.169560412827038
"Chalicodoma.disjunctiformis","M_054",2,24,0.0833333333333333,-0.404805898367309
"Chalicodoma.disjunctiformis","M_044",1,21,0.0476190476190476,-0.682407313831243
"Chalicodoma.ericetorum","M_015",8,104,0.0769230769230769,0.288915787219254
"Chalicodoma.hungarica","M_015",1,104,0.00961538461538462,-0.513417562861757
"Chalicodoma.lefebvrei","M_015",3,104,0.0288461538461538,-0.284179462838611
"Chalicodoma.manicata","M_015",4,104,0.0384615384615385,-0.169560412827038
"Chalicodoma.montenegrensis","M_015",1,104,0.00961538461538462,-0.513417562861757
"Chalicodoma.parietina.nestorea","M_015",11,104,0.105769230769231,0.632772937253974
"Chalicodoma.pyrenaica","M_015",2,104,0.0192307692307692,-0.398798512850184
"Chalicodoma.sculpturalis","M_054",1,24,0.0416666666666667,-0.593486613708003
"Chalicodoma.sculpturalis","M_021",1,25,0.04,-0.576679860098175
"Chelostoma.appendiculatum","M_015",1,104,0.00961538461538462,-0.513417562861757
"Chelostoma.campanularum","M_015",2,104,0.0192307692307692,-0.398798512850184
"Chelostoma.emarginatum","M_015",5,104,0.0480769230769231,-0.0549413628154647
"Chelostoma.hellenicum","M_015",1,104,0.00961538461538462,-0.513417562861757
"Chelostoma.transversum","M_015",6,104,0.0576923076923077,0.0596776871961083
"Chloralictus.albipennis","M_062",63,121,0.520661157024793,2.13913807931776
"Chloralictus.cressonii","M_062",8,121,0.0661157024793388,-0.385246212789647
"Chloralictus.foveolatus","M_062",6,121,0.0495867768595041,-0.477042005229917
"Chloralictus.illinoensis","M_062",28,121,0.231404958677686,0.532711711613048
"Chloralictus.obscurus","M_062",5,121,0.0413223140495868,-0.522939901450051
"Chloralictus.smilacinae","M_062",6,121,0.0495867768595041,-0.477042005229917
"Coelioxys.8.dentata","M_062",23,121,0.190082644628099,0.303222230512374
"Coelioxys.afra","M_015",1,104,0.00961538461538462,-0.513417562861757
"Coelioxys.alternata","M_062",65,121,0.537190082644628,2.23093387175803
"Coelioxys.aurolimbata","M_015",3,104,0.0288461538461538,-0.284179462838611
"Coelioxys.breris","M_021",1,25,0.04,-0.576679860098175
"Coelioxys.fenestrata","M_054",1,24,0.0416666666666667,-0.593486613708003
"Coelioxys.germana","M_062",12,121,0.0991735537190083,-0.201654627909108
"Coelioxys.modesta","M_062",13,121,0.107438016528926,-0.155756731688973
"Coelioxys.moesta","M_005",2,37,0.0540540540540541,-0.530165987532283
"Coelioxys.rufitarsis","M_062",8,121,0.0661157024793388,-0.385246212789647
"Coelioxys.rufocaudata","M_015",3,104,0.0288461538461538,-0.284179462838611
"Coelioxys.sayi","M_062",20,121,0.165289256198347,0.16552854185197
"Coelioxys.sayi","M_073",3,21,0.142857142857143,-0.148027149730945
"Coelioxys.yanonis","M_054",1,24,0.0416666666666667,-0.593486613708003
"Colletes.acutus","M_016",3,14,0.214285714285714,0.037443030475159
"Colletes.albescens","M_062",2,121,0.0165289256198347,-0.660633590110455
"Colletes.americanus","M_062",1,121,0.00826446280991736,-0.70653148633059
"Colletes.americanus","M_005",2,37,0.0540540540540541,-0.530165987532283
"Colletes.araucariae","M_001",1,16,0.0625,-0.725688864655712
"Colletes.armatus","M_062",10,121,0.0826446280991736,-0.293450420349378
"Colletes.babai","M_057",2,37,0.0540540540540541,-0.442799213704871
"Colletes.brevicornis","M_062",1,121,0.00826446280991736,-0.70653148633059
"Colletes.caspicus","M_016",4,14,0.285714285714286,0.404384729131718
"Colletes.compactus","M_062",13,121,0.107438016528926,-0.155756731688973
"Colletes.cunicularius","M_047",1,13,0.0769230769230769,-0.633925273289415
"Colletes.cyaneus","M_072",3,66,0.0454545454545455,-0.576030203908474
"Colletes.dimidiatus","M_008",2,6,0.333333333333333,-0.773717943298663
"Colletes.eous","M_015",1,104,0.00961538461538462,-0.513417562861757
"Colletes.fodiens","M_016",1,14,0.0714285714285714,-0.696440366837959
"Colletes.foveolaris","M_015",1,104,0.00961538461538462,-0.513417562861757
"Colletes.fulvipes","M_002",1,8,0.125,-0.795637219597602
"Colletes.fulvipes","M_001",1,16,0.0625,-0.725688864655712
"Colletes.inaequalis","M_033",5,11,0.454545454545455,-0.394016933433096
"Colletes.inaequalis","M_062",5,121,0.0413223140495868,-0.522939901450051
"Colletes.kincaidi","M_005",4,37,0.108108108108108,-0.258285993925984
"Colletes.lycii","M_023",2,4,0.5,0.185216946644159
"Colletes.nudus","M_062",48,121,0.396694214876033,1.45066963601574
"Colletes.oligolege","M_062",3,121,0.0247933884297521,-0.614735693890321
"Colletes.oromontis","M_005",10,37,0.27027027027027,0.557353986892913
"Colletes.patellatus","M_055",1,12,0.0833333333333333,-0.736271454932668
"Colletes.perforator","M_053",1,15,0.0666666666666667,-0.667699814750755
"Colletes.perforator","M_044",2,21,0.0952380952380952,-0.501528266791637
"Colletes.productus","M_062",14,121,0.115702479338843,-0.109858835468839
"Colletes.seminitidus","M_051",4,10,0.4,0.205099739757081
"Colletes.sieverti","M_005",1,37,0.027027027027027,-0.666105984335433
"Colletes.similis","M_062",1,121,0.00826446280991736,-0.70653148633059
"Colletes.speciosus","M_062",3,121,0.0247933884297521,-0.614735693890321
"Colletes.spectabilis","M_015",2,104,0.0192307692307692,-0.398798512850184
"Colletes.succinctus","M_047",1,13,0.0769230769230769,-0.633925273289415
"Colletes.succintus","M_016",3,14,0.214285714285714,0.037443030475159
"Colletes.thoracicus","M_073",1,21,0.0476190476190476,-0.560388495410006
"Colletes.willistonii","M_062",22,121,0.181818181818182,0.257324334292239
"Corynura.aff..atrovirens","M_034",1,21,0.0476190476190476,-0.873333764609373
"Corynura.aff..lepida","M_034",1,21,0.0476190476190476,-0.873333764609373
"Corynura.corynogastra","M_034",2,21,0.0952380952380952,-0.727778137174477
"Corynura.patagonica","M_034",10,21,0.476190476190476,0.436666882304686
"Corynura.prothysteres","M_051",3,10,0.3,-0.170916449797568
"Corynura.rubella","M_034",3,21,0.142857142857143,-0.582222509739582
"Creightonella.albisecta","M_015",6,104,0.0576923076923077,0.0596776871961083
"Dasypoda.cingulata","M_016",4,14,0.285714285714286,0.404384729131718
"Dasypoda.iberica","M_016",1,14,0.0714285714285714,-0.696440366837959
"Diadasia.patagonica","M_023",1,4,0.25,-0.833476259898716
"Dialictus.abanci","M_025",6,7,0.857142857142857,1.30991960653717
"Dialictus.coeruleus","M_032",1,6,0.166666666666667,-0.690849279707757
"Dialictus.cressoni","M_004",4,8,0.5,1.38298133126856
"Dialictus.cressonii","M_025",3,7,0.428571428571429,-0.110475147539279
"Dialictus.imitatus","M_004",2,8,0.25,0.0703210846407744
"Dialictus.imitatus","M_032",1,6,0.166666666666667,-0.690849279707757
"Dialictus.oblongus","M_032",1,6,0.166666666666667,-0.690849279707757
"Dialictus.obscurus","M_032",1,6,0.166666666666667,-0.690849279707757
"Dialictus.pilosus","M_033",3,11,0.272727272727273,-1.30328677981716
"Dialictus.zephyrus","M_032",1,6,0.166666666666667,-0.690849279707757
"Dianthidium.boreale","M_062",1,121,0.00826446280991736,-0.70653148633059
"Diceratosmia.conjuncta","M_062",53,121,0.43801652892562,1.68015911711642
"Diphaglossa.gayi","M_034",4,21,0.19047619047619,-0.436666882304686
"Emphoropsis.floridana","M_062",2,121,0.0165289256198347,-0.660633590110455
"Eoanthidium.elongatum","M_015",5,104,0.0480769230769231,-0.0549413628154647
"Eoanthidium.insulare","M_015",1,104,0.00961538461538462,-0.513417562861757
"Epeolus.autumnalis","M_062",1,121,0.00826446280991736,-0.70653148633059
"Epeolus.bifasciatus","M_062",6,121,0.0495867768595041,-0.477042005229917
"Epeolus.correopsis","M_062",8,121,0.0661157024793388,-0.385246212789647
"Epeolus.fallax","M_016",1,14,0.0714285714285714,-0.696440366837959
"Epeolus.helianthi","M_005",1,37,0.027027027027027,-0.666105984335433
"Epeolus.melectiformis","M_057",3,37,0.0810810810810811,-0.320095817136051
"Epeolus.pusillus","M_062",13,121,0.107438016528926,-0.155756731688973
"Epicharis.obscura","M_077",1,7,0.142857142857143,-0.707106781186547
"Eucera.albofasciata","M_015",10,104,0.0961538461538462,0.518153887242401
"Eucera.bidentata","M_015",32,104,0.307692307692308,3.03977298749701
"Eucera.clypeata","M_015",33,104,0.317307692307692,3.15439203750858
"Eucera.furfurea","M_015",13,104,0.125,0.86201103727712
"Eucera.gracilipes","M_050",7,8,0.875,1.14564392373896
"Eucera.gracilipes","M_008",4,6,0.666666666666667,0.386858971649331
"Eucera.gracilipes","M_039",13,13,1,1.59564286294777
"Eucera.hispaliensis","M_016",1,14,0.0714285714285714,-0.696440366837959
"Eucera.nigrescens.contraria","M_015",1,104,0.00961538461538462,-0.513417562861757
"Eucera.nigrilabris.rufitarsis","M_015",1,104,0.00961538461538462,-0.513417562861757
"Eucera.parnassia","M_015",11,104,0.105769230769231,0.632772937253974
"Eucera.punctulata","M_015",1,104,0.00961538461538462,-0.513417562861757
"Eucera.seminuda","M_015",21,104,0.201923076923077,1.7789634373697
"Euglossa.chalybeata","M_077",1,7,0.142857142857143,-0.707106781186547
"Euglossa.cordata","M_030",2,8,0.25,-0.243975018237133
"Euglossa.cordata","M_035",4,19,0.210526315789474,-0.466372402167214
"Euglossa.jamaicensis","M_040",6,6,1,NA
"Eulaema.meriana","M_031",2,17,0.117647058823529,-1.02255306101732
"Eulaema.nigrita","M_030",1,8,0.125,-0.609937545592833
"Evylaeus.4.maculatus","M_062",1,121,0.00826446280991736,-0.70653148633059
"Evylaeus.arcuatus","M_062",90,121,0.743801652892562,3.3783812772614
"Evylaeus.divergens","M_004",2,8,0.25,0.0703210846407744
"Evylaeus.macoupinensis","M_025",5,7,0.714285714285714,0.836454688511684
"Evylaeus.nelumbonis","M_062",5,121,0.0413223140495868,-0.522939901450051
"Evylaeus.pectinatus","M_062",2,121,0.0165289256198347,-0.660633590110455
"Evylaeus.pectoralis","M_062",2,121,0.0165289256198347,-0.660633590110455
"Evylaeus.quebecensis","M_004",4,8,0.5,1.38298133126856
"Evylaeus.truncatus","M_062",5,121,0.0413223140495868,-0.522939901450051
"Florilegus.condignus","M_062",24,121,0.198347107438017,0.349120126732509
"Frieseomelitta.silvestrii","M_076",6,34,0.176470588235294,-0.125290929529317
"Gnathosmia.georgica","M_062",3,121,0.0247933884297521,-0.614735693890321
"Habropoda.tarsata","M_015",8,104,0.0769230769230769,0.288915787219254
"Halictoides.marginatus","M_062",1,121,0.00826446280991736,-0.70653148633059
"Halictus.aerarius","M_054",4,24,0.166666666666667,-0.0274444676859192
"Halictus.asperulus","M_015",3,104,0.0288461538461538,-0.284179462838611
"Halictus.brunnescens","M_015",10,104,0.0961538461538462,0.518153887242401
"Halictus.calceatus","M_049",1,11,0.0909090909090909,-1.01388514463035
"Halictus.cephalicus","M_015",6,104,0.0576923076923077,0.0596776871961083
"Halictus.chloralictus","M_005",10,37,0.27027027027027,0.557353986892913
"Halictus.confusus","M_004",1,8,0.125,-0.586009038673119
"Halictus.confusus","M_047",1,13,0.0769230769230769,-0.633925273289415
"Halictus.confusus","M_032",1,6,0.166666666666667,-0.690849279707757
"Halictus.confusus","M_073",2,21,0.0952380952380952,-0.354207822570476
"Halictus.fendleri","M_005",1,37,0.027027027027027,-0.666105984335433
"Halictus.fulvipes","M_016",1,14,0.0714285714285714,-0.696440366837959
"Halictus.gemmeus","M_058",7,13,0.538461538461538,0.281216360406398
"Halictus.gemmeus","M_015",10,104,0.0961538461538462,0.518153887242401
"Halictus.gemmeus","M_016",1,14,0.0714285714285714,-0.696440366837959
"Halictus.graecus","M_015",3,104,0.0288461538461538,-0.284179462838611
"Halictus.lerouxi","M_005",1,37,0.027027027027027,-0.666105984335433
"Halictus.lerouxii","M_062",70,121,0.578512396694215,2.46042335285871
"Halictus.leucopus","M_049",2,11,0.181818181818182,-0.717138273031226
"Halictus.manitonellus","M_005",2,37,0.0540540540540541,-0.530165987532283
"Halictus.medionitens","M_005",5,37,0.135135135135135,-0.122345997122835
"Halictus.pollinus","M_015",5,104,0.0480769230769231,-0.0549413628154647
"Halictus.pulzenus","M_005",17,37,0.459459459459459,1.50893396451496
"Halictus.pyrenaicus","M_058",5,13,0.384615384615385,-0.224973088325119
"Halictus.quadricinctus","M_016",6,14,0.428571428571429,1.13826812644484
"Halictus.quadrinotatus","M_049",4,11,0.363636363636364,-0.12364452983297
"Halictus.resurgens","M_015",11,104,0.105769230769231,0.632772937253974
"Halictus.rubicundus","M_004",2,8,0.25,0.0703210846407744
"Halictus.scabiosae","M_015",15,104,0.144230769230769,1.09124913730027
"Halictus.scabiosae","M_016",1,14,0.0714285714285714,-0.696440366837959
"Halictus.smaragdulus","M_015",18,104,0.173076923076923,1.43510628733499
"Halictus.smaragdulus","M_016",1,14,0.0714285714285714,-0.696440366837959
"Halictus.subauratus","M_015",3,104,0.0288461538461538,-0.284179462838611
"Halictus.tectus","M_015",3,104,0.0288461538461538,-0.284179462838611
"Halictus.tetrazonius","M_015",16,104,0.153846153846154,1.20586818731184
"Heriades.coelostomus","M_015",3,104,0.0288461538461538,-0.284179462838611
"Heriades.crenudatus","M_016",1,14,0.0714285714285714,-0.696440366837959
"Heriades.crenulatus","M_015",1,104,0.00961538461538462,-0.513417562861757
"Heriades.dalmaticus","M_015",8,104,0.0769230769230769,0.288915787219254
"Heriades.gracilior","M_005",3,37,0.0810810810810811,-0.394225990729134
"Heriades.trucorum","M_015",3,104,0.0288461538461538,-0.284179462838611
"Heterosarus.parvus","M_062",30,121,0.247933884297521,0.624507504053317
"Holcopasites.heliopsis","M_062",55,121,0.454545454545455,1.77195490955669
"Hoplitis.crenulata","M_015",8,104,0.0769230769230769,0.288915787219254
"Hoplitis.curvipes","M_015",2,104,0.0192307692307692,-0.398798512850184
"Hoplitis.cylindricus","M_062",20,121,0.165289256198347,0.16552854185197
"Hoplitis.fabrei","M_015",4,104,0.0384615384615385,-0.169560412827038
"Hoplitis.manicata","M_015",5,104,0.0480769230769231,-0.0549413628154647
"Hoplitis.pallicornis","M_015",1,104,0.00961538461538462,-0.513417562861757
"Hoplitis.pici","M_015",3,104,0.0288461538461538,-0.284179462838611
"Hoplitis.producta","M_004",1,8,0.125,-0.586009038673119
"Hoplitis.rufohirta","M_015",1,104,0.00961538461538462,-0.513417562861757
"Hoplitis.sybarita","M_015",6,104,0.0576923076923077,0.0596776871961083
"Hylaeus.agilis","M_028",2,10,0.2,-0.38554980047803
"Hylaeus.annularis","M_047",1,13,0.0769230769230769,-0.633925273289415
"Hylaeus.basalis","M_004",1,8,0.125,-0.586009038673119
"Hylaeus.bifasciatus","M_015",2,104,0.0192307692307692,-0.398798512850184
"Hylaeus.brevicornis","M_047",1,13,0.0769230769230769,-0.633925273289415
"Hylaeus.ellipticus","M_004",1,8,0.125,-0.586009038673119
"Hylaeus.floralis","M_055",8,12,0.666666666666667,1.67961925656515
"Hylaeus.floralis","M_057",7,37,0.189189189189189,0.170717769139227
"Hylaeus.floralis","M_054",1,24,0.0416666666666667,-0.593486613708003
"Hylaeus.floralis","M_021",2,25,0.08,-0.405154568376667
"Hylaeus.globula","M_057",7,37,0.189189189189189,0.170717769139227
"Hylaeus.globula","M_021",8,25,0.32,0.623997181952385
"Hylaeus.imparilis","M_015",3,104,0.0288461538461538,-0.284179462838611
"Hylaeus.insularum","M_044",18,21,0.857142857142857,2.39253648584207
"Hylaeus.lineolatus","M_015",8,104,0.0769230769230769,0.288915787219254
"Hylaeus.macilentus","M_055",10,12,0.833333333333333,2.36987374556452
"Hylaeus.meridionalis","M_015",8,104,0.0769230769230769,0.288915787219254
"Hylaeus.nigritus","M_058",3,13,0.230769230769231,-0.731162537056636
"Hylaeus.nippon","M_057",3,37,0.0810810810810811,-0.320095817136051
"Hylaeus.nippon","M_054",1,24,0.0416666666666667,-0.593486613708003
"Hylaeus.nippon","M_021",1,25,0.04,-0.576679860098175
"Hylaeus.noomen","M_055",8,12,0.666666666666667,1.67961925656515
"Hylaeus.paradifformis","M_056",1,22,0.0454545454545455,-0.730844233103581
"Hylaeus.pictus","M_015",1,104,0.00961538461538462,-0.513417562861757
"Hylaeus.punctatus","M_015",8,104,0.0769230769230769,0.288915787219254
"Hylaeus.relegatus","M_029",1,9,0.111111111111111,-0.443928003252861
"Hylaeus.relegatus","M_028",1,10,0.1,-0.77109960095606
"Hylaeus.semipersonatus","M_019",1,1,1,NA
"Hylaeus.signatus","M_015",1,104,0.00961538461538462,-0.513417562861757
"Hylaeus.stevensi","M_004",1,8,0.125,-0.586009038673119
"Hylaeus.sttbmonticola","M_057",1,37,0.027027027027027,-0.565502610273691
"Hylaeus.submonticola","M_057",3,37,0.0810810810810811,-0.320095817136051
"Hylaeus.thoracius","M_056",1,22,0.0454545454545455,-0.730844233103581
"Hylaeus.variegatus","M_015",3,104,0.0288461538461538,-0.284179462838611
"Hylaeus.variegatus","M_058",1,13,0.0769230769230769,-1.23735198578815
"Icteranthidium.grohmanni","M_015",11,104,0.105769230769231,0.632772937253974
"Isepeolus.niveiventris","M_001",1,16,0.0625,-0.725688864655712
"Isepeolus.viperinus","M_072",2,66,0.0303030303030303,-0.635836618521922
"Lasioglossum..quebecense","M_073",1,21,0.0476190476190476,-0.560388495410006
"Lasioglossum.actifrons","M_008",3,6,0.5,-0.193429485824666
"Lasioglossum.aegyptiellun","M_016",1,14,0.0714285714285714,-0.696440366837959
"Lasioglossum.aeratum","M_015",2,104,0.0192307692307692,-0.398798512850184
"Lasioglossum.affine","M_055",2,12,0.166666666666667,-0.39114421043298
"Lasioglossum.albipes","M_056",3,22,0.136363636363636,-0.43632491528572
"Lasioglossum.albocinctum","M_016",4,14,0.285714285714286,0.404384729131718
"Lasioglossum.allodalum","M_055",1,12,0.0833333333333333,-0.736271454932668
"Lasioglossum.allodalum","M_057",2,37,0.0540540540540541,-0.442799213704871
"Lasioglossum.amamiensis","M_044",3,21,0.142857142857143,-0.32064921975203
"Lasioglossum.anellum","M_015",17,104,0.163461538461538,1.32048723732341
"Lasioglossum.apristum","M_057",37,37,1,3.85181966620382
"Lasioglossum.apristum","M_021",17,25,0.68,2.16772480744596
"Lasioglossum.apristum","M_056",11,22,0.5,0.741752355985724
"Lasioglossum.apristum","M_053",2,15,0.133333333333333,-0.399168367514038
"Lasioglossum.atroglaucum","M_056",4,22,0.181818181818182,-0.289065256376789
"Lasioglossum.baleicum","M_057",7,37,0.189189189189189,0.170717769139227
"Lasioglossum.baleicum","M_021",1,25,0.04,-0.576679860098175
"Lasioglossum.baleicum","M_053",1,15,0.0666666666666667,-0.667699814750755
"Lasioglossum.baleicum","M_054",1,24,0.0416666666666667,-0.593486613708003
"Lasioglossum.birkmani","M_073",4,21,0.19047619047619,0.0581535231085855
"Lasioglossum.brevicome","M_015",1,104,0.00961538461538462,-0.513417562861757
"Lasioglossum.calceatum","M_006",1,10,0.1,-0.772807633514369
"Lasioglossum.calceatum","M_007",1,10,0.1,-0.568903074579574
"Lasioglossum.callizonium","M_016",1,14,0.0714285714285714,-0.696440366837959
"Lasioglossum.chalcodes","M_012",3,14,0.214285714285714,-0.427154084233639
"Lasioglossum.chalcodes","M_008",1,6,0.166666666666667,-1.35400640077266
"Lasioglossum.convexiusculum","M_015",1,104,0.00961538461538462,-0.513417562861757
"Lasioglossum.crassepunctatum","M_015",1,104,0.00961538461538462,-0.513417562861757
"Lasioglossum.cressonii","M_073",2,21,0.0952380952380952,-0.354207822570476
"Lasioglossum.cristula.donatum","M_015",9,104,0.0865384615384615,0.403534837230828
"Lasioglossum.duplex","M_021",2,25,0.08,-0.405154568376667
"Lasioglossum.duplex","M_054",3,24,0.125,-0.216125183026614
"Lasioglossum.ephialtum","M_073",1,21,0.0476190476190476,-0.560388495410006
"Lasioglossum.evylaeus","M_050",8,8,1,1.52752523165195
"Lasioglossum.evylaeus","M_039",13,13,1,1.59564286294777
"Lasioglossum.exiliceps","M_057",6,37,0.162162162162162,0.0480143725704077
"Lasioglossum.exiliceps","M_021",4,25,0.16,-0.0621039849336496
"Lasioglossum.exiliceps","M_055",2,12,0.166666666666667,-0.39114421043298
"Lasioglossum.exiliceps","M_054",1,24,0.0416666666666667,-0.593486613708003
"Lasioglossum.forbesii","M_032",1,6,0.166666666666667,-0.690849279707757
"Lasioglossum.fratellum","M_047",5,13,0.384615384615385,0.887495382605181
"Lasioglossum.fuscipenne","M_073",3,21,0.142857142857143,-0.148027149730945
"Lasioglossum.gorkiense","M_055",1,12,0.0833333333333333,-0.736271454932668
"Lasioglossum.harmandi","M_056",1,22,0.0454545454545455,-0.730844233103581
"Lasioglossum.hirashimae","M_057",5,37,0.135135135135135,-0.074689023998412
"Lasioglossum.hitchensi","M_073",1,21,0.0476190476190476,-0.560388495410006
"Lasioglossum.imitatum","M_073",2,21,0.0952380952380952,-0.354207822570476
"Lasioglossum.immunitum","M_016",8,14,0.571428571428571,1.87215152375795
"Lasioglossum.japonicum","M_054",8,24,0.333333333333333,0.72727839367686
"Lasioglossum.japonicum","M_055",3,12,0.25,-0.0460169659332917
"Lasioglossum.japonicum","M_057",7,37,0.189189189189189,0.170717769139227
"Lasioglossum.japonicum","M_021",2,25,0.08,-0.405154568376667
"Lasioglossum.kansuense","M_021",3,25,0.12,-0.233629276655158
"Lasioglossum.laeviventre","M_056",14,22,0.636363636363636,1.18353133271252
"Lasioglossum.laticeps.hellenicum","M_015",3,104,0.0288461538461538,-0.284179462838611
"Lasioglossum.leucopus","M_047",1,13,0.0769230769230769,-0.633925273289415
"Lasioglossum.leucozonium","M_006",1,10,0.1,-0.772807633514369
"Lasioglossum.leucozonium","M_047",3,13,0.230769230769231,0.126785054657883
"Lasioglossum.leucozonium.clusium","M_015",1,104,0.00961538461538462,-0.513417562861757
"Lasioglossum.limbelloides","M_015",10,104,0.0961538461538462,0.518153887242401
"Lasioglossum.limbellum","M_015",1,104,0.00961538461538462,-0.513417562861757
"Lasioglossum.lineare","M_015",16,104,0.153846153846154,1.20586818731184
"Lasioglossum.littorale","M_016",7,14,0.5,1.50520982510139
"Lasioglossum.loetum","M_012",3,14,0.214285714285714,-0.427154084233639
"Lasioglossum.lucidulum","M_015",2,104,0.0192307692307692,-0.398798512850184
"Lasioglossum.macoupinens","M_073",2,21,0.0952380952380952,-0.354207822570476
"Lasioglossum.mahense","M_061",29,31,0.935483870967742,0.977589800571701
"Lasioglossum.malachurum","M_015",38,104,0.365384615384615,3.72748728756645
"Lasioglossum.marginatum","M_015",24,104,0.230769230769231,2.12282058740442
"Lasioglossum.mediterraneum","M_015",6,104,0.0576923076923077,0.0596776871961083
"Lasioglossum.mesosclerum","M_015",1,104,0.00961538461538462,-0.513417562861757
"Lasioglossum.mutilum","M_055",2,12,0.166666666666667,-0.39114421043298
"Lasioglossum.mutilum","M_054",2,24,0.0833333333333333,-0.404805898367309
"Lasioglossum.nigripes","M_015",1,104,0.00961538461538462,-0.513417562861757
"Lasioglossum.nipponense","M_056",5,22,0.227272727272727,-0.141805597467859
"Lasioglossum.nipponense","M_057",2,37,0.0540540540540541,-0.442799213704871
"Lasioglossum.nitidulum.fudakowskii","M_015",2,104,0.0192307692307692,-0.398798512850184
"Lasioglossum.nutilum","M_044",6,21,0.285714285714286,0.22198792136679
"Lasioglossum.oblongum","M_073",1,21,0.0476190476190476,-0.560388495410006
"Lasioglossum.obscuratum.acerbum","M_015",6,104,0.0576923076923077,0.0596776871961083
"Lasioglossum.obscurum","M_073",6,21,0.285714285714286,0.470514868787647
"Lasioglossum.occidens","M_054",19,24,0.791666666666667,2.8027662624245
"Lasioglossum.occidens","M_057",18,37,0.486486486486487,1.52045513139624
"Lasioglossum.occidens","M_053",1,15,0.0666666666666667,-0.667699814750755
"Lasioglossum.occidens","M_021",8,25,0.32,0.623997181952385
"Lasioglossum.pallens","M_016",1,14,0.0714285714285714,-0.696440366837959
"Lasioglossum.pauxillum","M_015",9,104,0.0865384615384615,0.403534837230828
"Lasioglossum.percrassicepes","M_055",3,12,0.25,-0.0460169659332917
"Lasioglossum.politum","M_015",6,104,0.0576923076923077,0.0596776871961083
"Lasioglossum.prasinum","M_016",9,14,0.642857142857143,2.23909322241451
"Lasioglossum.problematicum","M_021",5,25,0.2,0.109421306787859
"Lasioglossum.problematicum","M_056",7,22,0.318181818181818,0.152713720350002
"Lasioglossum.problematicum","M_057",1,37,0.027027027027027,-0.565502610273691
"Lasioglossum.proximatum","M_054",1,24,0.0416666666666667,-0.593486613708003
"Lasioglossum.proximatum","M_021",3,25,0.12,-0.233629276655158
"Lasioglossum.proximatum","M_056",1,22,0.0454545454545455,-0.730844233103581
"Lasioglossum.punctatissimum","M_047",6,13,0.461538461538462,1.26785054657883
"Lasioglossum.punctatissimum","M_016",7,14,0.5,1.50520982510139
"Lasioglossum.pygmaeum.patulum","M_015",3,104,0.0288461538461538,-0.284179462838611
"Lasioglossum.quadrinotatum","M_015",3,104,0.0288461538461538,-0.284179462838611
"Lasioglossum.scitulum","M_055",1,12,0.0833333333333333,-0.736271454932668
"Lasioglossum.scitulum","M_054",2,24,0.0833333333333333,-0.404805898367309
"Lasioglossum.sexmaculatum","M_047",1,13,0.0769230769230769,-0.633925273289415
"Lasioglossum.sexstrigatum","M_021",2,25,0.08,-0.405154568376667
"Lasioglossum.sexstrigatum","M_057",1,37,0.027027027027027,-0.565502610273691
"Lasioglossum.sibiriacum","M_054",1,24,0.0416666666666667,-0.593486613708003
"Lasioglossum.sibiriacum","M_055",12,12,1,3.0601282345639
"Lasioglossum.sibiriacum","M_057",10,37,0.27027027027027,0.538827958845686
"Lasioglossum.sibiriacum","M_053",2,15,0.133333333333333,-0.399168367514038
"Lasioglossum.sordidum","M_028",10,10,1,2.69884860334621
"Lasioglossum.sordidum","M_029",3,9,0.333333333333333,0.266356801951717
"Lasioglossum.subaenescens.asiaticum","M_015",1,104,0.00961538461538462,-0.513417562861757
"Lasioglossum.subopacum","M_044",9,21,0.428571428571429,0.76462506248561
"Lasioglossum.subviridatum","M_073",1,21,0.0476190476190476,-0.560388495410006
"Lasioglossum.taniolellum","M_054",5,24,0.208333333333333,0.161236247654775
"Lasioglossum.taniolellum","M_021",1,25,0.04,-0.576679860098175
"Lasioglossum.tegulare","M_073",2,21,0.0952380952380952,-0.354207822570476
"Lasioglossum.transitorium","M_015",1,104,0.00961538461538462,-0.513417562861757
"Lasioglossum.transpositum","M_021",11,25,0.44,1.13857305711691
"Lasioglossum.transpositum","M_057",14,37,0.378378378378378,1.02964154512096
"Lasioglossum.villosulum","M_015",6,104,0.0576923076923077,0.0596776871961083
"Lasioglossum.villosulum","M_006",1,10,0.1,-0.772807633514369
"Lasioglossum.villosulum","M_047",4,13,0.307692307692308,0.507140218631532
"Lasioglossum.villosulum","M_016",1,14,0.0714285714285714,-0.696440366837959
"Lasioglossum.villosulum","M_007",1,10,0.1,-0.568903074579574
"Lasioglossum.viride","M_008",4,6,0.666666666666667,0.386858971649331
"Lasioglossum.weemsi","M_073",2,21,0.0952380952380952,-0.354207822570476
"Lasioglossum.zonulum","M_015",2,104,0.0192307692307692,-0.398798512850184
"Leioproctus.boltonii","M_029",1,9,0.111111111111111,-0.443928003252861
"Leioproctus.boltonii","M_028",1,10,0.1,-0.77109960095606
"Leioproctus.fulvescens","M_029",9,9,1,2.39721121756545
"Leioproctus.fulvescens","M_027",6,6,1,0.707106781186547
"Leioproctus.fulvescens","M_028",4,10,0.4,0.38554980047803
"Leioproctus.imitatus","M_029",1,9,0.111111111111111,-0.443928003252861
"Leioproctus.imitatus","M_028",1,10,0.1,-0.77109960095606
"Leioproctus.indigoticus","M_072",4,66,0.0606060606060606,-0.516223789295026
"Leioproctus.maritimus","M_029",1,9,0.111111111111111,-0.443928003252861
"Leioproctus.maritimus","M_027",1,6,0.166666666666667,-0.707106781186547
"Leioproctus.maritimus","M_028",1,10,0.1,-0.77109960095606
"Leioproctus.monticola","M_028",4,10,0.4,0.38554980047803
"Leucosmia.albiventria","M_062",22,121,0.181818181818182,0.257324334292239
"Liphanthus.sabulosus","M_001",3,16,0.1875,-0.248807610739101
"Lithurgus.collaris","M_054",1,24,0.0416666666666667,-0.593486613708003
"Macropis.labiata","M_049",2,11,0.181818181818182,-0.717138273031226
"Macropis.steironematis","M_062",24,121,0.198347107438017,0.349120126732509
"Manuelia.gayi","M_051",3,10,0.3,-0.170916449797568
"Manuelia.postica","M_051",4,10,0.4,0.205099739757081
"Megachile.6.dentata","M_062",5,121,0.0413223140495868,-0.522939901450051
"Megachile.addenda","M_062",6,121,0.0495867768595041,-0.477042005229917
"Megachile.canariensis","M_008",5,6,0.833333333333333,0.967147429123328
"Megachile.gemula.albula","M_005",1,37,0.027027027027027,-0.666105984335433
"Megachile.generosa","M_062",23,121,0.190082644628099,0.303222230512374
"Megachile.giraudi.bicoloriventris","M_015",2,104,0.0192307692307692,-0.398798512850184
"Megachile.japonica","M_053",1,15,0.0666666666666667,-0.667699814750755
"Megachile.kobensis","M_054",3,24,0.125,-0.216125183026614
"Megachile.leachella","M_016",1,14,0.0714285714285714,-0.696440366837959
"Megachile.maritima","M_016",3,14,0.214285714285714,0.037443030475159
"Megachile.mendica","M_073",10,21,0.476190476190476,1.29523756014577
"Megachile.mendica","M_062",15,121,0.12396694214876,-0.0639609392487039
"Megachile.nipponica","M_054",4,24,0.166666666666667,-0.0274444676859192
"Megachile.nipponica","M_055",3,12,0.25,-0.0460169659332917
"Megachile.nipponica.amamiensis","M_044",1,21,0.0476190476190476,-0.682407313831243
"Megachile.okinawana","M_044",4,21,0.19047619047619,-0.139770172712423
"Megachile.oligolege","M_062",6,121,0.0495867768595041,-0.477042005229917
"Megachile.pacifica","M_015",1,104,0.00961538461538462,-0.513417562861757
"Megachile.petulans","M_062",1,121,0.00826446280991736,-0.70653148633059
"Megachile.pilidens","M_015",15,104,0.144230769230769,1.09124913730027
"Megachile.pilidens","M_016",3,14,0.214285714285714,0.037443030475159
"Megachile.pseudomonticola","M_054",1,24,0.0416666666666667,-0.593486613708003
"Megachile.pugnata","M_005",5,37,0.135135135135135,-0.122345997122835
"Megachile.relativa","M_005",4,37,0.108108108108108,-0.258285993925984
"Megachile.remota","M_053",1,15,0.0666666666666667,-0.667699814750755
"Megachile.remota.sakagamii","M_054",2,24,0.0833333333333333,-0.404805898367309
"Megachile.remota.sakagamii","M_021",1,25,0.04,-0.576679860098175
"Megachile.semirufa","M_002",4,8,0.5,0.477382331758561
"Megachile.semirufa","M_001",16,16,1,2.85092053971887
"Megachile.semirufa","M_003",1,3,0.333333333333333,-0.707106781186547
"Megachile.seychellensis","M_061",13,31,0.419354838709677,-0.370809924354783
"Megachile.strophostylis","M_062",3,121,0.0247933884297521,-0.614735693890321
"Megachile.subalbuta","M_054",5,24,0.208333333333333,0.161236247654775
"Megachile.sumizome","M_056",1,22,0.0454545454545455,-0.730844233103581
"Megachile.texana","M_005",2,37,0.0540540540540541,-0.530165987532283
"Megachile.tsurugensis","M_057",6,37,0.162162162162162,0.0480143725704077
"Megachile.tsurugensis","M_055",3,12,0.25,-0.0460169659332917
"Megachile.tsurugensis","M_054",6,24,0.25,0.34991696299547
"Megachile.tsurugensis","M_021",3,25,0.12,-0.233629276655158
"Megachile.tsurugensis","M_056",1,22,0.0454545454545455,-0.730844233103581
"Megachile.tsurugensis","M_053",2,15,0.133333333333333,-0.399168367514038
"Megachile.tsururgensis","M_057",1,37,0.027027027027027,-0.565502610273691
"Megachile.versicolor","M_047",1,13,0.0769230769230769,-0.633925273289415
"Megachile.vidua","M_005",1,37,0.027027027027027,-0.666105984335433
"Megachile.villipes","M_015",1,104,0.00961538461538462,-0.513417562861757
"Megachile.willughbiella","M_006",1,10,0.1,-0.772807633514369
"Megachile.wootoni","M_005",12,37,0.324324324324324,0.829233980499212
"Megachile.wootoni.calogaster","M_005",5,37,0.135135135135135,-0.122345997122835
"Megachile.yasumatsui","M_057",2,37,0.0540540540540541,-0.442799213704871
"Megilla.maculata","M_062",11,121,0.0909090909090909,-0.247552524129243
"Melecta.albifrons.albovaria","M_015",2,104,0.0192307692307692,-0.398798512850184
"Melecta.curvispina","M_008",3,6,0.5,-0.193429485824666
"Melecta.tuberculata","M_015",4,104,0.0384615384615385,-0.169560412827038
"Melipona.asilvai","M_076",5,34,0.147058823529412,-0.219259126676305
"Melipona.compresipes","M_031",1,17,0.0588235294117647,-1.19713529094711
"Melipona.favosa","M_030",3,8,0.375,0.121987509118567
"Melipona.quadrifasciata","M_076",1,34,0.0294117647058824,-0.595131915264257
"Melipona.scutellaris","M_031",13,17,0.764705882352941,0.897851468210332
"Melissodes.agilis","M_062",50,121,0.413223140495868,1.54246542845601
"Melissodes.aurigenia","M_005",1,37,0.027027027027027,-0.666105984335433
"Melissodes.autumnalis","M_062",30,121,0.247933884297521,0.624507504053317
"Melissodes.bimaculata","M_073",1,21,0.0476190476190476,-0.560388495410006
"Melissodes.cnici","M_062",18,121,0.148760330578512,0.0737327494117003
"Melissodes.coloradensis","M_062",1,121,0.00826446280991736,-0.70653148633059
"Melissodes.comptoides","M_062",3,121,0.0247933884297521,-0.614735693890321
"Melissodes.coreopsis","M_062",3,121,0.0247933884297521,-0.614735693890321
"Melissodes.fremonti","M_005",2,37,0.0540540540540541,-0.530165987532283
"Melissodes.oligolege","M_062",5,121,0.0413223140495868,-0.522939901450051
"Melissodes.pallida","M_062",10,121,0.0826446280991736,-0.293450420349378
"Melissodes.simillima","M_062",12,121,0.0991735537190083,-0.201654627909108
"Melissodes.vernoniana","M_062",13,121,0.107438016528926,-0.155756731688973
"Melissoptila.tandilensis","M_072",6,66,0.0909090909090909,-0.39661096006813
"Mesanthidium.carduele","M_015",1,104,0.00961538461538462,-0.513417562861757
"Mesonychium.gayi","M_001",2,16,0.125,-0.487248237697406
"Metallinella.brevicornis","M_015",11,104,0.105769230769231,0.632772937253974
"Microstelis.lateralis","M_062",17,121,0.140495867768595,0.0278348531915655
"Monilosmia.canadensis","M_062",1,121,0.00826446280991736,-0.70653148633059
"Nomada.asozuana","M_053",1,15,0.0666666666666667,-0.667699814750755
"Nomada.aswensis","M_057",2,37,0.0540540540540541,-0.442799213704871
"Nomada.babiyi","M_015",1,104,0.00961538461538462,-0.513417562861757
"Nomada.basalis","M_015",8,104,0.0769230769230769,0.288915787219254
"Nomada.bishopii","M_025",1,7,0.142857142857143,-1.05740498359024
"Nomada.callimorpha","M_015",1,104,0.00961538461538462,-0.513417562861757
"Nomada.clalii.okubira","M_057",1,37,0.027027027027027,-0.565502610273691
"Nomada.comparata","M_057",1,37,0.027027027027027,-0.565502610273691
"Nomada.corcyraea","M_015",1,104,0.00961538461538462,-0.513417562861757
"Nomada.cressonii","M_062",29,121,0.239669421487603,0.578609607833182
"Nomada.cuneata","M_004",1,8,0.125,-0.586009038673119
"Nomada.denticulata","M_062",19,121,0.15702479338843,0.119630645631835
"Nomada.diervillae","M_053",1,15,0.0666666666666667,-0.667699814750755
"Nomada.distinguenda","M_015",1,104,0.00961538461538462,-0.513417562861757
"Nomada.eos","M_015",3,104,0.0288461538461538,-0.284179462838611
"Nomada.erythrocephala","M_015",1,104,0.00961538461538462,-0.513417562861757
"Nomada.esakii","M_057",2,37,0.0540540540540541,-0.442799213704871
"Nomada.femoralis","M_015",9,104,0.0865384615384615,0.403534837230828
"Nomada.flava","M_047",1,13,0.0769230769230769,-0.633925273289415
"Nomada.flavoguttata.japonensis","M_057",1,37,0.027027027027027,-0.565502610273691
"Nomada.fucata","M_015",4,104,0.0384615384615385,-0.169560412827038
"Nomada.fukuiana","M_055",1,12,0.0833333333333333,-0.736271454932668
"Nomada.galloisi","M_021",2,25,0.08,-0.405154568376667
"Nomada.ginran","M_057",5,37,0.135135135135135,-0.074689023998412
"Nomada.ginran","M_021",3,25,0.12,-0.233629276655158
"Nomada.ginran","M_054",3,24,0.125,-0.216125183026614
"Nomada.hakonensis","M_057",1,37,0.027027027027027,-0.565502610273691
"Nomada.hakonensis","M_021",1,25,0.04,-0.576679860098175
"Nomada.harimensis","M_057",3,37,0.0810810810810811,-0.320095817136051
"Nomada.illinoensis","M_062",10,121,0.0826446280991736,-0.293450420349378
"Nomada.imperialis","M_015",2,104,0.0192307692307692,-0.398798512850184
"Nomada.issikii","M_056",1,22,0.0454545454545455,-0.730844233103581
"Nomada.japonica","M_053",1,15,0.0666666666666667,-0.667699814750755
"Nomada.japonica","M_054",1,24,0.0416666666666667,-0.593486613708003
"Nomada.lucidula","M_015",7,104,0.0673076923076923,0.174296737207681
"Nomada.luteola","M_032",1,6,0.166666666666667,-0.690849279707757
"Nomada.luteola","M_025",1,7,0.142857142857143,-1.05740498359024
"Nomada.mavromoustakisi","M_015",1,104,0.00961538461538462,-0.513417562861757
"Nomada.muinensis","M_053",1,15,0.0666666666666667,-0.667699814750755
"Nomada.mutabilis","M_016",1,14,0.0714285714285714,-0.696440366837959
"Nomada.mutsuensis","M_053",1,15,0.0666666666666667,-0.667699814750755
"Nomada.nipponica","M_055",2,12,0.166666666666667,-0.39114421043298
"Nomada.nobilia","M_015",5,104,0.0480769230769231,-0.0549413628154647
"Nomada.pacifica","M_021",2,25,0.08,-0.405154568376667
"Nomada.panzeri","M_047",2,13,0.153846153846154,-0.253570109315766
"Nomada.parva","M_062",7,121,0.0578512396694215,-0.431144109009782
"Nomada.perplexa","M_025",4,7,0.571428571428571,0.362989770486203
"Nomada.propinqua","M_015",8,104,0.0769230769230769,0.288915787219254
"Nomada.pygmaea","M_025",3,7,0.428571428571429,-0.110475147539279
"Nomada.rubricolis","M_015",3,104,0.0288461538461538,-0.284179462838611
"Nomada.ruficornis","M_047",1,13,0.0769230769230769,-0.633925273289415
"Nomada.rufipes","M_047",1,13,0.0769230769230769,-0.633925273289415
"Nomada.salicis","M_062",8,121,0.0661157024793388,-0.385246212789647
"Nomada.sayi","M_004",1,8,0.125,-0.586009038673119
"Nomada.sayi","M_025",1,7,0.142857142857143,-1.05740498359024
"Nomada.shepparadana.okubira","M_057",11,37,0.297297297297297,0.661531355414506
"Nomada.shepparadana.okubira","M_054",1,24,0.0416666666666667,-0.593486613708003
"Nomada.shirakii","M_057",1,37,0.027027027027027,-0.565502610273691
"Nomada.simplex","M_062",1,121,0.00826446280991736,-0.70653148633059
"Nomada.succinta","M_015",1,104,0.00961538461538462,-0.513417562861757
"Nomada.trispinosa","M_015",2,104,0.0192307692307692,-0.398798512850184
"Nomia.pavonula","M_044",2,21,0.0952380952380952,-0.501528266791637
"Nomioides.facilis","M_015",3,104,0.0288461538461538,-0.284179462838611
"Oligotropus.campanulae","M_062",5,121,0.0413223140495868,-0.522939901450051
"Oligotropus.oligolege","M_062",3,121,0.0247933884297521,-0.614735693890321
"Osmia.abnormis","M_005",1,37,0.027027027027027,-0.666105984335433
"Osmia.albolateralis","M_005",1,37,0.027027027027027,-0.666105984335433
"Osmia.apicata","M_015",1,104,0.00961538461538462,-0.513417562861757
"Osmia.atriventris","M_062",13,121,0.107438016528926,-0.155756731688973
"Osmia.atriventris","M_025",2,7,0.285714285714286,-0.583940065564761
"Osmia.aurulenta","M_015",24,104,0.230769230769231,2.12282058740442
"Osmia.bella","M_005",1,37,0.027027027027027,-0.666105984335433
"Osmia.brevis","M_005",1,37,0.027027027027027,-0.666105984335433
"Osmia.bruneri","M_005",7,37,0.189189189189189,0.149533996483464
"Osmia.caerulescens","M_015",1,104,0.00961538461538462,-0.513417562861757
"Osmia.canariensis","M_008",3,6,0.5,-0.193429485824666
"Osmia.collinsiae","M_062",3,121,0.0247933884297521,-0.614735693890321
"Osmia.coloradella","M_005",2,37,0.0540540540540541,-0.530165987532283
"Osmia.conjucta","M_025",6,7,0.857142857142857,1.30991960653717
"Osmia.cornifrons","M_057",1,37,0.027027027027027,-0.565502610273691
"Osmia.densa","M_005",9,37,0.243243243243243,0.421413990089763
"Osmia.fulgida","M_005",4,37,0.108108108108108,-0.258285993925984
"Osmia.fulviventris","M_015",8,104,0.0769230769230769,0.288915787219254
"Osmia.hypoleuca","M_005",3,37,0.0810810810810811,-0.394225990729134
"Osmia.illinoensis","M_062",2,121,0.0165289256198347,-0.660633590110455
"Osmia.imaii","M_054",3,24,0.125,-0.216125183026614
"Osmia.latrellei","M_015",2,104,0.0192307692307692,-0.398798512850184
"Osmia.lignaria","M_004",1,8,0.125,-0.586009038673119
"Osmia.lignaria","M_025",3,7,0.428571428571429,-0.110475147539279
"Osmia.longiceps","M_015",1,104,0.00961538461538462,-0.513417562861757
"Osmia.megacephala","M_005",1,37,0.027027027027027,-0.666105984335433
"Osmia.melanogaster","M_015",6,104,0.0576923076923077,0.0596776871961083
"Osmia.melanotricha","M_005",6,37,0.162162162162162,0.0135939996803149
"Osmia.moreensis","M_015",1,104,0.00961538461538462,-0.513417562861757
"Osmia.mustelina","M_015",1,104,0.00961538461538462,-0.513417562861757
"Osmia.nana","M_015",1,104,0.00961538461538462,-0.513417562861757
"Osmia.nicosiana","M_015",1,104,0.00961538461538462,-0.513417562861757
"Osmia.nigrifrons","M_005",2,37,0.0540540540540541,-0.530165987532283
"Osmia.orientalis","M_054",1,24,0.0416666666666667,-0.593486613708003
"Osmia.orientalis","M_021",1,25,0.04,-0.576679860098175
"Osmia.pentstemonis","M_005",5,37,0.135135135135135,-0.122345997122835
"Osmia.phaceliae","M_005",5,37,0.135135135135135,-0.122345997122835
"Osmia.propinqua","M_005",5,37,0.135135135135135,-0.122345997122835
"Osmia.proxima","M_004",2,8,0.25,0.0703210846407744
"Osmia.pumila","M_004",1,8,0.125,-0.586009038673119
"Osmia.pusilla","M_005",1,37,0.027027027027027,-0.666105984335433
"Osmia.rohweri","M_005",1,37,0.027027027027027,-0.666105984335433
"Osmia.signata","M_015",3,104,0.0288461538461538,-0.284179462838611
"Osmia.simillima","M_025",1,7,0.142857142857143,-1.05740498359024
"Osmia.subcornuta","M_015",1,104,0.00961538461538462,-0.513417562861757
"Osmia.taurus","M_054",1,24,0.0416666666666667,-0.593486613708003
"Osmia.taurus","M_055",1,12,0.0833333333333333,-0.736271454932668
"Osmia.taurus","M_021",2,25,0.08,-0.405154568376667
"Osmia.versicolor","M_015",6,104,0.0576923076923077,0.0596776871961083
"Osmia.wardiana","M_005",1,37,0.027027027027027,-0.666105984335433
"Panurginus.crawfordi","M_054",2,24,0.0833333333333333,-0.404805898367309
"Panurginus.cressoniellus","M_005",5,37,0.135135135135135,-0.122345997122835
"Paralictus.cephalicus","M_062",3,121,0.0247933884297521,-0.614735693890321
"Paralictus.platyparius","M_062",10,121,0.0826446280991736,-0.293450420349378
"Paralictus.simplex","M_062",4,121,0.0330578512396694,-0.568837797670186
"Paranomia.nortonii","M_062",4,121,0.0330578512396694,-0.568837797670186
"Peponapis.pruinosa","M_062",8,121,0.0661157024793388,-0.385246212789647
"Perdita.8.maculata","M_062",27,121,0.223140495867769,0.486813815392913
"Prosopis.basalis","M_005",7,37,0.189189189189189,0.149533996483464
"Prosopis.coloradensis","M_005",1,37,0.027027027027027,-0.666105984335433
"Prosopis.communis","M_049",1,11,0.0909090909090909,-1.01388514463035
"Prosopis.crataegi","M_062",10,121,0.0826446280991736,-0.293450420349378
"Prosopis.cressoni","M_005",1,37,0.027027027027027,-0.666105984335433
"Prosopis.elliptica","M_005",13,37,0.351351351351351,0.965173977302362
"Prosopis.episcopalis","M_005",3,37,0.0810810810810811,-0.394225990729134
"Prosopis.eulophi","M_062",9,121,0.0743801652892562,-0.339348316569512
"Prosopis.illinoensis","M_062",2,121,0.0165289256198347,-0.660633590110455
"Prosopis.nelumbonis","M_062",22,121,0.181818181818182,0.257324334292239
"Prosopis.pygmaea","M_062",4,121,0.0330578512396694,-0.568837797670186
"Prosopis.saniculae","M_062",2,121,0.0165289256198347,-0.660633590110455
"Prosopis.thaspii","M_062",49,121,0.40495867768595,1.49656753223588
"Prosopis.tridentula","M_005",1,37,0.027027027027027,-0.666105984335433
"Prosopis.varifrons","M_005",11,37,0.297297297297297,0.693293983696063
"Prosopis.wootoni","M_005",4,37,0.108108108108108,-0.258285993925984
"Prosopis.ziziae","M_062",3,121,0.0247933884297521,-0.614735693890321
"Protosmia.tauricola","M_015",1,104,0.00961538461538462,-0.513417562861757
"Proxylocopa.olivieri","M_015",3,104,0.0288461538461538,-0.284179462838611
"Psaenythia.rufipes","M_023",4,4,1,2.22260335972991
"Pseudagapostemon.brasiliensis","M_072",1,66,0.0151515151515152,-0.69564303313537
"Pseudagapostemon.pampeanus","M_072",4,66,0.0606060606060606,-0.516223789295026
"Pseudagapostemon.singularis","M_072",1,66,0.0151515151515152,-0.69564303313537
"Pseudapis.diversipes","M_015",3,104,0.0288461538461538,-0.284179462838611
"Pseudapis.monstrosa","M_015",2,104,0.0192307692307692,-0.398798512850184
"Pseudapis.unidentata","M_015",1,104,0.00961538461538462,-0.513417562861757
"Pseudoanthidium.alpinum","M_015",1,104,0.00961538461538462,-0.513417562861757
"Pseudoanthidium.cribratum","M_015",1,104,0.00961538461538462,-0.513417562861757
"Pseudoanthidium.lituratum","M_015",1,104,0.00961538461538462,-0.513417562861757
"Pseudoheriades.asiaticus","M_015",4,104,0.0384615384615385,-0.169560412827038
"Pseudoheriades.hofferi","M_015",1,104,0.00961538461538462,-0.513417562861757
"Pseudopanurgus.albitarsis","M_062",4,121,0.0330578512396694,-0.568837797670186
"Pseudopanurgus.asteris","M_062",2,121,0.0165289256198347,-0.660633590110455
"Pseudopanurgus.compositarum","M_062",6,121,0.0495867768595041,-0.477042005229917
"Pseudopanurgus.labrosiformis","M_062",48,121,0.396694214876033,1.45066963601574
"Pseudopanurgus.labrosus","M_062",57,121,0.471074380165289,1.86375070199696
"Pseudopanurgus.rudbeckiae","M_062",2,121,0.0165289256198347,-0.660633590110455
"Pseudopanurgus.rugosus","M_062",1,121,0.00826446280991736,-0.70653148633059
"Ptilothrix.bombiformus","M_073",3,21,0.142857142857143,-0.148027149730945
"Pyrobombus.impatiens","M_033",7,11,0.636363636363636,0.515252912950972
"Pyrobombus.perplexus","M_033",5,11,0.454545454545455,-0.394016933433096
"Pyrobombus.sandersoni","M_033",9,11,0.818181818181818,1.42452275933504
"Pyrobombus.ternarius","M_033",11,11,1,2.33379260571911
"Rhodanthidium.caturigense","M_015",2,104,0.0192307692307692,-0.398798512850184
"Rhodanthidium.septemdentatum","M_015",33,104,0.317307692307692,3.15439203750858
"Rophites.algirus.graecus","M_015",3,104,0.0288461538461538,-0.284179462838611
"Rophites.quinquespinosus","M_015",2,104,0.0192307692307692,-0.398798512850184
"Ruizantheda.divaricata","M_072",7,66,0.106060606060606,-0.336804545454682
"Ruizantheda.mutabilis","M_051",6,10,0.6,0.95713211886638
"Ruizantheda.mutabilis","M_001",2,16,0.125,-0.487248237697406
"Ruizantheda.nigrocaerulea","M_051",2,10,0.2,-0.546932639352217
"Ruizantheda.proxima","M_051",1,10,0.1,-0.922948828906866
"Sarogaster.georgica","M_062",1,121,0.00826446280991736,-0.70653148633059
"Sphecodes.arvensis","M_062",12,121,0.0991735537190083,-0.201654627909108
"Sphecodes.ephippius","M_015",3,104,0.0288461538461538,-0.284179462838611
"Sphecodes.ephippius","M_047",1,13,0.0769230769230769,-0.633925273289415
"Sphecodes.geoffrellus","M_047",1,13,0.0769230769230769,-0.633925273289415
"Sphecodes.heraclei","M_062",18,121,0.148760330578512,0.0737327494117003
"Sphecodes.hirtellus","M_016",1,14,0.0714285714285714,-0.696440366837959
"Sphecodes.marginatus","M_050",6,8,0.75,0.763762615825973
"Sphecodes.marginatus","M_012",1,14,0.0714285714285714,-0.882785107416188
"Sphecodes.marginatus","M_039",1,13,0.0769230769230769,-1.09700446827659
"Sphecodes.minor","M_062",13,121,0.107438016528926,-0.155756731688973
"Sphecodes.pellucidus","M_016",1,14,0.0714285714285714,-0.696440366837959
"Sphecodes.pellucidus","M_047",1,13,0.0769230769230769,-0.633925273289415
"Sphecodes.ruficrus","M_012",1,14,0.0714285714285714,-0.882785107416188
"Sphecodes.sophiae","M_005",7,37,0.189189189189189,0.149533996483464
"Stelis.punctulatissima","M_015",1,104,0.00961538461538462,-0.513417562861757
"Stelis.signata","M_016",2,14,0.142857142857143,-0.3294986681814
"Svastrides.melanura","M_001",1,16,0.0625,-0.725688864655712
"Svastrides.melanura","M_051",1,10,0.1,-0.922948828906866
"Svastrides.zebra","M_023",2,4,0.5,0.185216946644159
"Systropha.planidens","M_015",1,104,0.00961538461538462,-0.513417562861757
"Tapinotaspis.caerulea","M_001",1,16,0.0625,-0.725688864655712
"Tapinotaspis.herbsti","M_001",1,16,0.0625,-0.725688864655712
"Tetralonia.alternans","M_015",11,104,0.105769230769231,0.632772937253974
"Tetralonia.belfragei","M_062",31,121,0.256198347107438,0.670405400273452
"Tetralonia.berlandi","M_016",2,14,0.142857142857143,-0.3294986681814
"Tetralonia.dilecta","M_062",17,121,0.140495867768595,0.0278348531915655
"Tetralonia.mitsukurii","M_021",2,25,0.08,-0.405154568376667
"Tetralonia.mitsukurii","M_054",1,24,0.0416666666666667,-0.593486613708003
"Tetralonia.nipponens","M_054",11,24,0.458333333333333,1.29332053969894
"Tetralonia.nipponens","M_057",1,37,0.027027027027027,-0.565502610273691
"Tetralonia.nipponens","M_021",1,25,0.04,-0.576679860098175
"Tetralonia.nipponensis","M_053",6,15,0.4,0.674957421432828
"Tetralonia.okinawae.okinawae","M_044",11,21,0.523809523809524,1.12638315656482
"Tetralonia.robertsonii","M_062",3,121,0.0247933884297521,-0.614735693890321
"Tetralonia.rosae","M_062",1,121,0.00826446280991736,-0.70653148633059
"Thyreus.histrionicus","M_012",3,14,0.214285714285714,-0.427154084233639
"Thyreus.ramosus","M_015",6,104,0.0576923076923077,0.0596776871961083
"Thyreus.truncatus","M_015",1,104,0.00961538461538462,-0.513417562861757
"Triepeolus.concavus","M_062",2,121,0.0165289256198347,-0.660633590110455
"Triepeolus.cressonii","M_062",67,121,0.553719008264463,2.3227296641983
"Triepeolus.donatus","M_062",95,121,0.785123966942149,3.60787075836208
"Triepeolus.helianthi","M_062",33,121,0.272727272727273,0.762201192713721
"Triepeolus.helianthi.grandior","M_005",1,37,0.027027027027027,-0.666105984335433
"Triepeolus.lunatus","M_062",1,121,0.00826446280991736,-0.70653148633059
"Triepeolus.micropygius","M_062",6,121,0.0495867768595041,-0.477042005229917
"Triepeolus.nevadensis","M_062",4,121,0.0330578512396694,-0.568837797670186
"Triepeolus.pennipes","M_062",37,121,0.305785123966942,0.94579277759426
"Triepeolus.remigatus","M_062",25,121,0.206611570247934,0.395018022952643
"Triepeolus.simplex","M_062",18,121,0.148760330578512,0.0737327494117003
"Trigona.angustula","M_030",1,8,0.125,-0.609937545592833
"Trigona.fulviventris","M_077",7,7,1,1.41421356237309
"Trigona.gr..fuscipennis","M_076",1,34,0.0294117647058824,-0.595131915264257
"Trigona.spinipes","M_076",12,34,0.352941176470588,0.43851825335261
"Trigonisca.intermedia","M_076",5,34,0.147058823529412,-0.219259126676305
"Xanthosarus.latimanus","M_062",4,121,0.0330578512396694,-0.568837797670186
"Xenoglossa.strenua","M_062",34,121,0.28099173553719,0.808099088933856
"Xenoglossodes.albata","M_062",14,121,0.115702479338843,-0.109858835468839
"Xylocopa.amamensis","M_044",21,21,1,2.93517362696089
"Xylocopa.appendicuiata.circumvolan","M_054",1,24,0.0416666666666667,-0.593486613708003
"Xylocopa.appendiculata","M_055",1,12,0.0833333333333333,-0.736271454932668
"Xylocopa.appendiculata.circumvolan","M_054",24,24,1,3.74616983912798
"Xylocopa.appendiculata.circumvolan","M_057",1,37,0.027027027027027,-0.565502610273691
"Xylocopa.appendicutata","M_055",2,12,0.166666666666667,-0.39114421043298
"Xylocopa.augusti","M_072",7,66,0.106060606060606,-0.336804545454682
"Xylocopa.caffra","M_061",9,31,0.290322580645161,-0.707909855586404
"Xylocopa.cantabrita","M_016",7,14,0.5,1.50520982510139
"Xylocopa.ciliata","M_072",19,66,0.287878787878788,0.380872429906696
"Xylocopa.darwini","M_026",80,80,1,NA
"Xylocopa.darwini","M_042",11,11,1,NA
"Xylocopa.fenestrata","M_11.2",3,12,0.25,-0.707106781186548
"Xylocopa.fibriata","M_030",1,8,0.125,-0.609937545592833
"Xylocopa.grisescens","M_059",1,13,0.0769230769230769,-1.26491106406735
"Xylocopa.iris","M_015",8,104,0.0769230769230769,0.288915787219254
"Xylocopa.violacea","M_015",5,104,0.0480769230769231,-0.0549413628154647
"Xylocopa.violacea","M_016",1,14,0.0714285714285714,-0.696440366837959
"Xylocopa.virginica.virginica","M_025",6,7,0.857142857142857,1.30991960653717
