"ID","plantas"
"M_001","Acaena.pinnatifida"
"M_001","Adesmia.aconcaguensis"
"M_001","Adesmia.brachysemon"
"M_001","Adesmia.conferta"
"M_001","Adesmia.exilis"
"M_001","Adesmia.montana"
"M_001","Adesmia.radicifolia"
"M_001","Alstromemeria.pallida"
"M_001","Anarthrophyllum.cumingii"
"M_001","Asteriscium.aemocarpon"
"M_001","Astragalus.curvicaulis"
"M_001","Astragalus.sp"
"M_001","Barneoudia.chilensis"
"M_001","Barneoudia.major"
"M_001","Berberis.empetrifolia"
"M_001","Berberis.montana"
"M_001","Bowlesia.tropaeolifolia"
"M_001","Calandrinia.affinis"
"M_001","Calandrinia.uspallatensis"
"M_001","Calceolaria.arachnoides"
"M_001","Calceolaria.biflora"
"M_001","Calceolaria.montana"
"M_001","Calceolaria.sp"
"M_001","Cardamine.nivalis"
"M_001","Cerastium.arvense"
"M_001","Chaetanthera.euphrasioides"
"M_001","Chaetanthera.microphylla"
"M_001","Chuquiraga.oppositifolia"
"M_001","Clarkia.tenella"
"M_001","Collomia.biflora"
"M_001","Cynoglossum.creticum"
"M_001","Erodium.cicutarium"
"M_001","Euphorbia.portulacoides"
"M_001","Haplopappus.chysanthemifolius"
"M_001","Haplopappus.sericeus"
"M_001","Hippeastrum.uniflorum"
"M_001","Hypochoeris.sp"
"M_001","Lathyrus.subandinus"
"M_001","Lepidium.suffruticosum"
"M_001","Leuceria.landbeckii"
"M_001","Leucocoryne.ixioides"
"M_001","Leucocoryne.pauciflora"
"M_001","Loasa.heterophylla"
"M_001","Loasa.sigmoidea"
"M_001","Lupinus.microcarpus"
"M_001","Madia.sativa"
"M_001","Malesherbia.linearifolius"
"M_001","Mulinum.spinosum"
"M_001","Mustisia.acerosa"
"M_001","Mustisia.sinuata"
"M_001","Mustisia.subulata"
"M_001","Nardophyllum.lanatum"
"M_001","Nassauvia.heterophylla"
"M_001","Nothoscordum.andinum"
"M_001","Oenothera.acaulis"
"M_001","Oxalis.geminata"
"M_001","Oxalis.sp2"
"M_001","Perezia.carthamoides"
"M_001","Phacelia.secunda"
"M_001","Quinchamalium.chilensis"
"M_001","Rhodophiala.montana"
"M_001","Salpiglossus.sp"
"M_001","Sanicula.graveolens"
"M_001","Schizanthus.garhamii"
"M_001","Schizanthus.hookeri"
"M_001","Scypanthus.elegans"
"M_001","Senecio.bustillosianus"
"M_001","Senecio.erucaeformis"
"M_001","Senecio.francisci"
"M_001","Senecio.lithostaurus"
"M_001","Sisyrinchium.arenarium"
"M_001","Sisyrinchium.junceum"
"M_001","Sisyrinchium.philippii"
"M_001","Solanum.tomatillo"
"M_001","Solenomelus.sisyrinchium"
"M_001","Stachys.albicaulis"
"M_001","Tetraglochin.alatum"
"M_001","Trichocereus.chiloensis"
"M_001","Tristagama.bivalve"
"M_001","Tristagama.nivale"
"M_001","Tristagama.sessile"
"M_001","Tropaeolum.polyphyllum"
"M_001","Tropaeolum.sessilifolium"
"M_001","Tropaeolum.tricolor"
"M_001","Valeriana.gracileps"
"M_001","Verbena.scoparia"
"M_001","Viola.atropurpurea"
"M_002","Acaena.pinnatifida"
"M_002","Anarthrophyllum.cumingii"
"M_002","Anarthrophyllum.gayanum"
"M_002","Astragalus.curvicaulis"
"M_002","Azorella.bolacina"
"M_002","Azorella.monantha"
"M_002","Berberis.empetrifolia"
"M_002","Calandrinia.affinis"
"M_002","Calandrinia.dianthoides"
"M_002","Calandrinia.sericea"
"M_002","Calceolaria.arachnoides"
"M_002","Calceolaria.biflora"
"M_002","Cardamine.nivalis"
"M_002","Cerastium.arvense"
"M_002","Cerastium.montioides"
"M_002","Chaetanthera.euphrasioides"
"M_002","Chaetanthera.pusilla"
"M_002","Chuquiraga.oppositifolia"
"M_002","Discaria.nana"
"M_002","Erigeron.andicola"
"M_002","Euphorbia.portulacoides"
"M_002","L.acaulis"
"M_002","Loasa.caespitosa"
"M_002","Mustisia.sinuata"
"M_002","Nassauvia.axillaris"
"M_002","Nassauvia.heterophylla"
"M_002","Nastanthus.spathulatus"
"M_002","Nothoscordum.andinum"
"M_002","Oxalis.compacta"
"M_002","Oxalis.geminata"
"M_002","Ranunculus.peduncularis"
"M_002","Rhodophiala.montana"
"M_002","Sanicula.graveolens"
"M_002","Senecio.bustillosianus"
"M_002","Senecio.crithmoides"
"M_002","Senecio.erucaeformis"
"M_002","Senecio.francisci"
"M_002","Senecio.sp"
"M_002","Stenodraba.stenophylla"
"M_002","Tristagama.nivale"
"M_002","Tropaeolum.polyphyllum"
"M_002","Viola.philippii"
"M_002","Werneria.pygmaea"
"M_003","Acaena.pinnatifida"
"M_003","Adesmia.capitellata"
"M_003","Adesmia.glomerula"
"M_003","Azorella.madreporica"
"M_003","Caiophora.coronata"
"M_003","Calandrinia.affinis"
"M_003","Calandrinia.caespitosa"
"M_003","Calandrinia.occulta"
"M_003","Calandrinia.picta"
"M_003","Calandrinia.sericea"
"M_003","Cardamine.nivalis"
"M_003","Cerastium.arvense"
"M_003","Cerastium.montioides"
"M_003","Chaetanthera.apiculata"
"M_003","Chaetanthera.flabellata"
"M_003","Chaetanthera.lycopodioides"
"M_003","Draba.gilliesii"
"M_003","Draba.tenuis"
"M_003","Erigeron.andicola"
"M_003","Junellia.uniflora"
"M_003","L.acaulis"
"M_003","Leuceria.salina"
"M_003","Loasa.caespitosa"
"M_003","Nassauvia.lagascae"
"M_003","Nassauvia.pinnigera"
"M_003","Nassauvia.pungens"
"M_003","Nastanthus.aglomeratus"
"M_003","Nastanthus.spathulatus"
"M_003","Nototriche.compacta"
"M_003","Oreopolus.glacialis"
"M_003","Oxalis.compacta"
"M_003","Oxalis.sp1"
"M_003","Phacelia.secunda"
"M_003","Pozoa.coriacea"
"M_003","Ranunculus.peduncularis"
"M_003","Senecio.francisci"
"M_003","Tropaeolum.polyphyllum"
"M_003","Valeriana.radicalis"
"M_003","Viola.atropurpurea"
"M_003","Viola.montagnei"
"M_003","Viola.philippii"
"M_004","Aralia.nudicaulis"
"M_004","Chimaphila.umbellata"
"M_004","Clintonia.borealis"
"M_004","Cornus.canadensis"
"M_004","Cypripedium.acaule"
"M_004","Linnaea.borealis"
"M_004","Maianthemum.canadense"
"M_004","Medeola.virginiana"
"M_004","Oxalis.montana"
"M_004","Pyrola.secunda"
"M_004","Trientalis.borealis"
"M_004","Trillium.undulatum"
"M_005","Achillea.millefolium"
"M_005","Aconitum.columbianum"
"M_005","Allium.recurvatum"
"M_005","Apocynum.androsaemifolium"
"M_005","Aquilegia.brevistyla"
"M_005","Aquilegia.coerulea"
"M_005","Aragalus.lamberti"
"M_005","Arctostaphylus.uva-ursi"
"M_005","Asclepias.halli"
"M_005","Asclepias.speciosa"
"M_005","Aster.foliaceus"
"M_005","Astragalus.drummondi"
"M_005","Calochortus.gunnisoni"
"M_005","Caltha.leptosepala"
"M_005","Campanula.rotundifolia"
"M_005","Capnoides.aureum"
"M_005","Carduus.hookerianus"
"M_005","Castilleia.miniata"
"M_005","Chamaenerium.angustifolium"
"M_005","Chrysopsis.villosa"
"M_005","Clementsia.rhodantha"
"M_005","Cleome.serrulata"
"M_005","Dasyphora.fruticosa"
"M_005","Delphinium.scopulorum"
"M_005","Dodecatheon.meadia"
"M_005","Draba.aurea"
"M_005","Drymocallis.fissa"
"M_005","Elephantella.groenlandica"
"M_005","Erigeron.macranthus"
"M_005","Erigeron.uniflorus"
"M_005","Erysimum.asperum"
"M_005","Fragaria.vesca"
"M_005","Frasera.speciosa"
"M_005","Galium.boreale"
"M_005","Gentiana.parryi"
"M_005","Geranium.caespitosum"
"M_005","Geranium.richardsoni"
"M_005","Geum.rivale"
"M_005","Gilia.aggregata"
"M_005","Helianthus.petiolaris"
"M_005","Heracleum.lanatum"
"M_005","Holodiscus.dumosus"
"M_005","Ibidium.strictum"
"M_005","Iris.missouriensis"
"M_005","Jamesia.americana"
"M_005","Lappula.floribunda"
"M_005","Lathyrus.ornatus"
"M_005","Linaria.vulgaris"
"M_005","Lithospermum.canescens"
"M_005","Malvastrum.coccineum"
"M_005","Mentzelia.multiflora"
"M_005","Mertensia.pratensis"
"M_005","Mertensia.sibirica"
"M_005","Monarda.fistulosa"
"M_005","Onagra.biennis"
"M_005","Opulaster.opulifolius"
"M_005","Oreochrysum.parryi"
"M_005","Pachylophus.caespitosus"
"M_005","Pedicularis.parryi"
"M_005","Pedicularis.racemosa"
"M_005","Penstemon.halli"
"M_005","Penstemon.secundiflorus"
"M_005","Penstemon.unilateralis"
"M_005","Pentstemon.glaber"
"M_005","Pentstemon.glaucus"
"M_005","Pentstemon.gracilis"
"M_005","Petalostemon.candidus"
"M_005","Petalostemon.purpureus"
"M_005","Phacelia.heterophylla"
"M_005","Physaria.didymocarpa"
"M_005","Polygonum.bistorta"
"M_005","Potentilla.arguta"
"M_005","Potentilla.gracilis"
"M_005","Potentilla.pulcherrima"
"M_005","Prunus.demissa"
"M_005","Prunus.pennsylvanica"
"M_005","Prunus.virginiana"
"M_005","Rosa.acicularis"
"M_005","Rubus.deliciosus"
"M_005","Rubus.strigosus"
"M_005","Rydbergia.grandilfora"
"M_005","Sambucus.racemosa"
"M_005","Scutellaria.resinosa"
"M_005","Sedum.stenopetalum"
"M_005","Sieversia.ciliata"
"M_005","Sieversia.turbinata"
"M_005","Silene.acaulis"
"M_005","Silene.halli"
"M_005","Solidago.missouriensis"
"M_005","Stanleya.pinnatifida"
"M_005","Taraxacum.officinale"
"M_005","Thalictrum.fendleri"
"M_005","Thermopsis.montana"
"M_005","Tradescantia.virginiana"
"M_005","Trifolium.dasyphyllum"
"M_005","Valeriana.edulis"
"M_006","Achillea.millefolium"
"M_006","Centaurea.nigra"
"M_006","Cirsium.arvense"
"M_006","Hypochoeris.radicata"
"M_006","Lathyrus.pratensis"
"M_006","Leucanthemum.vulgare"
"M_006","Lotus.corniculatus"
"M_006","Lychnis.flos-cuculi"
"M_006","Plantago.lanceolata"
"M_006","Prunella.vulgaris"
"M_006","Ranunculus.acris"
"M_006","Taraxacum.officinale"
"M_006","Trifolium.dubium"
"M_006","Trifolium.pratense"
"M_006","Trifolium.repens"
"M_006","Vicia.cracca"
"M_006","Vicia.sativa"
"M_007","Centaurea.nigra"
"M_007","Cerastium.fontanum"
"M_007","Cirsium.arvense"
"M_007","Cirsium.palustre"
"M_007","Filipendula.ulmaria"
"M_007","Galium.verum"
"M_007","Hypochoeris.radicata"
"M_007","Lathyrus.pratensis"
"M_007","Leucanthemum.vulgare"
"M_007","Lotus.corniculatus"
"M_007","Orchis.morio"
"M_007","Primula.veris"
"M_007","Ranunculus.acris"
"M_007","Taraxacum.officinale"
"M_007","Trifolium.dubium"
"M_007","Trifolium.repens"
"M_008","Adenocarpus.viscosus"
"M_008","Argyranthemum.teneriffae"
"M_008","Echium.wildpretii"
"M_008","Erysimum.scoparium"
"M_008","Mentha.longifolia"
"M_008","Nepeta.teydea"
"M_008","Pimpinella.cumbrae"
"M_008","Pterocephalus.lasiospermus"
"M_008","Scrophularia.glabrata"
"M_008","Spartocytisus.supranubius"
"M_008","Tolpis.webbii"
"M_009","Antennaria.alpina"
"M_009","Arabis.alpina"
"M_009","Astragalus.alpinus"
"M_009","Bartsia.alpina"
"M_009","Cassiope.hypnoides"
"M_009","Cassiope.tetragona"
"M_009","Cerastium.alpinum"
"M_009","Diapensia.lapponica"
"M_009","Dryas.octopetala"
"M_009","Parnassia.palustris"
"M_009","Pinguicula.alpina"
"M_009","Polygonum.viviparum"
"M_009","Potentilla.crantzii"
"M_009","Rhodiola.rosea"
"M_009","Rhododendron.lapponicum"
"M_009","Salix.lanata"
"M_009","Salix.polaris"
"M_009","Salix.reticulata"
"M_009","Saxifraga.aizoides"
"M_009","Saxifraga.oppositifolia"
"M_009","Silene.acaulis"
"M_009","Taraxacum.officinale"
"M_009","Trollius.europaeus"
"M_009","Viola.biflora"
"M_010","Arenaria.pseudofrigida"
"M_010","Armeria.scabra"
"M_010","Arnica.angustifolia"
"M_010","Cassiope.tetragona"
"M_010","Cerastium.arcticum"
"M_010","Cochlearia.groenlandica"
"M_010","Draba.arctica"
"M_010","Draba.lactea"
"M_010","Dryas.octopetala"
"M_010","Epilobium.latifolium"
"M_010","Erigeron.compositus"
"M_010","Lesquerella.arctica"
"M_010","Melandrium.triflorum"
"M_010","Papaver.radicatum"
"M_010","Pedicularis.flammea"
"M_010","Pedicularis.hirsuta"
"M_010","Polygonum.viviparum"
"M_010","Potentilla.hyparctica"
"M_010","Potentilla.rubricaulis"
"M_010","Ranunculus.sulphureus"
"M_010","Rhododendron.lapponicum"
"M_010","Salix.arctica"
"M_010","Saxifraga.caespitosa"
"M_010","Saxifraga.cernua"
"M_010","Saxifraga.hirculus"
"M_010","Saxifraga.nivalis"
"M_010","Saxifraga.oppositifolia"
"M_010","Silene.acaulis"
"M_010","Stellaria.longipes"
"M_010","Taraxacum.phymatocarpum"
"M_010","Vaccinium.uliginosum"
"M_012","Adenocarpus.foliosus"
"M_012","Ageretina.adenophora"
"M_012","Aichryson.laxum"
"M_012","Anacyclus.radiatus"
"M_012","Andryala.pinnatifida"
"M_012","Appolonias.barbujana"
"M_012","Argyranthemum.broussonetti"
"M_012","Carduus.tenuiflorus"
"M_012","Cedronella.canariensis"
"M_012","Cistus.monspeliensis"
"M_012","Echium.plantagineum"
"M_012","Erica.arborea"
"M_012","Galactites.tomentosa"
"M_012","Geranium.canariense"
"M_012","Geranium.robertianum"
"M_012","Hypericum.grandifolium"
"M_012","Ilex.canarienis"
"M_012","Laurus.azorica"
"M_012","Leontodon.taraxacoides"
"M_012","Picconia.excelsa"
"M_012","Psoralia.bituminosa"
"M_012","Ranunculus.cortusaefolius"
"M_012","Raphanus.raphanistrum"
"M_012","Rhamnus.glandulosa"
"M_012","Senecio.steetzii"
"M_012","Silene.gallica"
"M_012","Sonchus.cf..ortunoi"
"M_012","Sonchus.tenerrimus"
"M_012","Viola.riviniana"
"M_013","Asclepias.cucullata"
"M_013","Asclepias.woodii"
"M_013","Aspidonepsis.diploglossa"
"M_013","Miraglossum.pilosum"
"M_013","Miraglossum.verticillare"
"M_013","Pachycarpus.natalensis"
"M_013","Sisyranthus.trichostomus"
"M_013","Xysmalobium.gerrardii"
"M_013","Xysmalobium.involucratum"
"M_014","Arnica.sp1.M.PL.014"
"M_014","Braya.sp1.M.PL.014"
"M_014","Cassiope.tetragona"
"M_014","Cerastium.alpinum"
"M_014","Cerastium.arcticum"
"M_014","Draba.bellii"
"M_014","Draba.cinerea"
"M_014","Draba.oblongata"
"M_014","Dryas.sp1.M.PL.014"
"M_014","Epilobium.sp1.M.PL.014"
"M_014","Erigeron.sp1.M.PL.014"
"M_014","Erysimum.sp1.M.PL.014"
"M_014","Lesquerella.arctica"
"M_014","Lychnis.triflora"
"M_014","Papaver.sp1.M.PL.014"
"M_014","Pedicularis.capitata"
"M_014","Pedicularis.sp1.M.PL.014"
"M_014","Polygonum.viviparum"
"M_014","Potentilla.sp1.M.PL.014"
"M_014","Salix.sp1.M.PL.014"
"M_014","Saxifraga.cernua"
"M_014","Saxifraga.flagellaris"
"M_014","Saxifraga.hirculus"
"M_014","Saxifraga.oppositifolia"
"M_014","Saxifraga.sp1.M.PL.014"
"M_014","Saxifraga.tricuspidata"
"M_014","Silene.sp1.M.PL.014"
"M_014","Stellaria.sp1.M.PL.014"
"M_014","Taraxacum.sp1.M.PL.014"
"M_015","Acanthus.spinosus"
"M_015","Alcea.pallida"
"M_015","Alkanna.tinctoria"
"M_015","Allium.neapolitanum"
"M_015","Allium.subhirsutum"
"M_015","Anagallis.arvensis"
"M_015","Anchusa.undulata"
"M_015","Anchusa.variegata"
"M_015","Anemone.coronaria"
"M_015","Anemone.pavonina"
"M_015","Anthyllis.hermanniae"
"M_015","Arisarum.vulgare"
"M_015","Asparagus.acutifolius"
"M_015","Asphodelus.aestivus"
"M_015","Astragalus.monspessulanus"
"M_015","Ballota.acetabulosa"
"M_015","Bellardia.trixago"
"M_015","Bellis.annua"
"M_015","Biscutella.didyma"
"M_015","Calendula.arvensis"
"M_015","Campanula.drabifolia"
"M_015","Capparis.ovata"
"M_015","Capsella.bursa-pastoris"
"M_015","Cardaria.draba"
"M_015","Carduus.pycnocephalus"
"M_015","Centaurea.orphanidea"
"M_015","Centaurea.raphanina"
"M_015","Chamomilla.recutita"
"M_015","Chondrilla.juncea"
"M_015","Chondrilla.ramosissima"
"M_015","Chrysanthemum.coronarium"
"M_015","Cistus.parviflorus"
"M_015","Cistus.salvifolius"
"M_015","Convolvulus.althaeoides"
"M_015","Convolvulus.arvensis"
"M_015","Convolvulus.cantabrica"
"M_015","Crocus.cancellatus"
"M_015","Crocus.laevigatus"
"M_015","Crupina.crupinastrum"
"M_015","Cyclamen.graecum"
"M_015","Daucus.guttatus"
"M_015","Delphinium.peregrinum"
"M_015","Dittrichia.graveolens"
"M_015","Ebenus.sibthorpii"
"M_015","Ecballium.elaterium"
"M_015","Echinops.microcephalus"
"M_015","Echium.angustifolium"
"M_015","Erica.manipuliflora"
"M_015","Erodium.cicutarium"
"M_015","Erodium.malacoides"
"M_015","Eruca.vesicaria"
"M_015","Eryngium.campestre"
"M_015","Euphorbia.acanthothamnos"
"M_015","Fritillaria.graeca"
"M_015","Fumana.arabica"
"M_015","Fumana.thymifolia"
"M_015","Fumaria.amarysia"
"M_015","Gagea.granatelli"
"M_015","Geranium.rotundifolium"
"M_015","Globularia.alypum"
"M_015","Helichrysum.stoechas"
"M_015","Heliotropium.dolosum"
"M_015","Heliotropium.europaeum"
"M_015","Heliotropium.hirsutissimum"
"M_015","Hirschfeldia.incana"
"M_015","Hymenocarpus.circinnatus"
"M_015","Hypericum.empetrifolium"
"M_015","Hypericum.triquetrifolium"
"M_015","Hypochoeris.achyrophorus"
"M_015","Iris.pumila"
"M_015","Lamium.amplexicaule"
"M_015","Lathyrus.cicera"
"M_015","Linum.strictum"
"M_015","Malcolmia.chia"
"M_015","Malva.sylvestris"
"M_015","Medicago.lupulina"
"M_015","Muscari.commutatum"
"M_015","Muscari.comosum"
"M_015","Muscari.neglectum"
"M_015","Nigella.arvensis"
"M_015","Ononis.ornithopioides"
"M_015","Ophrys.lutea"
"M_015","Ophrys.sphegodes"
"M_015","Ophrys.tenthredinifera"
"M_015","Ornithogalum.exscapum"
"M_015","Osyris.alba"
"M_015","Oxalis.pes-caprae"
"M_015","Pallenis.spinosa"
"M_015","Papaver.rhoeas"
"M_015","Petrorhagia.velutina"
"M_015","Phagnalon.graecum"
"M_015","Phlomis.fructicosa"
"M_015","Plantago.lagopus"
"M_015","Prasium.majus"
"M_015","Psoralea.bituminosa"
"M_015","Pterocephalus.papposus"
"M_015","Ranunculus.spruneranus"
"M_015","Reichardia.picroides"
"M_015","Reseda.alba"
"M_015","Ruta.graveolens"
"M_015","Salvia.triloba"
"M_015","Salvia.verbenaca"
"M_015","Sarcopoterium.spinosum"
"M_015","Satureja.thymbra"
"M_015","Scabiosa.atropurpurea"
"M_015","Scaligeria.cretica"
"M_015","Scandix.australis"
"M_015","Scilla.autumnalis"
"M_015","Scolymus.hispanicus"
"M_015","Scorzonera.cana"
"M_015","Scorzonera.lanata"
"M_015","Senecio.vulgaris"
"M_015","Sherardia.arvensis"
"M_015","Silene.colorata"
"M_015","Sisymbrium.orientale"
"M_015","Stachys.cretica"
"M_015","Sternbergia.lutea"
"M_015","Taraxacum.officinale"
"M_015","Teucrium.polium"
"M_015","Thapsia.garganica"
"M_015","Thymelaea.hirsuta"
"M_015","Thymelaea.tartonraira"
"M_015","Thymus.capitatus"
"M_015","Tordylium.apulum"
"M_015","Tragopogon.porrifolius"
"M_015","Tremastelma.palestinum"
"M_015","Trifolium.repens"
"M_015","Trifolium.stellatum"
"M_015","Urginea.maritima"
"M_015","Verbascum.undulatum"
"M_015","Veronica.persica"
"M_016","Armeria.velutina"
"M_016","Asparagus.aphyllus"
"M_016","Calluna.vulgaris"
"M_016","Chamaerops.humilis"
"M_016","Cistus.libanotis"
"M_016","Cistus.salvifolius"
"M_016","Cytisus.grandiflorus"
"M_016","Daphne.gnidium"
"M_016","Erica.ciliaris"
"M_016","Halimium.commutatum"
"M_016","Halimium.halimifolium"
"M_016","Helianthemum.croceum"
"M_016","Helichrysum.picardii"
"M_016","Lavandula.stoechas"
"M_016","Lonicera.periclymenum"
"M_016","Myrtus.communis"
"M_016","Osyris.alba"
"M_016","Osyris.quadripartita"
"M_016","Phillyrea.angustifolia"
"M_016","Rosmarinus.officinalis"
"M_016","Rubus.ulmifolius"
"M_016","Smilax.aspera"
"M_016","Stauracanthus.genistoides"
"M_016","Thymus.mastichina"
"M_016","Ulex.minor"
"M_016","Ulex.parviflorus"
"M_017","Aethusa.cynapium"
"M_017","Agrimonia.eupatoria"
"M_017","Angelica.sylvestris"
"M_017","Centaurea.nigra"
"M_017","Chamerion.angustifolium"
"M_017","Clematis.vitalba"
"M_017","Convolvulus.arvensis"
"M_017","Crepis.capillaris"
"M_017","Daucus.carota"
"M_017","Eupatorium.cannabinum"
"M_017","Euphrasia.officinalis"
"M_017","Hypochoeris.radicata"
"M_017","Knautia.arvensis"
"M_017","Lathyrus.pratensis"
"M_017","Leontodon.autumnalis"
"M_017","Leontodon.hispidus"
"M_017","Leontodon.saxatilis"
"M_017","Linum.catharticum"
"M_017","Lotus.corniculatus"
"M_017","Medicago.lupulina"
"M_017","Plantago.major"
"M_017","Rubus.fruticosus"
"M_017","Senecio.jacobea"
"M_017","Torilis.japonica"
"M_017","Trifolium.pratense"
"M_018","Achillea.millefolium"
"M_018","Aegopodium.podagraria"
"M_018","Allium.scorodoprasum"
"M_018","Angelica.sylvestris"
"M_018","Calystegia.sepium"
"M_018","Cerastium.glomeratum"
"M_018","Chaerophyllum.temulentum"
"M_018","Chamomilla.recutita"
"M_018","Chrysanthemum.maximum"
"M_018","Cirsium.arvense"
"M_018","Cirsium.vulgare"
"M_018","Daucus.carota"
"M_018","Echium.vulgare"
"M_018","Epilobium.montanum"
"M_018","Eupatorium.cannabinum"
"M_018","Geranium.robertianum"
"M_018","Hypericum.perforatum"
"M_018","Juncus.effusus"
"M_018","Lapsana.communis"
"M_018","Lychnis.flos-cuculi"
"M_018","Malva.sylvestris"
"M_018","Melilotus.albus"
"M_018","Myosotis.palustris"
"M_018","Prunella.vulgaris"
"M_018","Ranunculus.repens"
"M_018","Senecio.jacobea"
"M_018","Silene.dioica"
"M_018","Sonchus.arvensis"
"M_018","Sonchus.palustris"
"M_018","Stachys.palustris"
"M_018","Stachys.sylvatica"
"M_018","Tanacetum.vulgare"
"M_018","Trifolium.dubium"
"M_018","Trifolium.repens"
"M_018","Tripleurospermum.inodorum"
"M_018","Verbascum.thapsus"
"M_018","Veronica.agrestis"
"M_018","Vicia.hirsuta"
"M_018","Vicia.sepium"
"M_019","Achillea.millefolium"
"M_019","Aciphylla.glacialis"
"M_019","Aciphylla.simplicifolia"
"M_019","Asperula.gunnii"
"M_019","Baeckia.gunniana"
"M_019","Brachycome.scapiformis"
"M_019","Brachycome.scapigera"
"M_019","Brachycome.sp1.M.PL.019"
"M_019","Brachycome.stolonifera"
"M_019","Celmisia.longifolia"
"M_019","Craspedia.sp1.M.PL.019"
"M_019","Epacris.microphylla"
"M_019","Epacris.petrophila"
"M_019","Epilobium.gunnianum"
"M_019","Euphrasia.collina"
"M_019","Gentianella.diemensis"
"M_019","Helichrysum.alpinum"
"M_019","Helichrysum.scorpioides"
"M_019","Helipterum.albicans"
"M_019","Hypochoeris.radicata"
"M_019","Kunzea.muelleri"
"M_019","Leptorhynchos.squamatus"
"M_019","Leucopogon.montanus"
"M_019","Microseris.lanceolata"
"M_019","Neopaxia.australasica"
"M_019","Olearia.phlogopappa"
"M_019","Orites.lancifolia"
"M_019","Oxylobium.ellipticum"
"M_019","Pentachondra.pumila"
"M_019","Phebalium.ovatifolium"
"M_019","Pimelea.ligustrina"
"M_019","Prasophyllum.alpinum"
"M_019","Prostanthera.cuneata"
"M_019","Richea.continentis"
"M_019","Senecio.gunnii"
"M_019","Senecio.lautus"
"M_019","Senecio.pectinatus"
"M_019","Stackhousia.pulvinaris"
"M_019","Stylidium.graminifolium"
"M_019","Wahlenbergia.ceracea"
"M_020","Arnica.alpina"
"M_020","Cassiope.tetragona"
"M_020","Cerastium.alpinum"
"M_020","Draba.sp1.M.PL.020"
"M_020","Dryas.integrifolia"
"M_020","Erigeron.compositus"
"M_020","Erigeron.eriocephalus"
"M_020","Erysimum.pallasii"
"M_020","Lesquerella.arctica"
"M_020","Papaver.radicatum"
"M_020","Pedicularis.arctica"
"M_020","Pedicularis.capitata"
"M_020","Polygonum.viviparum"
"M_020","Potentilla.nivea"
"M_020","Ranumculus.sulphureus"
"M_020","Salix.arctica"
"M_020","Saxifraga.hirculus"
"M_020","Saxifraga.oppositifolia"
"M_020","Stellaria.longipes"
"M_020","Taraxacum.arctogenum"
"M_021","Acer.rufinerve"
"M_021","Adenocaulon.himalaicum"
"M_021","Aesculus.turbinata"
"M_021","Agrimonia.pilosa"
"M_021","Ainsliaea.acerifolia"
"M_021","Alangium.platanifolium"
"M_021","Ampelopsis.brevipedunculata"
"M_021","Anemone.flaccida"
"M_021","Angelica.polymorpha"
"M_021","Angelica.pubescens"
"M_021","Antenoron.filiforme"
"M_021","Anthriscus.aemula"
"M_021","Aruncus.dioicus"
"M_021","Aster.glehni"
"M_021","Astilbe.thunbergii"
"M_021","Aucuba.japonica"
"M_021","Benthamida.kousa"
"M_021","Bistorta.tenuicaulis"
"M_021","Cacalia.delphiniifolia"
"M_021","Cardiandra.alternifolia"
"M_021","Carpesium.divaricatum"
"M_021","Caryopteris.divaricata"
"M_021","Castanea.crenata"
"M_021","Cirsium.japonicum"
"M_021","Cirsium.kagamontanum"
"M_021","Clinopodium.micranthum"
"M_021","Commelina.communis"
"M_021","Corydalis.lineariloba"
"M_021","Corydalis.pallida"
"M_021","Cryptotaenia.japonica"
"M_021","Desmodium.podocarpum"
"M_021","Deutzia.crenata"
"M_021","Disporum.sessile"
"M_021","Epimedium.grandiflorum"
"M_021","Euonymus.alatus"
"M_021","Euonymus.sieboldianus"
"M_021","Geranium.nepalense"
"M_021","Geum.japonicum"
"M_021","Hovenia.tomentella"
"M_021","Hydrangea.hirta"
"M_021","Hydrangea.macrophylla"
"M_021","Hydrangea.paniculata"
"M_021","Impatiens.noli-tangere"
"M_021","Impatiens.textori"
"M_021","Ixeris.dentata"
"M_021","Kalimeris.yomena"
"M_021","Lespedeza.bicolor"
"M_021","Ligustrum.obtusifolium"
"M_021","Lysimachia.clethroides"
"M_021","Magnolia.salicifolia"
"M_021","Oxalis.griffithii"
"M_021","Patrinia.villosa"
"M_021","Persicaria.aestiva"
"M_021","Persicaria.pubescens"
"M_021","Persicaria.senticosa"
"M_021","Persicaria.thunbergii"
"M_021","Petasites.japonicus"
"M_021","Phellodendron.amurense"
"M_021","Plantago.asiatica"
"M_021","Polygonatum.macranthum"
"M_021","Prunus.Grayana"
"M_021","Prunus.incisa"
"M_021","Prunus.salicina"
"M_021","Rabdosia.longituba"
"M_021","Rabdosia.trichocarpa"
"M_021","Reynoutria.japonica"
"M_021","Rhus.javanica"
"M_021","Rhus.trichocarpa"
"M_021","Rosa.multiflora"
"M_021","Rubus.illecebrosus"
"M_021","Rubus.microphyllus"
"M_021","Rubus.palmatus"
"M_021","Rubus.parvifolius"
"M_021","Salix.gracilistyla"
"M_021","Salvia.glabrescens"
"M_021","Siegesbeckia.orientalis"
"M_021","Spuriopimpinella.nikoensis"
"M_021","Stachyurus.praecox"
"M_021","Stenactis.annuus"
"M_021","Styrax.japonica"
"M_021","Swida.controversa"
"M_021","Symplocos.chinensis"
"M_021","Tricyrtis.hirta"
"M_021","Trifolium.repens"
"M_021","Tripterospermum.japonicum"
"M_021","Viburnum.plicatum"
"M_021","Viola.grypoceras"
"M_021","Viola.kusanoana"
"M_021","Viola.vaginata"
"M_021","Viola.verecunda"
"M_021","Weigela.hortensis"
"M_022","Adesmia.haemisphaerica"
"M_022","Astragalus.cruckshanksii"
"M_022","Astragalus.nivicola"
"M_022","Azorella.monanthos"
"M_022","Calandrinia.caespitosa"
"M_022","Cerastium.arvense"
"M_022","Discaria.nana"
"M_022","Epilobium.nivale."
"M_022","Hypochoeris.montana."
"M_022","Jaborosa.laciniata."
"M_022","Leuceria.candidissima."
"M_022","Loasa.incurva."
"M_022","Menonvillea.hookeri."
"M_022","Montiopsis.gilliesii."
"M_022","Oxalis.erythrorhiza"
"M_022","Perezia.pilifera"
"M_022","Phacelia.secunda"
"M_022","Senecio.looseri."
"M_022","Senecio.tricephalus."
"M_022","Sisyrinchium.junceum"
"M_022","Tarasa.humilis."
"M_023","Adesmia.retrofracta"
"M_023","Arjona.patagonica"
"M_023","Baccharis.pingraea"
"M_023","Discaria.trinervis"
"M_023","Grindelia.chiloensis"
"M_023","Hysterionica.jasionoides"
"M_023","Junellia.tonini"
"M_023","Larrea.divaricata"
"M_023","Lathyrus.sp1.M.PL.023"
"M_023","Lecanophora.heterophylla"
"M_023","Mimulus.sp1.M.PL.023"
"M_023","Mutisia.decurrens"
"M_023","Oenothera.mendocinensis"
"M_023","Opuntia.corrugata"
"M_023","Oxalis.sp1.M.PL.023"
"M_023","Phacelia.secunda"
"M_023","Polygala.stenophylla"
"M_023","Pyrrhocactus.strausianum"
"M_023","Rapistrum.rugosum"
"M_023","Rosa.rubiginosa"
"M_023","Senecio.filaginoides"
"M_023","Senecio.subulatus"
"M_023","Thelesperma.megapotamicum"
"M_024","Arnica.alpina"
"M_024","Astragalus.alpinus"
"M_024","Caltha.palustris."
"M_024","Cerastium.alpinum"
"M_024","Dryas.integrifolia"
"M_024","Geum.rossii."
"M_024","Oxytropis.arctica."
"M_024","Papaver.radicatum"
"M_024","Petasites.frigidus."
"M_024","Potentilla.vahliana."
"M_024","Taraxacum.sp1.M.PL.024"
"M_025","Aesculus.sylvatica"
"M_025","Cardamine.angustata.angustata"
"M_025","Claytonia.virginica"
"M_025","Erythronium.umbilicatum"
"M_025","Hepatica.americana"
"M_025","Podophyllum.peltatum"
"M_025","Sangiunaria.canadensis"
"M_025","Stellaria.pubera"
"M_025","Thalictrum.thalictroides"
"M_025","Tiarella.cordifolia.collina"
"M_025","Trillium.catesbei"
"M_025","Uvularia.sessilifolia"
"M_025","Viola.papilionacea"
"M_026","Abelmoschus.manihot"
"M_026","Abutilon.depauperatum"
"M_026","Acacia.insulae-iacobi"
"M_026","Acacia.macracantha"
"M_026","Ageratum.conyzoides"
"M_026","Avicennia.germinans"
"M_026","Bacopa.monniera"
"M_026","Bastardia.viscosa"
"M_026","Bidens.pilosa"
"M_026","Bougainvillea.sp1.M.PL.026"
"M_026","Brassica.campestris"
"M_026","Bursera.graveolens"
"M_026","Cacabus.miersii"
"M_026","Caesalpinia.pulcherrima"
"M_026","Canna.sp1.M.PL.026"
"M_026","Capsicum.frutescens"
"M_026","Cardiospermum.galapageium"
"M_026","Carica.papaya"
"M_026","Cassia.occidentalis"
"M_026","Cassia.picta"
"M_026","Cassia.sp1.M.PL.026"
"M_026","Castela.galapageia"
"M_026","Catharanthus.roseus"
"M_026","Chicocca.alba"
"M_026","Clerodendrum.molle"
"M_026","Clerodendrum.molle.glabr."
"M_026","Clerodendrum.molle.var."
"M_026","Coffea.arabica."
"M_026","Commicarpus.tuberosus"
"M_026","Cordia.leucophlyctis"
"M_026","Cordia.lutea"
"M_026","Cordia.sp1.M.PL.026"
"M_026","Crotalaria.incana"
"M_026","Croton.scouleri"
"M_026","Cryptocarpus.pyriformis"
"M_026","Cucurbita.pepo"
"M_026","Cuphea.racemosa"
"M_026","Darwiniothamnus.tenuifolius"
"M_026","Diodia.radula"
"M_026","Encelia.hispida"
"M_026","Euphorbia.cyathophora"
"M_026","Galactea.striata"
"M_026","Galvezia.leucantha"
"M_026","Galvezia.leucantha.pubescen"
"M_026","Geoffroea.spinosa"
"M_026","Gossypium.barbadense"
"M_026","Gossypium.sp1.M.PL.026"
"M_026","Hibiscus.teliaceus"
"M_026","Inga.edulis"
"M_026","Ipomoea.linearifolia"
"M_026","Ipomoea.pes-caprae"
"M_026","Ipomoea.sp1.M.PL.026"
"M_026","Jaegeria.gracilis"
"M_026","Justicia.galapagana"
"M_026","Lantana.peducularis"
"M_026","Lycopersicon.cheesmanii"
"M_026","Lycopersicon.cheesmanii.minor"
"M_026","Macraea.laricifolia"
"M_026","Malvastrum.coromandelianum"
"M_026","Mentzelia.aspera"
"M_026","Miconia.robinsoniana"
"M_026","Mirabilis.jalapa"
"M_026","Mormordica.charantia"
"M_026","Nolana.galapagensis"
"M_026","Opuntia.echios"
"M_026","Opuntia.echios.gigantea"
"M_026","Opuntia.helleri"
"M_026","Opuntia.megasperma"
"M_026","Opuntia.sp1.M.PL.026"
"M_026","Opuntia.sp2.M.PL.026"
"M_026","Parkinsonia.aculeata"
"M_026","Passiflora.foetida"
"M_026","Persea.maericana"
"M_026","Phyla.sp1.M.PL.026"
"M_026","Physalis.pubescens"
"M_026","Piscidia.carthagenesis"
"M_026","Plumbago.scandens"
"M_026","Polygonum.opelousanum"
"M_026","Portulaca.oleracea"
"M_026","Prosopis.juliflora"
"M_026","Psidium.guajava"
"M_026","Psychotria.rufipes"
"M_026","Rhynchosia.minima"
"M_026","Scalesia.affinis"
"M_026","Scalesia.beurii"
"M_026","Scalesia.helleri"
"M_026","Scalesia.pedunculata"
"M_026","Scalesia.sp1.M.PL.026"
"M_026","Scaveola.plumieri"
"M_026","Sesuvium.portulacastrum"
"M_026","Setaria.geniculta"
"M_026","Sida.acuta"
"M_026","Sida.paniculata"
"M_026","Sida.rhombifolia"
"M_026","Sida.spinosa"
"M_026","Solanum.americanum"
"M_026","Sonchus.oleraceus"
"M_026","Stachtarpheta.cayanensis"
"M_026","Tetramerium.nervosum"
"M_026","Tournefortia.psilostachya"
"M_026","Tournefortia.rufo-sericea"
"M_026","Tribulus.cistoides"
"M_026","Vallesia.glabra"
"M_026","Vigna.luteola"
"M_026","Waltheria.ovata"
"M_027","Cassinia.vauvilliersi"
"M_027","Celmisia.armstrongii"
"M_027","Celmisia.coriacea"
"M_027","Chrysanthemum.leucanthemum"
"M_027","Craspedia.uniflora"
"M_027","Galium.propinquum"
"M_027","Gentiana.corymbifera"
"M_027","Hebe.odora"
"M_027","Helichrysum.bellidioides"
"M_027","Hoheria.glabrata"
"M_027","Ourisia.macrocarpa"
"M_027","Parahebe.lyalii"
"M_027","Pratia.angulata"
"M_027","Ranunculus.lyalii"
"M_027","Senecio.bellidioides"
"M_027","Senecio.bidwilli"
"M_027","Senecio.scorzoneroides"
"M_027","Wahlenbergia.albomarginata"
"M_028","Achillea.millefolium"
"M_028","Aciphylla.subflavellata"
"M_028","Brachyome.sinclairii"
"M_028","Carmichaelia.angusta"
"M_028","Cassinia.fulvida"
"M_028","Celmisia.gracilenta"
"M_028","Celmisia.spectabilis"
"M_028","Cirsium.arvense"
"M_028","Corokia.cotoneaster"
"M_028","Cytisus.scoparius"
"M_028","Digitalis.purpurea"
"M_028","Discaria.toumatou"
"M_028","Dracuphyllum.acerosum"
"M_028","Echium.vulgare"
"M_028","Epilobium.sp1.M.PL.028"
"M_028","Galium.propinquum"
"M_028","Hebe.brachysiphon"
"M_028","Hebe.salicifolia"
"M_028","Helichrysum.selago"
"M_028","Isotoma.fluviatilis"
"M_028","Leptospermum.scoparium"
"M_028","Linum.catharticum"
"M_028","Lupinus.polyphyllus"
"M_028","Marrubium.vulgare"
"M_028","Muehlenbeckia.axillaris"
"M_028","Muehlenbeckia.complexa"
"M_028","Olearia.virgata"
"M_028","Parahebe.decora"
"M_028","Parahebe.lyalii"
"M_028","Pimelea.sericeo-villosa"
"M_028","Pimelea.traversii"
"M_028","Potentilla.anserina"
"M_028","Pratia.angulata"
"M_028","Raoulia.lutescens"
"M_028","Raoulia.mammilaris"
"M_028","Raoulia.subsericea"
"M_028","Rosa.rubiginosa"
"M_028","Trifolium.pratense"
"M_028","Trifolium.repens"
"M_028","Verbascum.thapsis"
"M_028","Wahlenbergia.albomarginata"
"M_029","Aciphylla.scott-thompsoni"
"M_029","Anisotome.aromatica"
"M_029","Anisotome.flexuosus"
"M_029","Brachycome.sinlcairii"
"M_029","Cassinia.vauvilliersii"
"M_029","Celmisia.discolor"
"M_029","Celmisia.gracilenta"
"M_029","Celmisia.laricifolia"
"M_029","Celmisia.lyalii"
"M_029","Celmisia.petiolata"
"M_029","Celmisia.sessiliflora"
"M_029","Celmisia.spectabilis"
"M_029","Chrysanthemum.leucanthemum"
"M_029","Cotula.pyrethrifolia"
"M_029","Craspedia.uniflora"
"M_029","Donatia.novae-zelandiae"
"M_029","Dracophyllum.pronum"
"M_029","Drapetes.dieffenbachii"
"M_029","Epilobium.sp1.M.PL.029"
"M_029","Euphrasia.revoluta"
"M_029","Euphrasia.zelandica"
"M_029","Galium.perpusillum"
"M_029","Galium.propinquum"
"M_029","Gentiana.montana"
"M_029","Geum.uniflorum"
"M_029","Hebe.epacridea"
"M_029","Hebe.odora"
"M_029","Hebe.pinguifolia"
"M_029","Hebe.subalpina"
"M_029","Helichrysum.bellidioides"
"M_029","Helichrysum.selago"
"M_029","Hieracium.pilosella"
"M_029","Hieracium.praealtum"
"M_029","Hypochaeris.radicata"
"M_029","Leptospermum.scoparium"
"M_029","Leucogenes.grandiceps"
"M_029","Muehlenbeckia.axillaris"
"M_029","Ourisia.caespitosa"
"M_029","Parahebe.decora"
"M_029","Phyllachne.colensoi"
"M_029","Pimelea.traversii"
"M_029","Pratia.angulata"
"M_029","Pratia.macrodon"
"M_029","Ranunculus.enysii"
"M_029","Raoulia.grandiflora"
"M_029","Raoulia.subsericea"
"M_029","Senecio.scorzoneroides"
"M_029","Viola.cunninghamii"
"M_029","Wahlenbergia.albomarginata"
"M_030","Aeschynomene.pratensis"
"M_030","Besmoscelis.villosa"
"M_030","Caperonia.pallustris"
"M_030","Clidemia.capitellata"
"M_030","Croton.hirtus"
"M_030","Cuphea.o'donellii"
"M_030","Desmodium.barbatum"
"M_030","Diodia.multiflora"
"M_030","Heliconia.psittacorum"
"M_030","Hyptis.conferta"
"M_030","Hyptis.dilatata"
"M_030","Ludwigia.decurrens"
"M_030","Ludwigia.nervosa"
"M_030","Melochia.villosa"
"M_030","Miconia.stephananthera"
"M_030","Mimosa.camporum"
"M_030","Montricharida.arborescens"
"M_030","Pterolepis.glomerata"
"M_030","Rhynchanthera.serrulata"
"M_030","Saggitaria.quyanensis"
"M_030","Sauvagesia.rubiginosa"
"M_030","Shultesia.brachyptera"
"M_030","Sinningia.sp1.M.PL.030"
"M_030","Synqonanthus.caulescens"
"M_030","Thalia.geniculata"
"M_030","Tyttnera.scabra"
"M_030","Xyris.laxifolia"
"M_030","Xyris.savanensis"
"M_031","Befaria.glauca"
"M_031","Bonnetia.sessilis"
"M_031","Borreria.capitata"
"M_031","Brocchinia.acuminata"
"M_031","Calea.lucidivenia"
"M_031","Catasetum.discolor"
"M_031","Chromolanea.sp1.M.PL.031"
"M_031","Clusia.grandiflora"
"M_031","Clusia.pusilla"
"M_031","Cybianthus.quelchii"
"M_031","Cyrilla.racemiflora"
"M_031","Declieuxia.fruticosa"
"M_031","Digomphia.laurifolia"
"M_031","Epidendrum.ibaguense"
"M_031","Epistephium.duckei"
"M_031","Eriopsis.biloba"
"M_031","Galactophora.schomburgkiana"
"M_031","Heliamphora.heterodoxa"
"M_031","Humiria.balsamifera"
"M_031","Ilex.retusa"
"M_031","Irlbachia.nemorosa"
"M_031","Macairea.pachyphylla"
"M_031","Macairea.parvifolia"
"M_031","Mandevilla.benthamii"
"M_031","Marcetia.taxifolia"
"M_031","Meriana.sclerophylla"
"M_031","Miconia.ciliata"
"M_031","Mikania.psilotachya"
"M_031","Notopora.schomburgkii"
"M_031","Pagameopsis.garryoides"
"M_031","Philodendron.ptarianum"
"M_031","Phthirusa.adunca"
"M_031","Poecilandra.retusa"
"M_031","Pogonia.stricta"
"M_031","Remijia.densiflora"
"M_031","Sauvagesia.angustifolia"
"M_031","Sipanea.galioides"
"M_031","Siphanthera.cordifolia"
"M_031","Sobralia.liliastrum"
"M_031","Stegolepsis.angustata"
"M_031","Ternstroemia.crassifolia"
"M_031","Tibouchina.fraterna"
"M_031","Tococa.nitens"
"M_031","Vaccinium.euryanthum"
"M_031","Vaccinium.puberulum"
"M_031","Vernonia.bolivariensis"
"M_031","Vismia.lauriformis"
"M_031","Xyris.setigera"
"M_032","Claytonia.virginica"
"M_032","Dentaria.laciniata"
"M_032","Dicentra.canadensis"
"M_032","Dicentra.cucullaria"
"M_032","Erythronium.albidum"
"M_032","Isopyrum.biternatum"
"M_032","Sanguinaria.canadensis"
"M_033","Andromeda.glaucophylla"
"M_033","Aronia.melanocarpa"
"M_033","Calopogon.pulchellus"
"M_033","Chamaedaphne.calyculata"
"M_033","Gaylussacia.baccata"
"M_033","Kalmia.angustifolia"
"M_033","Kalmia.polifolia"
"M_033","Ledum.groenlandicum"
"M_033","Nemopanthus.mucronata"
"M_033","Salix.fragilis"
"M_033","Smilacina.trifolia"
"M_033","Spiraea.alba"
"M_033","Vaccinium.myrtilloides"
"M_034","Amomyrtus.luma"
"M_034","Amomyrtus.meli"
"M_034","Anagallis.alternifolia"
"M_034","Asteranthera.ovata"
"M_034","Berberis.buxifolia"
"M_034","Berberis.darwinii"
"M_034","Caldcluvia.paniculata"
"M_034","Embothrium.coccineum"
"M_034","Eucryphia.cordifolia"
"M_034","Gaultheria.mucronata"
"M_034","Gaultheria.phillyreifolia"
"M_034","Gevuina.avellana"
"M_034","Hydrangea.serratifolia"
"M_034","Luma.apiculata"
"M_034","Luzuriaga.polyphylla"
"M_034","Luzuriaga.radicans"
"M_034","Mitraria.coccinea"
"M_034","Myrceugenia.ovata.var..ovata"
"M_034","Myrceugenia.parvifolia"
"M_034","Myrceugenia.planipes"
"M_034","Myrteola.nummularia"
"M_034","Ovidia.pillopillo"
"M_034","Rhaphithamnus.spinosus"
"M_034","Tepualia.stipularis"
"M_034","Ugni.candollei"
"M_034","Ugni.molinae"
"M_035","Alternanthera.ficoidea"
"M_035","Argythamnia.candicans"
"M_035","Ascleptas.curassavica"
"M_035","Avicennia.germinans"
"M_035","Bauhinia.divaricata"
"M_035","Blechum.pyramidatum"
"M_035","Borreria.laevis"
"M_035","Bourreria.succulenta"
"M_035","Broughtonia.sanguinea"
"M_035","Bunchosia.media"
"M_035","Bursera.simaruba."
"M_035","Byrsonia.coriacea"
"M_035","Capparis.ferruginea"
"M_035","Capraria.biflora"
"M_035","Cassia.occidentalis"
"M_035","Cassia.sp1.M.PL.035"
"M_035","Cissus.sicycoides"
"M_035","Conocarpus.erectus"
"M_035","Cordia.brownei"
"M_035","Cordia.gerascanthus"
"M_035","Cordia.globosa"
"M_035","Cordia.sebestena"
"M_035","Crotalaria.verrucosa"
"M_035","Ehretia.tinifolia"
"M_035","Eupatorium.odoratum"
"M_035","Euphorbia.heterophylla"
"M_035","Euphorbia.hyssopifolia"
"M_035","Evolvulus.nummularius"
"M_035","Guazuma.ulmifolia"
"M_035","Indigofera.tinctoria"
"M_035","Ipomoea.acuminata"
"M_035","Ipomoea.tiliacea"
"M_035","Jacquinia.arborea"
"M_035","Lantana.camara"
"M_035","Lantana.involucrata"
"M_035","Lippia.nodiflora"
"M_035","Malpighia.glabra"
"M_035","Melochia.nodiflora"
"M_035","Merremia.umbellata"
"M_035","Mikania.micrantha"
"M_035","Mimosa.pudica"
"M_035","Momordica.charantia."
"M_035","Morinda.royoc"
"M_035","Philoxerus.vermicularis"
"M_035","Physalis.angulata"
"M_035","Piscidia.piscipula"
"M_035","Rhabdadenia.biflora"
"M_035","Sarcostemma.clausum"
"M_035","Sesuvium.portulacastrum"
"M_035","Solanum.erianthum"
"M_035","Solanum.havanense"
"M_035","Solanum.torvum"
"M_035","Spilanthes.urens"
"M_035","Stachytarpheta.jamaicensis"
"M_035","Stylosanthes.hamata"
"M_035","Thunbergia.fragrans"
"M_035","Tribulus.cistoides"
"M_035","Turnera.ulmifolia"
"M_035","Urechites.lutea"
"M_035","Vernonia.cinerea"
"M_035","Waltheria.indica"
"M_036","Azorina.vidalii"
"M_036","Beta.maritima"
"M_036","Crithmum.maritimum"
"M_036","Daucus.carota"
"M_036","Freesia.sp1.M.PL.036"
"M_036","Leucanthemum.vulgare"
"M_036","Lotus.corniculatus"
"M_036","Reseada.luteola"
"M_036","Silene.vulgaris"
"M_036","Solidago.sempervirens"
"M_037","Allium.scorodoprasum"
"M_037","Calystegia.sepium"
"M_037","Cirsium.arvense"
"M_037","Eupatorium.cannabinum"
"M_037","Juncus.effusus"
"M_037","Lychnis.flos-cuculi"
"M_037","Silene.dioica"
"M_037","Sonchus.arvensis"
"M_037","Sonchus.palustris"
"M_037","Stachys.palustris"
"M_038","Angelica.sylvestris"
"M_038","Chaerophyllum.temulentum"
"M_038","Geranium.robertianum"
"M_038","Lapsana.communis"
"M_038","Silene.dioica"
"M_038","Stachys.sylvatica"
"M_038","Veronica.agrestis"
"M_038","Vicia.sepium"
"M_039","Argyranthemum.frutescens"
"M_039","Bituminaria.bituminosa"
"M_039","Ceballosia.fruticosa"
"M_039","Convolvulus.floridus"
"M_039","Echium.aculeatum"
"M_039","Echium.plantagineum"
"M_039","Euphorbia.canariensis"
"M_039","Euphorbia.obtusifolia"
"M_039","Fagonia.albiflora"
"M_039","Galactites.tomentosa"
"M_039","Lavandula.buchii"
"M_039","Lotus.glaucus"
"M_039","Oxalis.pes-caprae"
"M_039","Plocama.pendula"
"M_039","Scandix.pecten-veneris"
"M_039","Sideritis.argosphacelus"
"M_039","Sideritis.nervosa"
"M_040","Aechmea.paniculigera"
"M_040","Blakea.trinervia"
"M_040","Byrsonima.sp1.M.PL.040"
"M_040","Dendropanax.arboreus."
"M_040","Dendropanax.sp1.M.PL.040"
"M_040","Guarea.swartzii"
"M_040","Impatiens.walleriana"
"M_040","Miconia.sp1.M.PL.040"
"M_040","Nectandra.coriacea"
"M_040","Passiflora.sp1.M.PL.040"
"M_040","Petiveria.sp1.M.PL.040"
"M_040","Pilea.sp1.M.PL.040"
"M_040","Pilea.sp2.M.PL.040"
"M_040","Portlandia.grandiflora"
"M_040","Psidium.montanum"
"M_040","Spermacoce.assurgens"
"M_040","Tradescantia.zebrina"
"M_040","Unidentified.sp13.M.PL.040"
"M_040","Unidentified.sp14.M.PL.040"
"M_040","Unidentified.sp15.M.PL.040"
"M_040","Unidentified.sp16.M.PL.040"
"M_040","Unidentified.sp17.M.PL.040"
"M_040","Unidentified.sp18.M.PL.040"
"M_040","Unidentified.sp19.M.PL.040"
"M_040","Unidentified.sp20.M.PL.040"
"M_040","Unidentified.sp21.M.PL.040"
"M_040","Unidentified.sp22.M.PL.040"
"M_040","Unidentified.sp23.M.PL.040"
"M_040","Wallenia.laurifolia"
"M_041","Byrsonima.spicata"
"M_041","Calliandra.tergemina"
"M_041","Centrosema.virginianum"
"M_041","Chamaecrista.glandulosa"
"M_041","Coccoloba.sp1.M.PL.041"
"M_041","Cordia.martinicensis"
"M_041","Cordia.sp1.M.PL.041"
"M_041","Cornutia.pyramidata"
"M_041","Croton.flavens"
"M_041","Daphnopsis.americana"
"M_041","Desmodium.adscendens"
"M_041","Gonzalagunia.hirsuta"
"M_041","Guettarda.scabra"
"M_041","Ipomoea.tiliacea"
"M_041","Lantana.camara"
"M_041","Lantana.involucrata"
"M_041","Ludwigia.octovalvis"
"M_041","Miconia.striata"
"M_041","Mimosa.casta"
"M_041","Odontonema.nitidum"
"M_041","Oxalis.barrelieri"
"M_041","Oxalis.frutescens"
"M_041","Palicourea.crocea."
"M_041","Sida.rhombifolia"
"M_041","Spermacoce.assurgens"
"M_041","Stigmaphyllon.diversifolium"
"M_041","Tetrazygia.angustifolia"
"M_041","Unidentified.sp21.M.PL.041"
"M_041","Vernonia.sp1.M.PL.041"
"M_041","Wedelia.calycina"
"M_041","Wedelia.trilobata"
"M_042","Chiococa.alba"
"M_042","Cordia.lutea"
"M_042","Cordia.revoluta"
"M_042","Darwiniothamnus.tenuifolius"
"M_042","Jasminoserius.thouarsii"
"M_042","Lippia.rosmarinifolia"
"M_042","Opuntia.echios"
"M_042","Passiflora.foetida"
"M_042","Pectis.tenuifolia"
"M_042","Plumbago.scandens"
"M_042","Scalesia.affinis"
"M_042","Waltheria.ovata"
"M_043","Achillea.millefolium"
"M_043","Aegopodium.podagraria"
"M_043","Cerastium.glomeratum"
"M_043","Chaerophyllum.temulentum"
"M_043","Chamomilla.recutita"
"M_043","Chrysanthemum.maximum"
"M_043","Cirsium.arvense"
"M_043","Cirsium.vulgare"
"M_043","Daucus.carota"
"M_043","Echium.vulgare"
"M_043","Epilobium.montanum"
"M_043","Geranium.robertianum"
"M_043","Hypericum.perforatum"
"M_043","Lapsana.communis"
"M_043","Malva.sylvestris"
"M_043","Melilotus.albus"
"M_043","Myosotis.palustris"
"M_043","Prunella.vulgaris"
"M_043","Ranunculus.repens"
"M_043","Senecio.jacobea"
"M_043","Silene.dioica"
"M_043","Stachys.sylvatica"
"M_043","Tanacetum.vulgare"
"M_043","Trifolium.dubium"
"M_043","Trifolium.repens"
"M_043","Tripleurospermum.inodorum"
"M_043","Verbascum.thapsus"
"M_043","Vicia.hirsuta"
"M_044","Acer.insulae"
"M_044","Actinidia.rufa"
"M_044","Aeginetia.indica"
"M_044","Ageratum.houstonianum"
"M_044","Ajuga.dictyocarpa"
"M_044","Alocasia.odora"
"M_044","Alpinia.formosana"
"M_044","Alpinia.intermedia"
"M_044","Alpinia.sp1.M.PL.044"
"M_044","Ampetopsis.brevipedunculata"
"M_044","Antidesma.joponicum"
"M_044","Ardisia.pusilla"
"M_044","Ardisia.quinquegona"
"M_044","Ardisia.sieboldii"
"M_044","Aster.asa-grayi"
"M_044","Barringtonia.racemosa"
"M_044","Bauhinia.japonica"
"M_044","Belamcanda.chinensis"
"M_044","Bidens.pilosa"
"M_044","Blastus.cochinchinensis"
"M_044","Brassica.campestris"
"M_044","Bredia.hirsuta"
"M_044","Callicarpa.japonica"
"M_044","Canavalia.lineata"
"M_044","Castanopsis.sieboldii"
"M_044","Cerbera.manghas"
"M_044","Cinnamomum.doederleinii"
"M_044","Cirsium.brevicaule"
"M_044","Clematis.grata"
"M_044","Clematis.terniflora"
"M_044","Clerodendrum.trichotomum"
"M_044","Crepidiastrum.lanceolatum"
"M_044","Croomia.japonica"
"M_044","Dendropanax.trifidus"
"M_044","Deutzia.naseana"
"M_044","Diospyrus.japonica"
"M_044","Elaeocarpus.japonicus"
"M_044","Elaeocarpus.sylvestris"
"M_044","Euodia.meliifolia"
"M_044","Eurya.japonica"
"M_044","Euscaphis.japonica"
"M_044","Farfugium.joponicum"
"M_044","Glochidion.acuminatum"
"M_044","Glochidion.obovatum"
"M_044","Glochidion.zeylanicum"
"M_044","Heritiera.littoralis"
"M_044","Hibiscus.hamabo"
"M_044","Hibiscus.maleinoi"
"M_044","Hibiscus.tiliaceus"
"M_044","Ilex.integra"
"M_044","Ipomoea.indica"
"M_044","Kandetia.candel"
"M_044","Lagerstroemia.subcostata"
"M_044","Lasianthus.japonicus"
"M_044","Ligustrum.joponicum"
"M_044","Litsea.citriodora"
"M_044","Litsea.japonica"
"M_044","Lysimachia.mauiriana"
"M_044","Maackia.tashiroi"
"M_044","Machitus.thunbergii"
"M_044","Maesa.tenera"
"M_044","Mallotus.japonicus"
"M_044","Melastoma.candidum"
"M_044","Meliosma.oldhamii"
"M_044","Meliosma.rigida"
"M_044","Metothria.tiukiuensis"
"M_044","Morinda.umbellata"
"M_044","Mosla.dianthera"
"M_044","Musa.balbisiana"
"M_044","Musaenda.parviflora"
"M_044","Myrsine.segttinii"
"M_044","Ormocaipum.cochinchinense"
"M_044","Pandanus.odoratissimus"
"M_044","Persicaria.chinensis"
"M_044","Peucedanum.joponicum"
"M_044","Pinus.luchuensis"
"M_044","Piper.kadzura"
"M_044","PittosPorum.tobira"
"M_044","Pollia.japonica"
"M_044","Premna.corymbosa"
"M_044","Premna.microphylla"
"M_044","Psychotria.homalosperma"
"M_044","Psychotria.sepens"
"M_044","Ranunculus.sieboldii"
"M_044","Reynoutria.japonica"
"M_044","Rhamnella.franguloides"
"M_044","Rhaphiolepis.indica"
"M_044","Rhododendron.tashiroi"
"M_044","Rhynchotechum.discolor"
"M_044","Rubus.croceacanthus"
"M_044","Rubus.grayanus"
"M_044","Rubus.sieboldii"
"M_044","Salsola.komarovii"
"M_044","Scaevola.frutescens"
"M_044","Schefflera.octophylla"
"M_044","Schima.wallichii"
"M_044","Scleria.terrestris"
"M_044","Securinega.suffruticosa"
"M_044","Sedum.formosanum"
"M_044","Stauntonia.hexaPhylla"
"M_044","Styrax.japonica"
"M_044","Symplocos.microcalyx"
"M_044","Trema.orientalis"
"M_044","Vaccinium.wrightii"
"M_044","Vigna.marina"
"M_044","Viola.pseudo-japonica"
"M_044","Vitex.rotundifolia"
"M_044","VVedelia.biflora"
"M_044","Wendtandia.formosana"
"M_044","Youngia.japonica"
"M_046","Angelica.archangelica"
"M_046","Anthriscus.sylvestris"
"M_046","Chamaenerium.angustifolium"
"M_046","Cirsium.arvense"
"M_046","Cirsium.pratensis"
"M_046","Epilobium.hirsutum"
"M_046","Lathyrus.pratensis"
"M_046","Ranunculus.sp1.M.PL.046"
"M_046","Rubus.fruticosus"
"M_046","Silene.dioica"
"M_046","Stachys.sylvatica"
"M_046","Torilis.japonica"
"M_046","Trfolium.sp1.M.PL.046"
"M_046","Trifolium.arvense"
"M_046","Umbellifer.sp1.M.PL.046"
"M_046","Unidentified.sp27.M.PL.046"
"M_047","Calluna.vulgaris"
"M_047","Campanula.rotundifolia"
"M_047","Empetrum.nigrum"
"M_047","Epilobium.angustifolium"
"M_047","Erica.tetralix"
"M_047","Galium.saxatile"
"M_047","Genista.anglica"
"M_047","Hieracium.pilosella"
"M_047","Hieracium.umbellatum"
"M_047","Hypochoeris.radicata"
"M_047","Potentilla.erecta"
"M_047","Salix.aurita"
"M_047","Salix.repens"
"M_047","Scorzonea.humilis"
"M_047","Solidago.virgaurea"
"M_047","Trientalis.europaea"
"M_047","Vaccinium.myrtillus"
"M_047","Vaccinium.uliginosum"
"M_047","Vaccinium.vitis-idaea"
"M_049","Ajuga.reptans"
"M_049","Angelica.sylvestris"
"M_049","Anthriscus.sylvestris"
"M_049","Centaurea.jacea"
"M_049","Cerastium.fontanum"
"M_049","Cirsium.oleraceum"
"M_049","Cirsium.vulgare"
"M_049","Crepis.paludosa"
"M_049","Filipendula.ulmaria"
"M_049","Galium.palustre"
"M_049","Geranium.robertianum"
"M_049","Geum.rivale"
"M_049","Lathyrus.montanus"
"M_049","Lathyrus.pratensis"
"M_049","Lotus.uliginosus"
"M_049","Lychnis.flos-cuculi"
"M_049","Lysimachia.vulgaris"
"M_049","Lythrum.salicaria"
"M_049","Mentha.aquatica"
"M_049","Myosotis.palustris"
"M_049","Pimpinella.major"
"M_049","Polygonum.amphibium"
"M_049","Potentilla.erecta"
"M_049","Ranunculus.acris"
"M_049","Ranunculus.flammula"
"M_049","Silene.dioica"
"M_049","Stellaria.graminea"
"M_049","Stellaria.palustris"
"M_049","Trifolium.campestre"
"M_049","Trifolium.pratense"
"M_049","Trifolium.repens"
"M_049","Valeriana.officinalis"
"M_049","Veronica.beccabunga"
"M_049","Veronica.chamaedrys"
"M_049","Veronica.serpyllifolia"
"M_049","Vicia.cracca"
"M_049","Vicia.sepium"
"M_050","Argyranthemum.frutescencs"
"M_050","Ceballosia.fruticosa"
"M_050","Convolvulus.sp1.M.PL.050"
"M_050","Echium.aculeatum"
"M_050","Echium.bonnetii"
"M_050","Euphorbia.canariensis"
"M_050","Euphorbia.obtusifolia"
"M_050","Fagonia.albiflora"
"M_050","Lavandula.buchii"
"M_050","Lotus.sp1.M.PL.050"
"M_050","Noechamaelea.pulverulenta"
"M_050","Parolinea.intermedia"
"M_050","Periploca.laevigata"
"M_050","Plocama.pendula"
"M_051","Alstroemeria.aurea"
"M_051","Aristotelia.chilensis"
"M_051","Berberis.buxifolia"
"M_051","Berberis.darwinii"
"M_051","Calceolaria.crenatiflora"
"M_051","Cynanchum.diemii"
"M_051","Digitalis.purpurea"
"M_051","Gavilea.odoratissima"
"M_051","Mutisia.decurrens"
"M_051","Ribes.magellanicum"
"M_051","Rosa.eglanteria"
"M_051","Schinus.patagonicus"
"M_051","Tristerix.corymbosus"
"M_051","Vicia.nigricans"
"M_053","Abelia.serrata"
"M_053","Aconitum.japonicum"
"M_053","Adenophora.triphylla"
"M_053","Aletris.luteoviridis"
"M_053","Allium.thunbergii"
"M_053","Anaphalis.margaritacea"
"M_053","Angelica.cartilagino-marginata"
"M_053","Angelica.longeradiata"
"M_053","Arabis.glabra"
"M_053","Arisaema.japonicum"
"M_053","Asparagus.schoberioides"
"M_053","Aster.ageratoides"
"M_053","Aster.scaber"
"M_053","Astilbe.thunbergii"
"M_053","Benthamidia.japonica"
"M_053","Castanea.crenata"
"M_053","Cephalantera.falcata"
"M_053","Chionographis.japonica"
"M_053","Cimicifuga.acerina"
"M_053","Cirsium.japonicum"
"M_053","Cirsium.suffultum"
"M_053","Clethra.barvinervis"
"M_053","Codonopsis.lanceolata"
"M_053","Corydalis.lineariloba"
"M_053","Deutzia.crenata"
"M_053","Dianthus.superbus"
"M_053","Dioscorea.asclepiadea"
"M_053","Echinops.setifer"
"M_053","Epimedium.diphyllum"
"M_053","Erigeron.annuus"
"M_053","Erigeron.philadelphicus"
"M_053","Eupatorium.chinense"
"M_053","Galium.japonicum"
"M_053","Galium.verum"
"M_053","Gentiana.zollingeri"
"M_053","Geranium.shikokianum"
"M_053","Hemerocallis.vespertina"
"M_053","Heteropappus.hispidus"
"M_053","Hydrangea.luteo-venosa"
"M_053","Hydrangea.paniculata"
"M_053","Hydrangea.serrata"
"M_053","Hydrocotyle.ramiflora"
"M_053","Hypericum.pseudopetiolatum"
"M_053","Inula.japonica"
"M_053","Inula.salicina"
"M_053","Iris.rossii"
"M_053","Isodon.inflexus"
"M_053","Ixeris.dentata"
"M_053","Lespedeza.bicolor"
"M_053","Ligularia.fischerii"
"M_053","Ligularia.japonica"
"M_053","Lilium.leichtlinii"
"M_053","Lindera.sericea"
"M_053","Luzula.capitata"
"M_053","Lyonia.ovalifolia"
"M_053","Lysimachia.clethroides"
"M_053","Moehringia.lateriflora"
"M_053","Paederia.scandens"
"M_053","Parnassia.palustris"
"M_053","Patrinia.scabiosaefolia"
"M_053","Patrinia.villosa"
"M_053","Pieris.japonica"
"M_053","Polygala.japonica"
"M_053","Polygonum.cuspidatum"
"M_053","Potentilla.freyniana"
"M_053","Prunella.vulgaris"
"M_053","Prunus.jamasakura"
"M_053","Pseudostellaria.heterantha"
"M_053","Quercus.dentata"
"M_053","Ranunculus.japonicus"
"M_053","Rhododendron.kiusuanum"
"M_053","Rhododendron.reticulatum"
"M_053","Rubus.parvifolius"
"M_053","Rubus.phoenicolasius"
"M_053","Salix.sieboldiana"
"M_053","Salix.vulpina"
"M_053","Sanguisorba.officinalis"
"M_053","Saussurea.gracilis"
"M_053","Saussurea.yanagisawae"
"M_053","Schizophragma.hydrangeoides"
"M_053","Senecio.pierotii"
"M_053","Solidago.virg-aurea"
"M_053","Sophora.flavescens"
"M_053","Spiraea.japonica"
"M_053","Staphylea.bumalda"
"M_053","Styrax.japonica"
"M_053","Swertia.japonica"
"M_053","Synurus.excelsus"
"M_053","Valeriana.fauriei"
"M_053","Veratrum.maackii"
"M_053","Veronica.rotunda"
"M_053","Viburnum.dilatatum"
"M_053","Viburnum.erosum"
"M_053","Vicia.unijuga"
"M_053","Viola.grypoceras"
"M_053","Viola.hondoensis"
"M_053","Viola.orientalis"
"M_053","Weigela.decora"
"M_053","Weigela.japonica"
"M_054","Abelia.grandiflora"
"M_054","Abelia.sp1.M.PL.054"
"M_054","Aesculus.camea"
"M_054","Aster.ageratoides"
"M_054","Astragalus.sinicus"
"M_054","Aucuba.japonica"
"M_054","Baccharis.trimera"
"M_054","Berberis.thunbergii"
"M_054","Besella.rubra"
"M_054","Buddleia.davidii"
"M_054","Callicarpa.japonica"
"M_054","Calystegia.japonica"
"M_054","Camellia.japonica"
"M_054","Camellia.sasanqua"
"M_054","Campsis.grandiflora"
"M_054","Cardamine.regeliana"
"M_054","Cayratia.japonica"
"M_054","Cercis.siliquastrum"
"M_054","Cinnamomum.camphora"
"M_054","Cirsium.nipponica"
"M_054","Citrus.tachibana"
"M_054","Cladrastis.sikokiana"
"M_054","Clerodendron.trichotomum"
"M_054","Coreopsis.basalis"
"M_054","Desmodium.padocarpum"
"M_054","Deutzia.crenata"
"M_054","Deutzia.gracilis"
"M_054","Deutzia.maximowicziana"
"M_054","Deutzia.scabra"
"M_054","Edgeworthia.chrysantha"
"M_054","Elaeagnus.multiflora"
"M_054","Enkianthus.perulatus"
"M_054","Euonymus.fo.rtunei"
"M_054","Fatsia.japonica"
"M_054","Forsythia.suspensa"
"M_054","Fraxinus.griffithii"
"M_054","Hibiscus.syriacus"
"M_054","Hydrangea.macrophylla"
"M_054","Hypericum.patulum"
"M_054","Idesia.polycarpa"
"M_054","Ilex.serrata"
"M_054","Indigofera.tinctoria"
"M_054","Iris.japonica"
"M_054","Iris.pseudacorus"
"M_054","Itea.parviflora"
"M_054","Ixeris.debilis"
"M_054","Ixeris.dentata"
"M_054","Justicia.procumbens"
"M_054","Kerria.japonica"
"M_054","Lespedeza.thunbergii"
"M_054","Ligustrum.japonicum"
"M_054","Ligustrum.obtusifolium"
"M_054","Liriope.platyphylla"
"M_054","Lonicera.morrowii"
"M_054","Lyonia.ovalifolia"
"M_054","Lythrum.anceps"
"M_054","Mahonia.japonica"
"M_054","Malus.halliana"
"M_054","Nandina.domestica"
"M_054","Oxalis.corniculata"
"M_054","Oxalis.corymbosa"
"M_054","Paederia.scandens"
"M_054","Persicaria.thunbergii"
"M_054","Persicaria.yokusaiana"
"M_054","Philadelphus.coronarius"
"M_054","Phlox.subulata"
"M_054","Photinia.glabra"
"M_054","Phytolacca.americana"
"M_054","Pieris.japonica"
"M_054","Pollia.japonica"
"M_054","Polygonum.aubertii"
"M_054","Prunus.sp1.M.PL.054"
"M_054","Prunus.tomentosa"
"M_054","Pyracantha.angustifolia"
"M_054","Pyracantha.crenulata"
"M_054","Ranunculus.silerifolius"
"M_054","Rhododendron.macrosepalum"
"M_054","Rhododendron.mucronata"
"M_054","Rhododendron.oomurasalei"
"M_054","Rhus.javanica"
"M_054","Rhus.sylvestris"
"M_054","Rorippa.indica"
"M_054","Rosa.borboniana"
"M_054","Securinega.suffruticosa"
"M_054","Serissa.japonica"
"M_054","Spiraea.blumei"
"M_054","Spiraea.cantoniensis"
"M_054","Spiraea.thunbergii"
"M_054","Spiraea.tossensis"
"M_054","Spiranthes.sinensis"
"M_054","Stellaria.media"
"M_054","Stenactis.annuus"
"M_054","Stewartia.monadelpha"
"M_054","Swida.macrophylla"
"M_054","Swida.stlonifera"
"M_054","Syringa.vulgaris"
"M_054","Taraxacum.japonicum"
"M_054","Tilia.japonica"
"M_054","Tilia.miqueliana"
"M_054","Torilis.japonica"
"M_054","Tradescantia.ohiensis"
"M_054","Trifolium.repens"
"M_054","Ulmus.davidiana"
"M_054","Vaccinium.oldhami"
"M_054","Veronica.persica"
"M_054","Veronicastrum.sibiricum"
"M_054","Viburnum.dilatatum"
"M_054","Viburnum.erosum"
"M_054","Viburnum.suspensum"
"M_054","Viola.mandshurica"
"M_054","Vitex.cannabifolia"
"M_054","Weigela.hortensis"
"M_054","Wisteria.floribunda"
"M_055","Adenophora.triphylla"
"M_055","Aeschynomene.indica"
"M_055","Alisma.canaliculatum"
"M_055","Alium.grayi"
"M_055","Ampetopsis.brevipedunculata"
"M_055","Bidens.frondosa"
"M_055","Cardamine.tyrata"
"M_055","Chelidonium.majus"
"M_055","Cirsium.japonicum"
"M_055","Cirsium.sieboldii"
"M_055","Clerodendrum.trichotomum"
"M_055","Commelina.communis"
"M_055","Eupatorium.chinense"
"M_055","Eupatorium.lindleyanum"
"M_055","Eusteratis.yatabeana"
"M_055","Galium.trifidum"
"M_055","Hosta.albomarginata"
"M_055","Houttuynia.cordata"
"M_055","Hydrocharis.dubia"
"M_055","Hypericum.erectum"
"M_055","Iris.taevigata"
"M_055","Isachne.globosa"
"M_055","Ixeris.debilis"
"M_055","Ixeris.dentata"
"M_055","Justicia.procumbens"
"M_055","Kalimeris.pinnatifida"
"M_055","Kalimeris.yomena"
"M_055","Lactuca.indica"
"M_055","Leesia.japonica"
"M_055","Lespedeza.bicolor"
"M_055","Limophila.sessiliflora"
"M_055","Lindernia.procumbens"
"M_055","Ludwigia.epilobioides"
"M_055","Lycopus.ramosissimus"
"M_055","Lysimachia.fortunei"
"M_055","Lythrum.anceps"
"M_055","Monochoria.korsakowii"
"M_055","Monochoria.vaginalis"
"M_055","Mosta.dianthera"
"M_055","Murdannia.keisak"
"M_055","Nymphaea.marliacea"
"M_055","Oenanthe.javanica"
"M_055","Oxalis.corniculata"
"M_055","Persicaria.comspicua"
"M_055","Persicaria.nipponensis"
"M_055","Persicaria.sieboldi"
"M_055","Persicaria.thunbergii"
"M_055","Persicaria.yokusaiana"
"M_055","Phragmites.communis"
"M_055","Potentilla.egedei"
"M_055","Prenanthes.tanakae"
"M_055","Prunella.vulgaris"
"M_055","Ptantago.asiatica"
"M_055","Ranunculus.japonicus"
"M_055","Rosa.multtlflora"
"M_055","Sagittaria.trifolia"
"M_055","Salvia.japonica"
"M_055","Scirpus.triqueter"
"M_055","Senecio.pierotii"
"M_055","Solanum.melongena"
"M_055","Stellaria.media"
"M_055","Taraxacum.japonicum"
"M_055","Typha.angustifolia"
"M_055","Weigela.hortensis"
"M_056","Acer.japonicum"
"M_056","Acer.shirasawanum"
"M_056","Acer.ukurunduense"
"M_056","Achillea.alpina."
"M_056","Aconitum.japonicum.montanum"
"M_056","Aconitum.senanense"
"M_056","Adenophora.triphylla"
"M_056","Agrostis.clavata"
"M_056","Anaphalis.margaritacea"
"M_056","Angelica.polymorpha"
"M_056","Angelica.pubescens"
"M_056","Aquilegia.buergeriana"
"M_056","Arabis.hirsuta"
"M_056","Arabis.lyrata.kamtschatica"
"M_056","Aster.ageratoides.amplexifolius"
"M_056","Aster.ageratoides.ovatus"
"M_056","Aster.glehni"
"M_056","Astilbe.thunbergii"
"M_056","Cacalia.adenostyloides"
"M_056","Cacalia.hastata.farfaraefolia"
"M_056","Campanula.punctata."
"M_056","Chamaenerion.angustifolium"
"M_056","Cimicifuga.simplex"
"M_056","Cirsium.effusum"
"M_056","Clinopodium.chinense.grandiflorum"
"M_056","Cynanchum.ascyrifolium"
"M_056","Cypripedium.guttatum."
"M_056","Dianthus.superbus.longicalycinus"
"M_056","Elaeagnus.montana"
"M_056","Enkianthus.campanulatus"
"M_056","Euonymus.macropterus"
"M_056","Euonymus.sieboldianus"
"M_056","Eupatorium.chinense.sachalinense"
"M_056","Euphrasia.maximowiczii"
"M_056","Filipendula.multifuga"
"M_056","Fragaria.nipponica"
"M_056","Geranium.eriostemon."
"M_056","Gymnadenia.conopsea"
"M_056","Hosta.sieboldiana"
"M_056","Hydrangea.paniculata"
"M_056","Iris.sanguinea"
"M_056","Ixeris.dentata"
"M_056","Libanotis.coreana"
"M_056","Ligularia.dentata"
"M_056","Lonicera.alpigena."
"M_056","Lychnis.gracillima"
"M_056","Malus.sieboldii"
"M_056","Meehania.urticifolia"
"M_056","Menziesia.pentandra"
"M_056","Oxalis.acetosella"
"M_056","Patrinia.triloba.palmata"
"M_056","Patrinia.villosa"
"M_056","Pedicularis.resupinata."
"M_056","Philadelphus.satsumi"
"M_056","Picris.hieracioides.japonica"
"M_056","Poa.pratensis"
"M_056","Polemonium.caeruleum.yezoense"
"M_056","Polygonatum.lasianthum"
"M_056","Polygonatum.macranthum"
"M_056","Potentilla.freyniana"
"M_056","Prunus.maximowiczii"
"M_056","Prunus.nipponica"
"M_056","Pseudostellaria.heterantha"
"M_056","Pyrola.alpina"
"M_056","Pyrola.incarnata"
"M_056","Ranunculus.japonicus"
"M_056","Reynoutria.japonica"
"M_056","Rhododendron.degronianum"
"M_056","Rhododendron.wadanum"
"M_056","Ribes.maximowiczianum"
"M_056","Rodgersia.podophylla"
"M_056","Rubus.idaeus"
"M_056","Rubus.pungens."
"M_056","Scabiosa.japonica"
"M_056","Sedum.aizoon"
"M_056","Senecio.cannabifolius"
"M_056","Senecio.nemorensis"
"M_056","Serratula.coronata.insularis"
"M_056","Solidago.virgaurea.asiatica"
"M_056","Sorbus.commixta"
"M_056","Synurus.pungens"
"M_056","Taraxacum.hondoense"
"M_056","Thalictrum.filamentosum.tenerum"
"M_056","Trollius.hondoensis"
"M_056","Veratrum.album.oxysepalum"
"M_056","Veratrum.maackii"
"M_056","Veronicastrum.sibiricum.japonicum"
"M_056","Viburnum.furcatum"
"M_056","Viburnum.opulus."
"M_056","Viola.grypoceras"
"M_056","Weigela.decora"
"M_057","Acer.carpinifolium"
"M_057","Achyranthes.bidentata"
"M_057","Actinidia.arguta"
"M_057","Agrimonia.pilosa"
"M_057","Akebia.quinata"
"M_057","Alangium.platanifolium"
"M_057","Albizzia.julibrissin"
"M_057","Ampelopsis.brevipedunculata"
"M_057","Amphicarpaea.bracteata"
"M_057","Angelica.polymorpha"
"M_057","Angelica.pubescens"
"M_057","Aralia.cordata"
"M_057","Aralta.elata"
"M_057","Aster.ageratoides"
"M_057","Aster.ageratoides.amplexifolius"
"M_057","Aster.ageratoides.ovatus"
"M_057","Aster.glehni"
"M_057","Aster.subulatus"
"M_057","Astilbe.thunbergii"
"M_057","Bistorta.tenuicaulis"
"M_057","Calamagrostis.arundinacea"
"M_057","Callicarpa.japonica"
"M_057","Cardamine.regeliana"
"M_057","Cardamine.tanakae"
"M_057","Cardiandra.alternifolia"
"M_057","Carex.curvicollis"
"M_057","Chelidonium.majus"
"M_057","Cirsium.microspicatum"
"M_057","Clematis.apiifolia"
"M_057","Clethra.barbinervis"
"M_057","Codonopsis.lanceolata"
"M_057","Corydalis.incisa"
"M_057","Corydalis.pallida"
"M_057","Cryptotaenia.japonica"
"M_057","Desmodium.podocarpum"
"M_057","Deutzia.crenata"
"M_057","Deutzia.maximowicziana"
"M_057","Digitaria.ciliaris"
"M_057","Dipsacus.japonicus"
"M_057","Duchesnea.chrysantha"
"M_057","Eriobotrya.japonica"
"M_057","Euonymus.alatus"
"M_057","Eupatorium.chinense"
"M_057","Euptelea.polyandra"
"M_057","Geranium.nepalense"
"M_057","Geum.japonicum"
"M_057","Glechoma.hederacea"
"M_057","Houttuynia.cordata"
"M_057","Hydrangea.hirta"
"M_057","Hydrangea.macrophylla"
"M_057","Hydrangea.paniculata"
"M_057","Hypericum.pseudopetiolatum"
"M_057","Impatiens.noli-tangere"
"M_057","Impatiens.textori"
"M_057","Ixeris.dentata"
"M_057","Kalimeris.pinnatifida"
"M_057","Kalimeris.yomena"
"M_057","Kerria.japonica"
"M_057","Leucosceptrum.stellipilum"
"M_057","Ligularia.fischerii"
"M_057","Ligustrum.obtusifolium"
"M_057","Lindera.obtusiloba"
"M_057","Lindera.umbellata"
"M_057","Lonicera.gracilipes"
"M_057","Macleaya.cordata"
"M_057","Meehania.urticifolia"
"M_057","Meliosma.tenuis"
"M_057","Omphalodes.japonica"
"M_057","Orixa.japonica"
"M_057","Osterium.sieboldii"
"M_057","Paederia.scandens"
"M_057","Paeonia.japonica"
"M_057","Patrinia.villosa"
"M_057","Persicaria.aestiva"
"M_057","Persicaria.conspicua"
"M_057","Persicaria.pubescens"
"M_057","Persicaria.thunbergii"
"M_057","Persicaria.yokusaiana"
"M_057","Plantago.asiatica"
"M_057","Pollia.japonica"
"M_057","Potentilla.sundaica"
"M_057","Prunus.jamasakura"
"M_057","Rabdosia.longituba"
"M_057","Rabdosia.trichocarpa"
"M_057","Ranunculus.silerifolius"
"M_057","Reynoutria.japonica"
"M_057","Rhododendron.kaempferi"
"M_057","Rhus.javanica"
"M_057","Rorippa.indica"
"M_057","Rubus.buergeri"
"M_057","Rubus.crataegifolius"
"M_057","Rubus.palmatus"
"M_057","Sambucus.racemosa"
"M_057","Senecio.nikoensis"
"M_057","Stachyurus.praecox"
"M_057","Staphylea.bumalda"
"M_057","Stellaria.alsine"
"M_057","Stellaria.uchiyamana"
"M_057","Stenactis.annuus"
"M_057","Stephanandra.incisa"
"M_057","Swertia.bimaculata"
"M_057","Swida.macrophylla"
"M_057","Symplocos.chinensis"
"M_057","Torilis.japonica"
"M_057","Trifolium.repens"
"M_057","Trigonotis.brevipes"
"M_057","Valeriana.flaccidissima"
"M_057","Viburnum.phlebotricum"
"M_057","Viburnum.plicatum"
"M_057","Vicia.venosa"
"M_057","Viola.verecunda"
"M_057","Weigela.hortensis"
"M_057","Wisteria.floribunda"
"M_057","Youngia.denticulata"
"M_058","Aetheorrina.bulbosa"
"M_058","Allium.ampeloprasum"
"M_058","Alyssum.maritimum"
"M_058","Brassica.fruticulosa"
"M_058","Carpobrotus.sp1.M.PL.058"
"M_058","Cistus.albidus"
"M_058","Cistus.monspeliensis"
"M_058","Cistus.salvifolius"
"M_058","Convolvulus.althaeoides"
"M_058","Daucus.carota.carota"
"M_058","Dianthus.caryophillus"
"M_058","Dorychnium.pentaphylum"
"M_058","Equium.sabulicola"
"M_058","Eryngium.campestre"
"M_058","Euphorbia.segatalis"
"M_058","Galactites.tomentosa"
"M_058","Helianthemum.guttatum"
"M_058","Helichrysum.stoechas"
"M_058","Hypericum.perfolatum"
"M_058","Lathyrus.clymenum"
"M_058","Lavandula.stoechas"
"M_058","Linum.sp1.M.PL.058"
"M_058","Opuntia.stricta"
"M_058","Psoralea.bituminosa"
"M_058","Rosmarinus.officinalis"
"M_058","Ruta.chalepensis"
"M_058","Scabiosa.stellata"
"M_058","Sedum.sediforme"
"M_058","Sonchus.tenerrinus"
"M_058","Thymelaea.hirusta"
"M_058","Urospermum.picrioides"
"M_058","Vicea.lutea"
"M_059","Banisteriopsis.muricata"
"M_059","Banisteriopsis.schizoptera"
"M_059","Banisteriopsis.stellaris"
"M_059","Byrsonima.gardnerana"
"M_059","Carolus.chasei"
"M_059","Dicella.bracteosa"
"M_059","Diplopterys.pubipetala"
"M_059","Heteropterys.sp1.M.PL.059"
"M_059","Heteropterys.sp2.M.PL.059"
"M_059","Janusia.anisandra"
"M_059","Stigmaphyllon.auriculatum"
"M_059","Stigmaphyllon.ciliatum"
"M_059","Stigmaphyllon.paralias"
"M_060","Agauria.salicifolia"
"M_060","Antidesma.madagascariense"
"M_060","Antirhea.borbonica"
"M_060","Aphloia.theiformis"
"M_060","Badula.insularis"
"M_060","Badula.platiphylla"
"M_060","Bakerella.hoyifolia"
"M_060","Bertiera.zaluzania."
"M_060","Calophyllum.eputamen"
"M_060","Casearia.coriacea"
"M_060","Chassalia.coriacea"
"M_060","Chassalia.petrinensis"
"M_060","Claoxylon.linostachys"
"M_060","Coffea.macrocarpa"
"M_060","Coffea.mauritiana"
"M_060","Cordemoya.integrifolia"
"M_060","Croton.fothergillifolius"
"M_060","Croton.grangeroides"
"M_060","Diospyros.revaughanii"
"M_060","Dodonaea.viscosa"
"M_060","Doratoxylon.apetalum"
"M_060","Dracaena.reflexa"
"M_060","Embelia.angustifolia"
"M_060","Erythrospermum.monticolum"
"M_060","Erythroxylum.macrocarpum"
"M_060","Eugenia.orbiculata"
"M_060","Euodia.chapelieri"
"M_060","Euodia.obtusifolia"
"M_060","Faujasiopsis.flexuosa"
"M_060","Flagellaria.indica"
"M_060","Gaertnera.petrinensis"
"M_060","Gaertnera.rotundifolia"
"M_060","Gaertnera.sp1.M.PL.066"
"M_060","Gaertnera.sp1.M.PL.067"
"M_060","Gaertnera.sp1.M.PL.068"
"M_060","Gaertnera.sp1.M.PL.069"
"M_060","Gaertnera.sp1.M.PL.070"
"M_060","Gaertnera.sp1.M.PL.077"
"M_060","Gaertnera.sp1.M.PL.078"
"M_060","Gaertnera.sp1.M.PL.079"
"M_060","Gaertnera.sp1.M.PL.080"
"M_060","Gaertnera.sp1.M.PL.081"
"M_060","Gaertnera.sp1.M.PL.082"
"M_060","Geniostoma.borbonicum"
"M_060","Grangeria.borbonica"
"M_060","Harungana.madagascariensis"
"M_060","Helichrysum.proteoides"
"M_060","Homalanthus.populifolius"
"M_060","Labourdonnaisia.callophylloides"
"M_060","Memecylon.ovatifolium"
"M_060","Mimusops.erythroxylon"
"M_060","Molinaea.alternifolia"
"M_060","Molinaea.macrantha"
"M_060","Monimiastrum.globosum"
"M_060","Myonima.violacea"
"M_060","Ochna.mauritiana"
"M_060","Ocotea.laevigata"
"M_060","Olea.lancea"
"M_060","Pandanus.barklyi"
"M_060","Pandanus.rigidifolius"
"M_060","Pandanus.wiehii"
"M_060","Phyllanthus.phillyreifolius"
"M_060","Pittosporum.senacia"
"M_060","Pleurostylia.leucocarpa."
"M_060","Polyscias.mauritiana"
"M_060","Psathura.terniflora"
"M_060","Psiadia.terebinthina"
"M_060","Psidium.cattleianum"
"M_060","Pyrostria.fasciculata"
"M_060","Roussea.simplex."
"M_060","Rubus.alcefolius"
"M_060","Sideroxylon.cinereum"
"M_060","Sideroxylon.puberulum"
"M_060","Smilax.anceps"
"M_060","Stillingia.lineata"
"M_060","Syzygium.commersonii"
"M_060","Syzygium.coriaceum"
"M_060","Syzygium.glomeratum"
"M_060","Syzygium.mauritianum"
"M_060","Syzygium.petrinese"
"M_060","Syzygium.venosum"
"M_060","Tabernaemontana.persicarifolia"
"M_060","Toddalia.asiatica"
"M_060","Tristhema.mauritiana"
"M_060","Trochetia.blackburniana"
"M_060","Turraea.rigida"
"M_060","Warneckea.trinervis"
"M_060","Wikstroemia.indica"
"M_060","Xylopia.lamarckii"
"M_060","Xyris.sp1.M.PL.069"
"M_060","Xyris.sp1.M.PL.071"
"M_061","Alstonia.macrophylla"
"M_061","Aphloia.theiformis"
"M_061","Campnosperma.seychellarum"
"M_061","Canthium.bibracteatum"
"M_061","Chrysobalanus.icaco"
"M_061","Cinnamomum.verum"
"M_061","Colea.seychellarum"
"M_061","Craterispermum.microdon"
"M_061","Deckenia.nobilis"
"M_061","Dillenia.ferruginea"
"M_061","Dillenia.suffruticosa"
"M_061","Diospyros.seychellarum"
"M_061","Dracaena.reflexa"
"M_061","Erythroxylum.sechellarum"
"M_061","Euphorbia.pyrifolia"
"M_061","Excoecaria.benthiamiana"
"M_061","Gastonia.crassa"
"M_061","Glionnetia.sericea"
"M_061","Ixora.pudica"
"M_061","Medusagyne.oppositifolia"
"M_061","Memecylon.eleagni"
"M_061","Mimusops.sechellarum"
"M_061","Nepenthes.pervillei"
"M_061","Nephrosperma.vanhoutteanum"
"M_061","Northea.hornei"
"M_061","Ochna.kirkii"
"M_061","Paragenipa.wrightii"
"M_061","Paraserianthes.falcataria"
"M_061","Phoenicophorium.borsigianum"
"M_061","Pittosporum.senacia"
"M_061","Premna.serratifolia"
"M_061","Psidium.cattleianum"
"M_061","Psychotria.pervillei"
"M_061","Roscheria.melanochaetes"
"M_061","Soulamea.terminaloides"
"M_061","Syzygium.wrightii"
"M_061","Timonius.sechellensis"
"M_062","Abutilon.theophrasti"
"M_062","Acer.negundo"
"M_062","Acer.saccharinum"
"M_062","Achillea.millefolium"
"M_062","Actea.alba"
"M_062","Actinomeris.alternifolia"
"M_062","Aesculus.glabra"
"M_062","Aesculus.hippocastanum"
"M_062","Agastache.nepetoides"
"M_062","Agastache.scrophulariaefolia"
"M_062","Agrimonia.striata"
"M_062","Alisma.plantago.aquatica"
"M_062","Amaranthus.spinosus"
"M_062","Ambrosia.trifida"
"M_062","Amelanchier.canadensis"
"M_062","Ammannia.coccinea"
"M_062","Amorpha.canescens"
"M_062","Amorpha.fruticosa"
"M_062","Amphicarpa.pitcheri"
"M_062","Anemonella.thalictroides"
"M_062","Anethum.graveolens"
"M_062","Antennaria.plantaginifolia"
"M_062","Anthemis.cotula"
"M_062","Apios.tuberosa"
"M_062","Apocynum.androsaemifolium"
"M_062","Apocynum.cannabinum"
"M_062","Aquilegia.canadensis"
"M_062","Arabis.dentata"
"M_062","Arabis.laevigata"
"M_062","Arabis.virginica"
"M_062","Arctium.minus"
"M_062","Arisaema.triphyllum"
"M_062","Aristolochia.tomentosa"
"M_062","Aruncus.sylvester"
"M_062","Ascerates.floridana"
"M_062","Ascerates.viridiflora"
"M_062","Asclepias.incarnata"
"M_062","Asclepias.purpurascens"
"M_062","Asclepias.sullivantii"
"M_062","Asclepias.syriaca"
"M_062","Asclepias.tuberosa"
"M_062","Asclepias.verticillata"
"M_062","Asiminia.triloba"
"M_062","Asparagus.officinalis"
"M_062","Aster.anomalus"
"M_062","Aster.ericoides.villosus"
"M_062","Aster.lateriflorus"
"M_062","Aster.multiflorus"
"M_062","Aster.novaeangliae"
"M_062","Aster.paniculatus"
"M_062","Aster.sagittifolius"
"M_062","Aster.salicifolius"
"M_062","Aster.turbinellus"
"M_062","Astragalus.canadensis"
"M_062","Astragalus.mexicanus"
"M_062","Baptisia.bracteata"
"M_062","Baptisia.leucantha"
"M_062","Bidens.aristosa"
"M_062","Bidens.bipinnata"
"M_062","Bidens.connata"
"M_062","Bidens.frondosa"
"M_062","Bidens.laevis"
"M_062","Blephilia.ciliata"
"M_062","Blephilia.hirsuta"
"M_062","Boltonia.asteroides"
"M_062","Brauneria.pallida"
"M_062","Brauneria.purpurea"
"M_062","Cacalia.atriplicifolia"
"M_062","Cacalia.reniformis"
"M_062","Cacalia.tuberosa"
"M_062","Camassia.esculenta"
"M_062","Campanula.americana"
"M_062","Capsella.bursa-pastoris"
"M_062","Cardamine.bulbosa"
"M_062","Cassia.chamaecrista"
"M_062","Cassia.marilandica"
"M_062","Castalia.tuberosa"
"M_062","Castilleja.coccinea"
"M_062","Caulophyllum.thalictroides"
"M_062","Ceanothus.americanus"
"M_062","Celastrus.scandens"
"M_062","Cephalanthus.occidentalis"
"M_062","Cerastium.nutans"
"M_062","Cerastium.vulgatum"
"M_062","Cercis.canadensis"
"M_062","Chaerophyllum.procumbens"
"M_062","Chrysanthemum.leucanthemum"
"M_062","Cicuta.maculata"
"M_062","Circaea.lutetiana"
"M_062","Cirsium.altissimum"
"M_062","Cirsium.discolor"
"M_062","Cirsium.lanceolatum"
"M_062","Cirsium.pumilum"
"M_062","Claytonia.virginica"
"M_062","Clematis.pitcheri"
"M_062","Clematis.virginiana"
"M_062","Collinsia.verna"
"M_062","Comandra.umbellata"
"M_062","Convolvulus.sepium"
"M_062","Coreopsis.palmata"
"M_062","Coreopsis.tripteris"
"M_062","Cornus.amomum"
"M_062","Cornus.florida"
"M_062","Cornus.paniculata"
"M_062","Crataegus.coccinea"
"M_062","Crataegus.crus-galli"
"M_062","Crataegus.mollis"
"M_062","Crotalaria.sagittalis"
"M_062","Cryptotaenia.canadensis"
"M_062","Cucurbita.melopepo"
"M_062","Cucurbita.pepo"
"M_062","Cuphea.petiolata"
"M_062","Cuscuta.cephalanthi"
"M_062","Cuscuta.glomerata"
"M_062","Cynoglossum.officinale"
"M_062","Cypripedium.parviflorum.pubescens"
"M_062","Datura.stramonium"
"M_062","Datura.tatula"
"M_062","Delphinium.tricorne"
"M_062","Dentaria.laciniata"
"M_062","Desmodium.bracteosum"
"M_062","Desmodium.canadense"
"M_062","Desmodium.canescens"
"M_062","Desmodium.dillenii"
"M_062","Desmodium.grandiflorum"
"M_062","Desmodium.illinoense"
"M_062","Desmodium.marilandicum"
"M_062","Desmodium.paniculatum"
"M_062","Desmodium.sessilifolium"
"M_062","Dianthera.americana"
"M_062","Dicentra.cucullaria"
"M_062","Diospyros.virginiana"
"M_062","Dipsacus.sylvestris"
"M_062","Dirca.palustris"
"M_062","Dodecatheon.meadia"
"M_062","Echinocystis.lobata"
"M_062","Ellisia.nyctelaea"
"M_062","Erechthites.hieracifolia"
"M_062","Erigenia.bulbosa"
"M_062","Erigeron.annuus"
"M_062","Erigeron.canadensis"
"M_062","Erigeron.philadelphicus"
"M_062","Erigeron.pulchellus"
"M_062","Erigeron.ramosus"
"M_062","Eryngium.yuccifolium"
"M_062","Erythronium.albidum"
"M_062","Eulophus.americanus"
"M_062","Eupatorium.altissimum"
"M_062","Eupatorium.coelestinum"
"M_062","Eupatorium.perfoliatum"
"M_062","Eupatorium.purpureum"
"M_062","Eupatorium.serotinum"
"M_062","Eupatorium.sessilifolium"
"M_062","Eupatorium.urticaefolium"
"M_062","Euphorbia.corollata"
"M_062","Euphorbia.preslii"
"M_062","Evonymus.atropurpureus"
"M_062","Fragaria.virginiana.illinoensis"
"M_062","Frasera.carolinensis"
"M_062","Fraxinus.americanus"
"M_062","Galium.aperine"
"M_062","Galium.trifidum"
"M_062","Gaura.biennis"
"M_062","Gentiana.andrewsii"
"M_062","Gentiana.puberula"
"M_062","Geranium.carolinianum"
"M_062","Geranium.maculatum"
"M_062","Gerardia.auriculata"
"M_062","Gerardia.grandiflora"
"M_062","Gerardia.purpurea"
"M_062","Gerardia.tenuifolia"
"M_062","Geum.canadense"
"M_062","Geum.vernum"
"M_062","Gillenia.stipulacea"
"M_062","Gleditsia.triacanthos"
"M_062","Gnaphalium.polycephalum"
"M_062","Gonolobus.laevis"
"M_062","Gratiola.virginiana"
"M_062","Gymnocladus.dioica"
"M_062","Habenaria.leucophaea"
"M_062","Hedeoma.pulegioides"
"M_062","Helenium.autumnale"
"M_062","Helianthus.annuus"
"M_062","Helianthus.divaricatus"
"M_062","Helianthus.grosse-serratus"
"M_062","Helianthus.laetiflorus"
"M_062","Helianthus.mollis"
"M_062","Helianthus.scaberrimus"
"M_062","Helianthus.strumosus"
"M_062","Helianthus.tuberosus"
"M_062","Heliopsis.helianthoides"
"M_062","Hepatica.acutiloba"
"M_062","Heracleum.lanatum"
"M_062","Heuchera.hispida"
"M_062","Hibiscus.lasiocarpos"
"M_062","Hibiscus.militaris"
"M_062","Hibiscus.trionum"
"M_062","Houstonia.purpurea.calycosa"
"M_062","Hybanthus.concolor"
"M_062","Hydrangea.arborescens"
"M_062","Hydrophyllum.appendiculatum"
"M_062","Hydrophyllum.virginianum"
"M_062","Hypericum.ascyron"
"M_062","Hypericum.cistifolium"
"M_062","Hypericum.punctatum"
"M_062","Hypoxis.hirsuta"
"M_062","Ilysanthes.dubia"
"M_062","Impatiens.biflora"
"M_062","Impatiens.pallida"
"M_062","Ipomoea.hederacea"
"M_062","Ipomoea.pandurata"
"M_062","Ipomoea.purpurea"
"M_062","Iris.hexagona"
"M_062","Iris.versicolor"
"M_062","Isopyrum.biternatum"
"M_062","Krigia.amplexicaulis"
"M_062","Lactuca.canadensis"
"M_062","Lactuca.floridana"
"M_062","Lantana.camara"
"M_062","Lappula.virginiana"
"M_062","Leonurus.cardiaca"
"M_062","Lepachys.pinnata"
"M_062","Lepidium.virginicum"
"M_062","Lespedeza.capitata"
"M_062","Lespedeza.procumbens"
"M_062","Lespedeza.virginica"
"M_062","Liatris.pycnostachya"
"M_062","Liatris.scariosa"
"M_062","Lilium.superbum"
"M_062","Linaria.vulgaris"
"M_062","Liparis.liliifolia"
"M_062","Lippia.lanceolata"
"M_062","Lithospermum.canescens"
"M_062","Lobelia.cardinalis"
"M_062","Lobelia.cardinalis.x.siphilitica"
"M_062","Lobelia.inflata"
"M_062","Lobelia.leptostachys"
"M_062","Lobelia.siphilitica"
"M_062","Lobelia.spicata"
"M_062","Lonicera.sempervirens"
"M_062","Lonicera.sullivantii"
"M_062","Ludvigia.alternifolia"
"M_062","Ludvigia.polycarpa"
"M_062","Lycopus.americanus"
"M_062","Lythrum.alatum"
"M_062","Malva.rotundifolia"
"M_062","Marrubium.vulgare"
"M_062","Martynia.louisiana"
"M_062","Melanthium.virginicum"
"M_062","Melilotus.alba"
"M_062","Mentha.arvensis"
"M_062","Mertensia.virginica"
"M_062","Mimulus.alatus"
"M_062","Mimulus.ringens"
"M_062","Mollugo.verticillata"
"M_062","Monarda.bradburiana"
"M_062","Monarda.fistulosa"
"M_062","Myosotis.virginica"
"M_062","Myosurus.minimus"
"M_062","Nelumbo.lutea"
"M_062","Nepeta.cataria"
"M_062","Nepeta.hederacea"
"M_062","Nothoscordum.bivalve"
"M_062","Nymphaea.advena"
"M_062","Oenothera.biennis"
"M_062","Oenothera.fruticosa"
"M_062","Orchis.spectabilis"
"M_062","Orobanche.uniflora"
"M_062","Osmorrhiza.longistylis"
"M_062","Oxalis.corniculata"
"M_062","Oxalis.stricta"
"M_062","Oxalis.violacea"
"M_062","Oxypolis.rigidior"
"M_062","Panicum.virgatum"
"M_062","Parthenium.integrifolium"
"M_062","Passiflora.lutea"
"M_062","Pastinaca.sativa"
"M_062","Penstemon.hirsutus"
"M_062","Penstemon.laevigatus"
"M_062","Petalostemum.candidum"
"M_062","Petalostemum.purpureum"
"M_062","Philadelphus.grandiflorus"
"M_062","Phlox.divaricata"
"M_062","Phlox.glaberrima"
"M_062","Phlox.pilosa"
"M_062","Phryma.leptostachya"
"M_062","Physalis.lanceolata"
"M_062","Physalis.subglabrata"
"M_062","Physalis.virginiana"
"M_062","Physostegia.virginiana"
"M_062","Phytolacca.decandra"
"M_062","Plantago.major"
"M_062","Poa.pratensis"
"M_062","Podophyllum.peltatum"
"M_062","Polemonium.reptans"
"M_062","Polygala.sanguinea"
"M_062","Polygonatum.commutatum"
"M_062","Polygonum.acre"
"M_062","Polygonum.amphibium"
"M_062","Polygonum.hydropiper"
"M_062","Polygonum.hydropiperoides"
"M_062","Polygonum.lapathifolium"
"M_062","Polygonum.pennsylvanicum"
"M_062","Polygonum.persicaria"
"M_062","Polygonum.scandens"
"M_062","Polytaenia.nuttallii"
"M_062","Pontederia.cordata"
"M_062","Populus.deltoides"
"M_062","Populus.tremuloides"
"M_062","Portulaca.oleracea"
"M_062","Potentilla.canadensis"
"M_062","Potentilla.monspeliensis.norvegica"
"M_062","Prenanthes.aspera"
"M_062","Prenanthes.crepidinea"
"M_062","Prunella.vulgaris"
"M_062","Prunus.americana"
"M_062","Prunus.serotina"
"M_062","Psedera.quinquefolia"
"M_062","Psoralea.onobrychis"
"M_062","Ptelea.trifoliata"
"M_062","Pycnanthemum.flexuosum"
"M_062","Pycnanthemum.pilosum"
"M_062","Pycnanthemum.virginianum"
"M_062","Pyrus.coronaria"
"M_062","Radicula.obtusa"
"M_062","Radicula.palustris"
"M_062","Ranunculus.abortivus"
"M_062","Ranunculus.fascicularis"
"M_062","Ranunculus.recurvatus"
"M_062","Ranunculus.septentrionalis"
"M_062","Rhamnus.lanceolata"
"M_062","Rhus.canadensis"
"M_062","Rhus.copallina"
"M_062","Rhus.glabra"
"M_062","Rhus.toxicodendron"
"M_062","Ribes.gracile"
"M_062","Robinia.pseudacacia"
"M_062","Rosa.humilis"
"M_062","Rosa.setigera"
"M_062","Rubus.canadensis"
"M_062","Rubus.occidentalis"
"M_062","Rubus.villosus"
"M_062","Rudbeckia.hirta"
"M_062","Rudbeckia.laciniata"
"M_062","Rudbeckia.subtomentosa"
"M_062","Rudbeckia.triloba"
"M_062","Ruellia.ciliosa"
"M_062","Ruellia.strepens"
"M_062","Sagittaria.latifolia"
"M_062","Salix.amygdaloides"
"M_062","Salix.cordata"
"M_062","Salix.humilis"
"M_062","Salix.longifolia"
"M_062","Salix.nigra"
"M_062","Sambucus.canadensis"
"M_062","Samolus.floribundus"
"M_062","Sanguinaria.canadensis"
"M_062","Sanicula.canadensis"
"M_062","Sanicula.marilandica"
"M_062","Saponaria.officinalis"
"M_062","Sassafras.variifolium"
"M_062","Scrophularia.marilandica"
"M_062","Scutellaria.canescans"
"M_062","Scutellaria.lateriflora"
"M_062","Scutellaria.parvula"
"M_062","Scutellaria.versicolor"
"M_062","Sebatia.angularis"
"M_062","Senecio.aureus"
"M_062","Seymeria.macrophylla"
"M_062","Sicyos.angulatus"
"M_062","Sida.spinosa"
"M_062","Silene.nivea"
"M_062","Silene.stellata"
"M_062","Silphium.integrifolium"
"M_062","Silphium.laciniatum"
"M_062","Silphium.perfoliatum"
"M_062","Silphium.terebinthinaceum"
"M_062","Sisymbrium.canescens"
"M_062","Sisyrinchium.angustifolium"
"M_062","Sisyrinchium.gramineum"
"M_062","Sium.cicutaefolium"
"M_062","Smilacina.racemosa"
"M_062","Smilacina.stellata"
"M_062","Smilax.herbacea"
"M_062","Smilax.hispida"
"M_062","Solanum.carolinense"
"M_062","Solanum.nigrum"
"M_062","Solanum.rostratum"
"M_062","Solidago.canadensis"
"M_062","Solidago.graminifolia"
"M_062","Solidago.missouriensis"
"M_062","Solidago.nemoralis"
"M_062","Solidago.rigida"
"M_062","Solidago.serotina"
"M_062","Solidago.speciosa"
"M_062","Solidago.ulmifolia"
"M_062","Specularia.perfoliata"
"M_062","Spiranthes.gracilis"
"M_062","Stachys.palustris"
"M_062","Staphylea.trifolia"
"M_062","Steironema.ciliatum"
"M_062","Steironema.lanceolatum"
"M_062","Steironema.quadriflorum"
"M_062","Stellaria.longifolia"
"M_062","Stellaria.media"
"M_062","Stenanthium.angustifolium"
"M_062","Strophostyles.helvola"
"M_062","Strophostyles.pauciflora"
"M_062","Stylosanthes.biflora"
"M_062","Symphoricarpos.orbicularis"
"M_062","Taenidia.integerrima"
"M_062","Taraxacum.officinale"
"M_062","Tecoma.radicans"
"M_062","Tephrosia.virginiana"
"M_062","Teucrium.canadense"
"M_062","Thalictrum.dasycarpum"
"M_062","Thaspium.aureum.atropurpurem"
"M_062","Thaspium.aureum.trifoliatum"
"M_062","Tilia.americana"
"M_062","Tradescantia.brevicaulis"
"M_062","Tradescantia.pilosa"
"M_062","Tradescantia.virginiana"
"M_062","Trifolium.hybridum"
"M_062","Trifolium.pratense"
"M_062","Trifolium.reflexum"
"M_062","Trifolium.repens"
"M_062","Trillium.sessile"
"M_062","Triosteum.perfoliatum"
"M_062","Ulmus.americana"
"M_062","Ulmus.fulva"
"M_062","Uvularia.grandiflora"
"M_062","Valerianella.radiata"
"M_062","Verbascum.thapsus"
"M_062","Verbena.angustifolia"
"M_062","Verbena.bracteosa"
"M_062","Verbena.hastata"
"M_062","Verbena.stricta"
"M_062","Verbena.urticaefolia"
"M_062","Verbesina.helianthoides"
"M_062","Vernonia.fasciculata"
"M_062","Veronica.arvensis"
"M_062","Veronica.peregrina"
"M_062","Veronica.virginica"
"M_062","Viburnum.prunifolium"
"M_062","Viburnum.pubescens"
"M_062","Viola.cucullata"
"M_062","Viola.pedata"
"M_062","Viola.pedatifida"
"M_062","Viola.pubescens"
"M_062","Viola.sagittata"
"M_062","Viola.striata"
"M_062","Vitis.cordifolia"
"M_062","Vitis.vulpina"
"M_062","Zanthoxylum.americanum"
"M_062","Zea.mays"
"M_062","Zizia.aurea"
"M_072","Abutilon.terminale"
"M_072","Achyrocline.satureoides"
"M_072","Adesmia.incana"
"M_072","Alophia.lahue"
"M_072","Apodanthera.sagitifolia"
"M_072","Arjona.tuberosa"
"M_072","Baccharis.articulata"
"M_072","Baccharis.coridifolia"
"M_072","Baccharis.tandilensis"
"M_072","Bidens.pilosa"
"M_072","Blumenbachia.insignis"
"M_072","Canna.glauca"
"M_072","Carduus.acanthoides"
"M_072","Cerastium.mollissimum"
"M_072","Chrysanthemum.leucanthemum"
"M_072","Cleanthes.brasiliensis"
"M_072","Colletia.paradoxa"
"M_072","Commelina.erecta"
"M_072","Conium.maculatum"
"M_072","Convolvulus.hermanniae"
"M_072","Conyza.bonariensis"
"M_072","Cuphea.fruticosa"
"M_072","Cynara.cardunculus"
"M_072","Cypella.herbertii"
"M_072","Cytisus.monspessulanus"
"M_072","Discaria.longispina"
"M_072","Dodonaea.viscosa"
"M_072","Echium.plantagineum"
"M_072","Eryngium.floribundum"
"M_072","Eryngium.horridum"
"M_072","Eryngium.nudicaule"
"M_072","Eryngium.stenophyllum"
"M_072","Eupatorium.bupleurifolium"
"M_072","Eupatorium.lanigerum"
"M_072","Eupatorium.macrocephalum"
"M_072","Eupatorium.squarrulosum"
"M_072","Eupatorium.subhastatum"
"M_072","Eupatorium.tenacetifolium"
"M_072","Foeniculum.vulgare"
"M_072","Gamochaeta.argentina"
"M_072","Gamochaeta.stachydifolia"
"M_072","Gelasine.azurea"
"M_072","Geranium.dissectum"
"M_072","Gerardia.genistifolia"
"M_072","Glandularia.dissecta"
"M_072","Gnaphalium.cheirantifolium"
"M_072","Gomphrena.perennis"
"M_072","Grindelia.buphtalmoides"
"M_072","Gymnocalycium.reductum"
"M_072","Habranthus.andersoni"
"M_072","Habranthus.gracilifolius"
"M_072","Helianthemum.brasiliense"
"M_072","Hypericum.connatum"
"M_072","Hypochaeris.pampasica"
"M_072","Hypochaeris.rosengurtii"
"M_072","Hysterionica.pinifolia"
"M_072","Lathyrus.crassipes"
"M_072","Lathyrus.nervosus"
"M_072","Lathyrus.pubescens"
"M_072","Melilotus.officinalis"
"M_072","Mimosa.tandilensis"
"M_072","Nothoscordum.bonariense"
"M_072","Oenothera.indecora"
"M_072","Opuntia.sp1.M.PL.072"
"M_072","Oxalis.articulata"
"M_072","Oxalis.cordobensis"
"M_072","Oxypetalum.solanoides"
"M_072","Passiflora.caerulea"
"M_072","Pavonia.cymbalaria"
"M_072","Petunia.axillaris"
"M_072","Picris.echioides"
"M_072","Rapistrum.rugosum"
"M_072","Rodophiala.bifida"
"M_072","Rubus.ulmifolius"
"M_072","Senecio.arechavaletae"
"M_072","Senecio.bravensis"
"M_072","Senecio.grisebachii"
"M_072","Senecio.madagascariensis"
"M_072","Senecio.pulcher"
"M_072","Senecio.selloi"
"M_072","Sida.flavescens"
"M_072","Silene.gallica"
"M_072","Sisyrinchium.iridifolium"
"M_072","Solanum.chacoense"
"M_072","Solidago.chilensis"
"M_072","Sommerfeltia.spinulosa"
"M_072","Sonchus.oleraceus"
"M_072","Spartium.junceum"
"M_072","Spilanthes.stolonifera"
"M_072","Stevia.satureiifolia"
"M_072","Trixis.stricta"
"M_072","Turnera.pinnatifida"
"M_072","Valeriana.polystachya"
"M_072","Verbena.intermedia"
"M_072","Vernonia.echioides"
"M_072","Wigginsia.tephracantha"
"M_073","Apocynum.cannabinum"
"M_073","Asclepias.syriaca"
"M_073","Calystegia.sepium"
"M_073","Campsis.radicans"
"M_073","Cephalanthus.occidentalis"
"M_073","Commelina.erecta"
"M_073","Conium.maculatum"
"M_073","Erysimum.cheiranthoides"
"M_073","Eupatorium.coelestinum"
"M_073","Eupatorium.purpureum"
"M_073","Helianthus.decapetalus"
"M_073","Hibiscus.laevis"
"M_073","Hypericum.prolificum"
"M_073","Lapsana.communis"
"M_073","Lindernia.dubia"
"M_073","Lycopus.rubellus"
"M_073","Lysimachia.nummularia"
"M_073","Oxalis.stricta"
"M_073","Polygonum.amphibium"
"M_073","Polymnia.uvedalia"
"M_073","Rudbeckia.hirta"
"M_073","Rudbeckia.laciniata"
"M_073","Satchys.tenuifolia"
"M_073","Scrophularia.marilandica"
"M_073","Solanum.carolinense"
"M_073","Solidago.sp1M.PL.073"
"M_073","Symphiotrichum.lanceolatum"
"M_073","Verbena..hastata"
"M_073","Verbena.urticifolia"
"M_073","Verbesina.alternifolia"
"M_074","Aechmea.cylindrata"
"M_074","Nidularium.campo-alegrensis"
"M_074","Vriesea.altodaserrae"
"M_074","Vriesea.guttata"
"M_074","Vriesea.heterostachys"
"M_074","Vriesea.hoehneana"
"M_074","Vriesea.platynema"
"M_074","Wittrochia.cyathiformis"
"M_075","Antidesma.madagascariense"
"M_075","Antirhea.borbonica"
"M_075","Aphloia.theiformis"
"M_075","Ardisia.crenate"
"M_075","Badula.insularis"
"M_075","Badula.platiphylla"
"M_075","Bertiera.zaluzania"
"M_075","Calophyllum.eputamen.var.eputamen"
"M_075","Casearia.coriacea"
"M_075","Chassalia.coriacea.var.coriacea"
"M_075","Claoxylon.linostachys.ssp.brachyphyllum"
"M_075","Clidemia.hirta"
"M_075","Coffea.macrocarpa"
"M_075","Coffea.mauritiana"
"M_075","Cordemoya.integrifolia"
"M_075","Croton.fothergillifolius"
"M_075","Croton.grangeroides"
"M_075","Diospyros.revaughanii"
"M_075","Dodonaea.viscosa"
"M_075","Doratoxylon.apetalum.var.diphyllum"
"M_075","Dracaena.reflexa.var.angustifolia"
"M_075","Embelia.angustifolia"
"M_075","Erythrospermum.monticolum.var.monticolum"
"M_075","Erythroxylum.macrocarpum"
"M_075","Eugenia.orbiculata"
"M_075","Euodia.chapelieri.var.chapelieri"
"M_075","Euodia.obtusifolia.ssp.gigas.var.gigas"
"M_075","Faujasiopsis.flexuosa.ssp.erecta"
"M_075","Flagellaria.indica"
"M_075","Gaertnera.psychotrioides.edentata"
"M_075","Gaertnera.rotundifolia"
"M_075","Grangeria.borbonica"
"M_075","Harungana.madagascariensis"
"M_075","Helichrysum.proteoides"
"M_075","Homalanthus.populifolius"
"M_075","Labourdonnaisia.callophylloides"
"M_075","Molinaea.alternifolia"
"M_075","Molinaea.macrantha"
"M_075","Myonima.violacea.var.ovata"
"M_075","Ochna.mauritiana"
"M_075","Olea.lancea"
"M_075","Ossaea.marginata"
"M_075","Phyllanthus.phillyreifolius.var.telfairianus"
"M_075","Pittosporum.senacia"
"M_075","Psathura.terniflora"
"M_075","Psiadia.terebinthina"
"M_075","Psidium.cattleianum"
"M_075","Rubus.alcefolius"
"M_075","Sideroxylon.cinereum"
"M_075","Sideroxylon.puberulum"
"M_075","Smilax.anceps"
"M_075","Stillingia.lineata.ssp.lineata"
"M_075","Syzygium.commersonii"
"M_075","Syzygium.coriaceum"
"M_075","Syzygium.glomeratum"
"M_075","Syzygium.petrinese"
"M_075","Tabernaemontana.persicarifolia"
"M_075","Toddalia.asiatica"
"M_075","Tristhema.mauritiana"
"M_075","Trochetia.blackburniana"
"M_075","Turraea.rigida"
"M_075","Warneckea.trinervis"
"M_075","Wikstroemia.indica"
"M_075","Xylopia.lamarckii"
"M_076","AB"
"M_076","AO"
"M_076","AS"
"M_076","AT"
"M_076","BC"
"M_076","CB"
"M_076","CC"
"M_076","CE"
"M_076","CG"
"M_076","CJ"
"M_076","CL"
"M_076","CP"
"M_076","CS"
"M_076","CT"
"M_076","CV"
"M_076","CY"
"M_076","EC"
"M_076","EG"
"M_076","ER"
"M_076","ES"
"M_076","GH"
"M_076","HC"
"M_076","HN"
"M_076","HT"
"M_076","JA"
"M_076","JM"
"M_076","LP"
"M_076","MA"
"M_076","MT"
"M_076","MV"
"M_076","NI"
"M_076","OP"
"M_076","OX"
"M_076","PE"
"M_076","PF"
"M_076","PM"
"M_076","PO"
"M_076","PP"
"M_076","RE"
"M_076","SD"
"M_076","SG"
"M_076","SG2"
"M_076","SI"
"M_076","SL"
"M_076","SO"
"M_076","SP"
"M_076","SS"
"M_076","SV"
"M_076","TH"
"M_076","ZC"
"M_077","Acanthostachys.strobilaceae"
"M_077","Aechmea.araneosa"
"M_077","Aechmea.bromeliifolia"
"M_077","Aechmea.lingulata"
"M_077","Aechmea.mutica"
"M_077","Aechmea.nudicaulis"
"M_077","Aechmea.pineliana"
"M_077","Aechmea.triangularis"
"M_077","Aechmea.victoriana"
"M_077","Billbergia.amoena"
"M_077","Canistrum.triangulare"
"M_077","Neoregelia.magdalaenae"
"M_077","Neoregelia.sp"
"M_077","Nidularium.cariacicaense"
"M_077","Nidularium.procerum"
"M_077","Portea.petropolitana"
"M_077","Quesnelia.strobilispica"
"M_077","Tillandsia.geminifolia"
"M_077","Tillandsia.tenuifolia"
"M_077","Vriesea.gracilior"
"M_077","Vriesea.psittacina"
"M_077","Vriesea.simplex"
"M_11.1","Azorina.vidalii"
"M_11.1","Beta.vulgaris"
"M_11.1","Chamomilla.suaveolens"
"M_11.1","Crithmum.maritimum"
"M_11.1","Daucus.carota"
"M_11.1","Freesia.refracta"
"M_11.1","Lotus.corniculatus"
"M_11.1","Reseda.luteola"
"M_11.1","Silene.vulgaris"
"M_11.1","Solidago.sempervivens"
"M_11.2","Argusia.argentea"
"M_11.2","Dracaena.concinna"
"M_11.2","Gastonia.mauritiana"
"M_11.2","Hibiscus.tiliaceus"
"M_11.2","Ipomoea.macrantha"
"M_11.2","Leucaena.leucocephala"
"M_11.2","Morinda.citrifolia"
"M_11.2","Passiflora.suberosa"
"M_11.2","Pemphis.acidula"
"M_11.2","Scaevola.sericea"
"M_11.2","Stachytapheta.jamaicencis"
"M_11.2","Suriana.maritima"
"M_11.2","Thespesia.populnea"
"M_11.2","Turnera.angustifolia"
