"especie","ID","genero","Familia","DIT","size","umbral.mediana"
"Agapostemon.splendens","M_005","Agapostemon","Halictidae",2.38,"Pequena",3.55
"Andrena.crataegi","M_005","Andrena","Andrenidae",1.81,"Pequena",3.55
"Andrena.imitatrix","M_005","Andrena","Andrenidae",4.49,"Grande",3.55
"Andrena.vicina","M_005","Andrena","Andrenidae",2.54,"Pequena",3.55
"Apis.mellifera","M_005","Apis","Apidae",2.9,"Grande",3.55
"Bombus.bifarius","M_005","Bombus","Apidae",2.89,"Pequena",3.55
"Bombus.centralis","M_005","Bombus","Apidae",3.06,"Grande",3.55
"Bombus.fervidus","M_005","Bombus","Apidae",3.48,"Grande",3.55
"Bombus.flavifrons","M_005","Bombus","Apidae",2.89,"Pequena",3.55
"Bombus.hunti","M_005","Bombus","Apidae",5.13,"Grande",3.55
"Bombus.nevadensis","M_005","Bombus","Apidae",5.06,"Grande",3.55
"Bombus.occidentalis","M_005","Bombus","Apidae",3.89,"Grande",3.55
"Bombus.pennsylvanicus","M_005","Bombus","Apidae",6,"Grande",3.55
"Colletes.kincaidi","M_005","Colletes","Colletidae",1.97,"Pequena",3.55
"Megachile.gemula.albula","M_005","Megachile","Megachilidae",3.62,"Grande",3.55
"Megachile.pugnata","M_005","Megachile","Megachilidae",3.1,"Grande",3.55
"Megachile.relativa","M_005","Megachile","Megachilidae",2.68,"Pequena",3.55
"Megachile.texana","M_005","Megachile","Megachilidae",3.65,"Grande",3.55
"Osmia.bruneri","M_005","Osmia","Megachilidae",2.1,"Pequena",3.55
"Osmia.nigrifrons","M_005","Osmia","Megachilidae",2.43,"Pequena",3.55
"Osmia.pentstemonis","M_005","Osmia","Megachilidae",1.75,"Pequena",3.55
"Osmia.pusilla","M_005","Osmia","Megachilidae",1.58,"Pequena",3.55
"Agapostemon.splendens","M_062","Agapostemon","Halictidae",2.38,"Pequena",3.55
"Agapostemon.texanus","M_062","Agapostemon","Halictidae",2.04,"Pequena",3.55
"Andrena.arabis","M_062","Andrena","Andrenidae",2.1,"Pequena",3.55
"Andrena.carlini","M_062","Andrena","Andrenidae",2.9,"Grande",3.55
"Andrena.mandibularis","M_062","Andrena","Andrenidae",1.87,"Pequena",3.55
"Andrena.nubecula","M_062","Andrena","Andrenidae",1.17,"Pequena",3.55
"Andrena.personata","M_062","Andrena","Andrenidae",1.2,"Pequena",3.55
"Andrena.pruni","M_062","Andrena","Andrenidae",2.5,"Grande",3.55
"Andrena.spiraeana","M_062","Andrena","Andrenidae",1.94,"Pequena",3.55
"Ashmeadiella.bucconis","M_062","","Megachilidae",1.78,"Pequena",3.55
"Bombus.impatiens","M_062","Bombus","Apidae",4.42,"Grande",3.55
"Bombus.impatiens","M_062","Bombus","Apidae",3.38,"Grande",3.55
"Bombus.pennsylvanicus","M_062","Bombus","Apidae",6,"Grande",3.55
"Bombus.ridingsii","M_062","Bombus","Apidae",5.44,"Grande",3.55
"Calliopsis.andreniformis","M_062","Calliopsis","Andrenidae",1.36,"Pequena",3.55
"Calliopsis.coloradensis","M_062","Calliopsis","Andrenidae",1.65,"Pequena",3.55
"Ceratina.dupla","M_062","Ceratina","Apidae",1.42,"Pequena",3.55
"Colletes.compactus","M_062","Colletes","Colletidae",3.143,"Grande",3.55
"Colletes.similis","M_062","Colletes","Colletidae",2.37,"Pequena",3.55
"Megachile.mendica","M_062","Megachile","Megachilidae",3.3,"Grande",3.55
"Melissodes.agilis","M_062","Melissodes","Apidae",3.24,"Grande",3.55
"Melissodes.coreopsis","M_062","Melissodes","Apidae",2.6,"Grande",3.55
"Osmia.atriventris","M_062","Osmia","Megachilidae",2.08,"Pequena",3.55
"Osmia.collinsiae","M_062","Osmia","Megachilidae",2.7,"Grande",3.55
"Peponapis.pruinosa","M_062","Peponapis","Apidae",3.16,"Grande",3.55
"Alloscirtetica.gayi","M_001","Alloscirtetica","Apidae",3.102,"Pequena",3.55
"Alloscirtetica.rufitarsis","M_001","Alloscirtetica","Apidae",3.36,"Grande",3.55
"Alloscirtetica.sp","M_001","Alloscirtetica","Apidae",2.9,"Pequena",3.55
"Anthidium.chilensis","M_001","Anthidium","Megachilidae",1.2,"Pequena",3.55
"Anthidium.decaspilum","M_001","Anthidium","Megachilidae",3.2,"Pequena",3.55
"Anthidium.funereum","M_001","Anthidium","Megachilidae",3.2,"Pequena",3.55
"Anthidium.sp","M_001","Anthidium","Megachilidae",3.34,"Grande",3.55
"Anthophora.incerta","M_001","Anthophora","Apidae",4.13,"Grande",3.55
"Anthophora.sp","M_001","Anthophora","Apidae",4.13,"Grande",3.55
"Bombus.dahlbomii","M_001","Bombus","Apidae",6.01,"Grande",3.55
"Bombus.dahlbomii","M_001","Bombus","Apidae",6.1,"Grande",3.55
"Cadeguala.occidentalis","M_001","Cadeguala","Colletidae",3.3,"Grande",3.55
"Caenohalictus.sp","M_001","Caenohalictus","Halictidae",1.3,"Pequena",3.55
"Caenohalictus.sp2","M_001","Caenohalictus","Halictidae",1.3,"Pequena",3.55
"Caenohalictus.sp3","M_001","Caenohalictus","Halictidae",1.3,"Pequena",3.55
"Centris.cineraria","M_001","Centris","Apidae",5.108,"Grande",3.55
"Centris.nigerrima","M_001","Centris","Apidae",4.836,"Grande",3.55
"Centris.sp","M_001","Centris","Apidae",5.4,"Grande",3.55
"Colletes.araucariae","M_001","Colletes","Colletidae",2.417,"Pequena",3.55
"Colletes.sp","M_001","Colletes","Colletidae",2.9,"Pequena",3.55
"Dialictus.sp","M_001","Dialictus","Halictidae",1.2,"Pequena",3.55
"Liphanthus.sabulosus","M_001","Liphanthus","Andrenidae",1.237,"Pequena",3.55
"Megachile.semirufa","M_001","Megachile","Megachilidae",4.19,"Grande",3.55
"Megachile.sp1","M_001","Megachile","Megachilidae",3.2,"Pequena",3.55
"Megachile.sp2","M_001","Megachile","Megachilidae",3.2,"Pequena",3.55
"Ruizantheda.mutabilis","M_001","Ruizantheda","Halictidae",1.68,"Pequena",3.55
"Alloscirtetica.rufitarsis","M_002","Alloscirtetica","Apidae",3.36,"Grande",3.55
"Alloscirtetica.sp","M_002","Alloscirtetica","Apidae",2.9,"Pequena",3.55
"Anthidium.funereum","M_002","Anthidium","Megachilidae",3.2,"Pequena",3.55
"Anthidium.sp","M_002","Anthidium","Megachilidae",3.34,"Grande",3.55
"Bombus.dahlbomii","M_002","Bombus","Apidae",6.01,"Grande",3.55
"Bombus.dahlbomii","M_002","Bombus","Apidae",6.1,"Grande",3.55
"Caenohalictus.sp","M_002","Caenohalictus","Halictidae",1.3,"Pequena",3.55
"Centris.cineraria","M_002","Centris","Apidae",5.108,"Grande",3.55
"Centris.nigerrima","M_002","Centris","Apidae",4.836,"Grande",3.55
"Colletes.sp","M_002","Colletes","Colletidae",2.9,"Pequena",3.55
"Megachile.semirufa","M_002","Megachile","Megachilidae",4.19,"Grande",3.55
"Megachile.sp1","M_002","Megachile","Megachilidae",3.2,"Pequena",3.55
"Megachile.sp2","M_002","Megachile","Megachilidae",3.2,"Pequena",3.55
"Megachile.sp4","M_002","Megachile","Megachilidae",3.2,"Pequena",3.55
"Megachile.sp5","M_002","Megachile","Megachilidae",3.2,"Pequena",3.55
"Amegilla.albigena","M_015","Amegilla","Apidae",3.02,"Grande",3.55
"Amegilla.quadrifasciata","M_015","Amegilla","Apidae",3.64,"Grande",3.55
"Andrena.alfkenella","M_015","Andrena","Andrenidae",1.33,"Pequena",3.55
"Andrena.bicolor","M_015","Andrena","Andrenidae",2.05,"Grande",3.55
"Andrena.combaella","M_015","Andrena","Andrenidae",2.34,"Grande",3.55
"Andrena.flavipes","M_015","Andrena","Andrenidae",1.71,"Pequena",3.55
"Andrena.hattorfiana","M_015","Andrena","Andrenidae",2.71,"Grande",3.55
"Andrena.nana","M_015","Andrena","Andrenidae",1.58,"Pequena",3.55
"Andrena.nigroaenea","M_015","Andrena","Andrenidae",2.97,"Grande",3.55
"Andrena.nigroaenea","M_015","Andrena","Andrenidae",2.84,"Grande",3.55
"Andrena.simontornyella","M_015","Andrena","Andrenidae",1.31,"Pequena",3.55
"Andrena.taraxaci","M_015","Andrena","Andrenidae",1.68,"Pequena",3.55
"Andrena.ventricosa","M_015","Andrena","Andrenidae",1.63,"Pequena",3.55
"Anthidiellum.strigatum.luteum","M_015","Anthidiellum","Megachilidae",2.44,"Grande",3.55
"Anthidium.manicatum","M_015","Anthidium","Megachilidae",3.44,"Grande",3.55
"Anthophora.atroalba","M_015","Anthophora","Apidae",3.67,"Grande",3.55
"Apis.mellifera","M_015","Apis","Apidae",2.9,"Grande",3.55
"Bombus.terrestris","M_015","Bombus","Apidae",4.78,"Grande",3.55
"Bombus.terrestris","M_015","Bombus","Apidae",4.7,"Grande",3.55
"Ceratina.cucurbitina","M_015","Ceratina","Apidae",1.36,"Pequena",3.55
"Ceratina.cyanea","M_015","Ceratina","Apidae",1.24,"Pequena",3.55
"Ceratina.nigrolabiata","M_015","Ceratina","Apidae",1.34,"Pequena",3.55
"Chelostoma.appendiculatum","M_015","Chelostoma","Megachilidae",0.95,"Pequena",3.55
"Eucera.clypeata","M_015","Eucera","Apidae",2.75,"Grande",3.55
"Eucera.nigrescens.contraria","M_015","Eucera","Apidae",3.34,"Grande",3.55
"Eucera.nigrilabris.rufitarsis","M_015","Eucera","Apidae",3.65,"Grande",3.55
"Eucera.seminuda","M_015","Eucera","Apidae",2.65,"Grande",3.55
"Habropoda.tarsata","M_015","Habropoda","Apidae",3,"Grande",3.55
"Halictus.scabiosae","M_015","Halictus","Halictidae",2.4,"Grande",3.55
"Halictus.scabiosae","M_015","Halictus","Halictidae",2.5,"Grande",3.55
"Halictus.smaragdulus","M_015","Halictus","Halictidae",1.11,"Pequena",3.55
"Halictus.subauratus","M_015","Halictus","Halictidae",1.68,"Pequena",3.55
"Heriades.crenulatus","M_015","Heriades","Megachilidae",1.53,"Pequena",3.55
"Heriades.trucorum","M_015","Heriades","Megachilidae",1.64,"Pequena",3.55
"Hylaeus.imparilis","M_015","Hylaeus","Colletidae",0.99,"Pequena",3.55
"Hylaeus.punctatus","M_015","Hylaeus","Colletidae",1.19,"Pequena",3.55
"Hylaeus.signatus","M_015","Hylaeus","Colletidae",1.81,"Pequena",3.55
"Hylaeus.variegatus","M_015","Hylaeus","Colletidae",2.12,"Grande",3.55
"Lasioglossum.aeratum","M_015","Lasioglossum","Halictidae",0.92,"Pequena",3.55
"Lasioglossum.brevicome","M_015","Lasioglossum","Halictidae",1.38,"Pequena",3.55
"Lasioglossum.laticeps.hellenicum","M_015","Lasioglossum","Halictidae",1.47,"Pequena",3.55
"Lasioglossum.limbellum","M_015","Lasioglossum","Halictidae",1.32,"Pequena",3.55
"Lasioglossum.lineare","M_015","Lasioglossum","Halictidae",1.35,"Pequena",3.55
"Lasioglossum.lucidulum","M_015","Lasioglossum","Halictidae",1.28,"Pequena",3.55
"Lasioglossum.malachurum","M_015","Lasioglossum","Halictidae",1.65,"Pequena",3.55
"Lasioglossum.marginatum","M_015","Lasioglossum","Halictidae",1.65,"Pequena",3.55
"Lasioglossum.mediterraneum","M_015","Lasioglossum","Halictidae",3.34,"Grande",3.55
"Lasioglossum.mesosclerum","M_015","Lasioglossum","Halictidae",1.25,"Pequena",3.55
"Lasioglossum.nigripes","M_015","Lasioglossum","Halictidae",1.95,"Grande",3.55
"Lasioglossum.nitidulum.fudakowskii","M_015","Lasioglossum","Halictidae",1.24,"Pequena",3.55
"Lasioglossum.pauxillum","M_015","Lasioglossum","Halictidae",1.115,"Pequena",3.55
"Lasioglossum.politum","M_015","Lasioglossum","Halictidae",0.85,"Pequena",3.55
"Lasioglossum.pygmaeum.patulum","M_015","Lasioglossum","Halictidae",1.14,"Pequena",3.55
"Lasioglossum.quadrinotatum","M_015","Lasioglossum","Halictidae",1.72,"Pequena",3.55
"Lasioglossum.villosulum","M_015","Lasioglossum","Halictidae",1.32,"Pequena",3.55
"Lasioglossum.zonulum","M_015","Lasioglossum","Halictidae",1.97,"Grande",3.55
"Megachile.pilidens","M_015","Megachile","Megachilidae",2.67,"Grande",3.55
"Osmia.aurulenta","M_015","Osmia","Megachilidae",2.78,"Grande",3.55
"Osmia.caerulescens","M_015","Osmia","Megachilidae",2.34,"Grande",3.55
"Osmia.melanogaster","M_015","Osmia","Megachilidae",2.84,"Grande",3.55
"Pseudapis.diversipes","M_015","Pseudapis","Halictidae",1.78,"Pequena",3.55
"Rhodanthidium.septemdentatum","M_015","Rhodanthidium","Megachilidae",3.28,"Grande",3.55
"Rophites.quinquespinosus","M_015","Rophites","Halictidae",2.13,"Grande",3.55
"Systropha.planidens","M_015","Systropha","Halictidae",2.17,"Grande",3.55
"Xylocopa.iris","M_015","Xylocopa","Apidae",4.33,"Grande",3.55
"Xylocopa.violacea","M_015","Xylocopa","Apidae",7.8,"Grande",3.55
"Amegilla.fasciata","M_016","Amegilla","Apidae",3.29,"Grande",3.55
"Amegilla.quadrifasciata","M_016","Amegilla","Apidae",3.64,"Grande",3.55
"Andrena.bicolor","M_016","Andrena","Andrenidae",2.05,"Pequena",3.55
"Andrena.bimaculata","M_016","Andrena","Andrenidae",2.72,"Grande",3.55
"Andrena.hispania","M_016","Andrena","Andrenidae",2.95,"Grande",3.55
"Andrena.nigroaenea","M_016","Andrena","Andrenidae",2.97,"Grande",3.55
"Andrena.nigroaenea","M_016","Andrena","Andrenidae",2.84,"Grande",3.55
"Anthophora.dispar","M_016","Anthophora","Apidae",3.67,"Grande",3.55
"Apis.mellifera","M_016","Apis","Apidae",2.9,"Grande",3.55
"Bombus.lucorum","M_016","Bombus","Apidae",4.78,"Grande",3.55
"Bombus.lucorum","M_016","Bombus","Apidae",3.75,"Grande",3.55
"Ceratina.cucurbitina","M_016","Ceratina","Apidae",1.36,"Pequena",3.55
"Ceratina.cyanea","M_016","Ceratina","Apidae",1.24,"Pequena",3.55
"Colletes.acutus","M_016","Colletes","Colletidae",2.57,"Pequena",3.55
"Colletes.fodiens","M_016","Colletes","Colletidae",2.6,"Pequena",3.55
"Colletes.succintus","M_016","Colletes","Colletidae",3,"Grande",3.55
"Dasypoda.cingulata","M_016","","Melittidae",2.17,"Pequena",3.55
"Halictus.fulvipes","M_016","Halictus","Halictidae",2.13,"Pequena",3.55
"Halictus.quadricinctus","M_016","Halictus","Halictidae",2.84,"Grande",3.55
"Halictus.scabiosae","M_016","Halictus","Halictidae",2.4,"Pequena",3.55
"Halictus.scabiosae","M_016","Halictus","Halictidae",2.5,"Pequena",3.55
"Halictus.smaragdulus","M_016","Halictus","Halictidae",1.11,"Pequena",3.55
"Lasioglossum.albocinctum","M_016","Lasioglossum","Halictidae",2.28,"Pequena",3.55
"Lasioglossum.pallens","M_016","Lasioglossum","Halictidae",1.59,"Pequena",3.55
"Lasioglossum.punctatissimum","M_016","Lasioglossum","Halictidae",1.21,"Pequena",3.55
"Lasioglossum.villosulum","M_016","Lasioglossum","Halictidae",1.32,"Pequena",3.55
"Megachile.pilidens","M_016","Megachile","Megachilidae",2.67,"Pequena",3.55
"Xylocopa.cantabrita","M_016","Xylocopa","Apidae",5.71,"Grande",3.55
"Xylocopa.violacea","M_016","Xylocopa","Apidae",7.8,"Grande",3.55
"Amegilla.quadrifasciata","M_050","Amegilla","Apidae",3.64,"Grande",3.55
"Apis.mellifera","M_050","Apis","Apidae",2.9,"Pequena",3.55
"Amegilla.quadrifasciata","M_039","Amegilla","Apidae",3.64,"Grande",3.55
"Apis.mellifera","M_039","Apis","Apidae",2.9,"Pequena",3.55
"Andrena.alleghaniensis","M_033","Andrena","Andrenidae",1.44,"Pequena",3.55
"Andrena.carlini","M_033","Andrena","Andrenidae",2.9,"Grande",3.55
"Andrena.carolina","M_033","Andrena","Andrenidae",2.09,"Pequena",3.55
"Andrena.mandibularis","M_033","Andrena","Andrenidae",1.87,"Pequena",3.55
"Andrena.vicina","M_033","Andrena","Andrenidae",2.54,"Pequena",3.55
"Apis.mellifera","M_033","Apis","Apidae",2.9,"Grande",3.55
"Pyrobombus.impatiens","M_033","Pyrobombus","Apidae",4.42,"Grande",3.55
"Pyrobombus.ternarius","M_033","Pyrobombus","Apidae",3.17,"Grande",3.55
"Andrena.arabis","M_025","Andrena","Andrenidae",2.1,"Pequena",3.55
"Andrena.carlini","M_025","Andrena","Andrenidae",2.9,"Grande",3.55
"Andrena.dunningi","M_025","Andrena","Andrenidae",2.64,"Grande",3.55
"Andrena.erigeniae","M_025","Andrena","Andrenidae",2.1,"Pequena",3.55
"Andrena.nasonii","M_025","Andrena","Andrenidae",1.59,"Pequena",3.55
"Andrena.personata","M_025","Andrena","Andrenidae",1.2,"Pequena",3.55
"Andrena.violae","M_025","Andrena","Andrenidae",2.3,"Pequena",3.55
"Apis.mellifera","M_025","Apis","Apidae",2.9,"Grande",3.55
"Augochlora.pura","M_025","Augochlora","Halictidae",1.64,"Pequena",3.55
"Bombus.bimaculatus","M_025","Bombus","Apidae",4.07,"Grande",3.55
"Bombus.pennsylvanicus","M_025","Bombus","Apidae",6,"Grande",3.55
"Ceratina.calcarata","M_025","Ceratina","Apidae",1.41,"Pequena",3.55
"Lassioglossum.fuscipenne","M_025","Lassioglossum","Halictidae",2.1,"Pequena",3.55
"Osmia.atriventris","M_025","Osmia","Megachilidae",2.08,"Pequena",3.55
"Osmia.lignaria","M_025","Osmia","Megachilidae",2.9,"Grande",3.55
"Osmia.simillima","M_025","Osmia","Megachilidae",2.53,"Grande",3.55
"Xylocopa.virginica.virginica","M_025","Xylocopa","Apidae",5.64,"Grande",3.55
"Andrena.barbilabris","M_047","Andrena","Andrenidae",2.1,"Pequena",3.55
"Andrena.clarkella","M_047","Andrena","Andrenidae",3.1,"Grande",3.55
"Andrena.fulva","M_047","Andrena","Andrenidae",2.86,"Pequena",3.55
"Andrena.fuscipes","M_047","Andrena","Andrenidae",2,"Pequena",3.55
"Andrena.haemorrhoa","M_047","Andrena","Andrenidae",2.54,"Pequena",3.55
"Andrena.lapponica","M_047","Andrena","Andrenidae",2.66,"Pequena",3.55
"Andrena.nigroaenea","M_047","Andrena","Andrenidae",2.97,"Pequena",3.55
"Andrena.nigroaenea","M_047","Andrena","Andrenidae",2.84,"Pequena",3.55
"Andrena.wilkella","M_047","Andrena","Andrenidae",2.34,"Pequena",3.55
"Apis.mellifera","M_047","Apis","Apidae",2.9,"Pequena",3.55
"Bombus.bohemicus","M_047","Bombus","Apidae",4.1,"Grande",3.55
"Bombus.jonellus","M_047","Bombus","Apidae",3.99,"Grande",3.55
"Bombus.lapidarius","M_047","Bombus","Apidae",3.98,"Grande",3.55
"Bombus.lucorum","M_047","Bombus","Apidae",4.78,"Grande",3.55
"Bombus.lucorum","M_047","Bombus","Apidae",3.75,"Grande",3.55
"Bombus.muscorum","M_047","Bombus","Apidae",3.84,"Grande",3.55
"Bombus.pascuorum","M_047","Bombus","Apidae",3.72,"Grande",3.55
"Bombus.pratorum","M_047","Bombus","Apidae",4.21,"Grande",3.55
"Bombus.rupestris","M_047","Bombus","Apidae",5.81,"Grande",3.55
"Bombus.terrestris","M_047","Bombus","Apidae",4.78,"Grande",3.55
"Bombus.terrestris","M_047","Bombus","Apidae",4.7,"Grande",3.55
"Colletes.cunicularius","M_047","Colletes","Colletidae",3.62,"Grande",3.55
"Colletes.succinctus","M_047","Colletes","Colletidae",3,"Grande",3.55
"Halictus.confusus","M_047","Halictus","Halictidae",1.41,"Pequena",3.55
"Hylaeus.annularis","M_047","Hylaeus","Colletidae",4,"Grande",3.55
"Hylaeus.brevicornis","M_047","Hylaeus","Colletidae",1,"Pequena",3.55
"Lasioglossum.fratellum","M_047","Lasioglossum","Halictidae",1.16,"Pequena",3.55
"Lasioglossum.leucopus","M_047","Lasioglossum","Halictidae",1.2,"Pequena",3.55
"Lasioglossum.leucozonium","M_047","Lasioglossum","Halictidae",1.86,"Pequena",3.55
"Lasioglossum.punctatissimum","M_047","Lasioglossum","Halictidae",1.21,"Pequena",3.55
"Lasioglossum.villosulum","M_047","Lasioglossum","Halictidae",1.32,"Pequena",3.55
"Megachile.versicolor","M_047","Megachile","Megachilidae",3.25,"Grande",3.55
"Andrena.carlini","M_032","Andrena","Andrenidae",2.9,"Grande",3.55
"Andrena.cressoni","M_032","Andrena","Andrenidae",2.06,"Pequena",3.55
"Andrena.forbesii","M_032","Andrena","Andrenidae",2.2,"Grande",3.55
"Andrena.miserabilis","M_032","Andrena","Andrenidae",1.7,"Pequena",3.55
"Andrena.personata","M_032","Andrena","Andrenidae",1.2,"Pequena",3.55
"Andrena.rugosa","M_032","Andrena","Andrenidae",2.07,"Grande",3.55
"Apis.mellifera","M_032","Apis","Apidae",2.9,"Grande",3.55
"Augochlora.pura","M_032","Augochlora","Halictidae",1.64,"Pequena",3.55
"Bombus.griseocollis","M_032","Bombus","Apidae",4.87,"Grande",3.55
"Halictus.confusus","M_032","Halictus","Halictidae",1.41,"Pequena",3.55
"Andrena.chrysosceles","M_007","Andrena","Andrenidae",1.84,"Pequena",3.55
"Anthophora.plumipes","M_007","Anthophora","Apidae",4.17,"Grande",3.55
"Apis.mellifera","M_007","Apis","Apidae",2.9,"Pequena",3.55
"Bombus.hortorum","M_007","Bombus","Apidae",4.56,"Grande",3.55
"Bombus.hortorum","M_007","Bombus","Apidae",4.74,"Grande",3.55
"Bombus.lapidarius","M_007","Bombus","Apidae",3.98,"Pequena",3.55
"Bombus.pascuorum","M_007","Bombus","Apidae",3.72,"Pequena",3.55
"Bombus.pratorum","M_007","Bombus","Apidae",4.21,"Grande",3.55
"Bombus.terrestris.lucorum","M_007","Bombus","Apidae",4.78,"Grande",3.55
"Lasioglossum.calceatum","M_007","Lasioglossum","Halictidae",1.78,"Pequena",3.55
"Lasioglossum.villosulum","M_007","Lasioglossum","Halictidae",1.32,"Pequena",3.55
"Andrena.haemorrhoa","M_006","Andrena","Andrenidae",2.54,"Pequena",3.55
"Andrena.wilkella","M_006","Andrena","Andrenidae",2.34,"Pequena",3.55
"Bombus.hortorum","M_006","Bombus","Apidae",4.56,"Grande",3.55
"Bombus.hortorum","M_006","Bombus","Apidae",4.74,"Grande",3.55
"Bombus.lapidarius","M_006","Bombus","Apidae",3.98,"Grande",3.55
"Bombus.pascuorum","M_006","Bombus","Apidae",3.72,"Grande",3.55
"Bombus.pratorum","M_006","Bombus","Apidae",4.21,"Grande",3.55
"Bombus.terrestris.lucorum","M_006","Bombus","Apidae",4.78,"Grande",3.55
"Lasioglossum.calceatum","M_006","Lasioglossum","Halictidae",1.78,"Pequena",3.55
"Lasioglossum.leucozonium","M_006","Lasioglossum","Halictidae",1.86,"Pequena",3.55
"Lasioglossum.villosulum","M_006","Lasioglossum","Halictidae",1.32,"Pequena",3.55
"Megachile.willughbiella","M_006","Megachile","Megachilidae",3.26,"Pequena",3.55
"Andrena.haemorrhoa.japonibia","M_021","Andrena","Andrenidae",2.54,"Grande",3.55
"Andrena.longitibialis","M_021","Andrena","Andrenidae",1.59,"Pequena",3.55
"Andrena.minutula","M_021","Andrena","Andrenidae",1.59,"Pequena",3.55
"Andrena.minutula","M_021","Andrena","Andrenidae",1.5,"Pequena",3.55
"Apis.cerana","M_021","Apis","Apidae",2.38,"Pequena",3.55
"Apis.mellifera","M_021","Apis","Apidae",2.9,"Grande",3.55
"Bombus.ardens","M_021","Bombus","Apidae",4.98,"Grande",3.55
"Bombus.diversus.diversus","M_021","Bombus","Apidae",5.49,"Grande",3.55
"Bombus.diversus.diversus","M_021","Bombus","Apidae",4.79,"Grande",3.55
"Bombus.honshuensis","M_021","Bombus","Apidae",6.1,"Grande",3.55
"Bombus.hypocrita.hypocrita","M_021","Bombus","Apidae",5.4,"Grande",3.55
"Bombus.ignitus","M_021","Bombus","Apidae",6.3,"Grande",3.55
"Ceratina.flavipes","M_021","Ceratina","Apidae",1.71,"Pequena",3.55
"Ceratina.japonica","M_021","Ceratina","Apidae",1.22,"Pequena",3.55
"Lasioglossum.occidens","M_021","Lasioglossum","Halictidae",2.26,"Pequena",3.55
"Lasioglossum.proximatum","M_021","Lasioglossum","Halictidae",2.43,"Pequena",3.55
"Andrena.imitatrix","M_073","Andrena","Andrenidae",4.49,"Grande",3.55
"Andrena.spiraeana","M_073","Andrena","Andrenidae",1.94,"Grande",3.55
"Andrena.vicina","M_073","Andrena","Andrenidae",2.54,"Grande",3.55
"Anthophora.abrupta","M_073","Anthophora","Andrenidae",3.9,"Grande",3.55
"Apis.mellifera","M_073","Apis","Apidae",2.9,"Grande",3.55
"Augochlora.pura","M_073","Augochlora","Halictidae",1.64,"Grande",3.55
"Augochlorella.aurata","M_073","","Halictidae",1.405,"Pequena",3.55
"Bombus.bimaculatus","M_073","Bombus","Apidae",4.07,"Grande",3.55
"Bombus.griseocollis","M_073","Bombus","Apidae",4.87,"Grande",3.55
"Bombus.impatiens","M_073","Bombus","Apidae",4.42,"Grande",3.55
"Bombus.impatiens","M_073","Bombus","Apidae",3.38,"Grande",3.55
"Ceratina.calcarata","M_073","Ceratina","Apidae",1.41,"Pequena",3.55
"Halictus.confusus","M_073","Halictus","Halictidae",1.41,"Pequena",3.55
"Lasioglossum.cressonii","M_073","Lasioglossum","Halictidae",1.29,"Pequena",3.55
"Lasioglossum.ephialtum","M_073","Lasioglossum","Halictidae",1.2,"Pequena",3.55
"Lasioglossum.fuscipenne","M_073","Lasioglossum","Halictidae",2.1,"Grande",3.55
"Lasioglossum.hitchensi","M_073","Lasioglossum","Halictidae",1.16,"Pequena",3.55
"Lasioglossum.imitatum","M_073","Lasioglossum","Halictidae",0.98,"Pequena",3.55
"Lasioglossum.macoupinens","M_073","Lasioglossum","Halictidae",1.19,"Pequena",3.55
"Lasioglossum.oblongum","M_073","Lasioglossum","Halictidae",1.23,"Pequena",3.55
"Lasioglossum.obscurum","M_073","Lasioglossum","Halictidae",1.17,"Pequena",3.55
"Lasioglossum.subviridatum","M_073","Lasioglossum","Halictidae",1.2,"Pequena",3.55
"Lasioglossum.tegulare","M_073","Lasioglossum","Halictidae",0.94,"Pequena",3.55
"Megachile.mendica","M_073","Megachile","Megachilidae",3.3,"Grande",3.55
"Andrena.japonica","M_054","Andrena","Andrenidae",1.22,"Pequena",3.55
"Anthidium.septemspinosum","M_054","Anthidium","Megachilidae",3,"Grande",3.55
"Apis.cerana.japonica","M_054","Apis","Apidae",2.38,"Pequena",3.55
"Apis.mellifera","M_054","Apis","Apidae",2.9,"Grande",3.55
"Bombus.ardens","M_054","Bombus","Apidae",4.98,"Grande",3.55
"Bombus.diversus.diversus","M_054","Bombus","Apidae",5.49,"Grande",3.55
"Bombus.diversus.diversus","M_054","Bombus","Apidae",4.79,"Grande",3.55
"Bombus.hypocrita.hypocrita","M_054","Bombus","Apidae",5.4,"Grande",3.55
"Bombus.ignitus","M_054","Bombus","Apidae",6.3,"Grande",3.55
"Ceratina.flavipes","M_054","Ceratina","Apidae",1.71,"Pequena",3.55
"Ceratina.japonica","M_054","Ceratina","Apidae",1.22,"Pequena",3.55
"Lasioglossum.occidens","M_054","Lasioglossum","Halictidae",2.26,"Pequena",3.55
"Lasioglossum.proximatum","M_054","Lasioglossum","Halictidae",2.43,"Pequena",3.55
"Lasioglossum.scitulum","M_054","Lasioglossum","Halictidae",2.31,"Pequena",3.55
"Andrena.japonicum","M_055","Andrena","Andrenidae",1.22,"Pequena",3.55
"Apis.cerana","M_055","Apis","Apidae",2.38,"Pequena",3.55
"Apis.mellifera","M_055","Apis","Apidae",2.9,"Grande",3.55
"Bombus.diversus","M_055","Bombus","Apidae",5.4,"Grande",3.55
"Bombus.diversus","M_055","Bombus","Apidae",5.49,"Grande",3.55
"Bombus.hypocrita","M_055","Bombus","Apidae",5.4,"Grande",3.55
"Ceratina.flavipes","M_055","Ceratina","Apidae",1.71,"Pequena",3.55
"Ceratina.japonica","M_055","Ceratina","Apidae",1.22,"Pequena",3.55
"Lasioglossum.scitulum","M_055","Lasioglossum","Halictidae",2.31,"Pequena",3.55
"Andrena.lapponica","M_056","Andrena","Andrenidae",2.66,"Pequena",3.55
"Andrena.longitibialis","M_056","Andrena","Andrenidae",1.59,"Pequena",3.55
"Apis.mellifera","M_056","Apis","Apidae",2.9,"Grande",3.55
"Bombus.ardens","M_056","Bombus","Apidae",4.98,"Grande",3.55
"Bombus.diversus","M_056","Bombus","Apidae",5.4,"Grande",3.55
"Bombus.diversus","M_056","Bombus","Apidae",5.49,"Grande",3.55
"Bombus.honshuensis","M_056","Bombus","Apidae",6.1,"Grande",3.55
"Bombus.hypocrita","M_056","Bombus","Apidae",5.4,"Grande",3.55
"Lasioglossum.albipes","M_056","Lasioglossum","Halictidae",1.62,"Pequena",3.55
"Lasioglossum.proximatum","M_056","Lasioglossum","Halictidae",2.43,"Pequena",3.55
"Lasioglossum.sp.K1","M_056","Lasioglossum","Halictidae",1.47,"Pequena",3.55
"Lasioglossum.sp.K2","M_056","Lasioglossum","Halictidae",1.47,"Pequena",3.55
"Andrena.longitibialis","M_053","Andrena","Andrenidae",1.59,"Pequena",3.55
"Andrena.minutula","M_053","Andrena","Andrenidae",1.59,"Pequena",3.55
"Andrena.minutula","M_053","Andrena","Andrenidae",1.5,"Pequena",3.55
"Andrena.taraxaci","M_053","Andrena","Andrenidae",1.68,"Pequena",3.55
"Apis.cerana","M_053","Apis","Apidae",2.38,"Grande",3.55
"Apis.mellifera","M_053","Apis","Apidae",2.9,"Grande",3.55
"Bombus.ardens","M_053","Bombus","Apidae",4.98,"Grande",3.55
"Bombus.diversus","M_053","Bombus","Apidae",5.4,"Grande",3.55
"Bombus.diversus","M_053","Bombus","Apidae",5.49,"Grande",3.55
"Bombus.ignitus","M_053","Bombus","Apidae",6.3,"Grande",3.55
"Ceratina.flavipes","M_053","Ceratina","Apidae",1.71,"Pequena",3.55
"Ceratina.japonica","M_053","Ceratina","Apidae",1.22,"Pequena",3.55
"Lasioglossum.occidens","M_053","Lasioglossum","Halictidae",2.26,"Pequena",3.55
"Andrena.melanochroa","M_004","Andrena","Andrenidae",1.7,"Pequena",3.55
"Andrena.miranda","M_004","Andrena","Andrenidae",1.9,"Pequena",3.55
"Andrena.nivalis","M_004","Andrena","Andrenidae",2.69,"Grande",3.55
"Andrena.w.scripta","M_004","Andrena","Andrenidae",1.74,"Pequena",3.55
"Andrena.wilkella","M_004","Andrena","Andrenidae",2.34,"Grande",3.55
"Bombus.vagans","M_004","Bombus","Apidae",3.56,"Grande",3.55
"Halictus.confusus","M_004","Halictus","Halictidae",1.41,"Pequena",3.55
"Halictus.rubicundus","M_004","Halictus","Halictidae",2.21,"Grande",3.55
"Hoplitis.producta","M_004","Hoplitis","Megachilidae",1.56,"Pequena",3.55
"Hylaeus.basalis","M_004","Hylaeus","Colletidae",1.85,"Pequena",3.55
"Osmia.lignaria","M_004","Osmia","Megachilidae",2.9,"Grande",3.55
"Osmia.proxima","M_004","Osmia","Megachilidae",2.16,"Grande",3.55
"Osmia.pumila","M_004","Osmia","Megachilidae",1.9,"Pequena",3.55
"Andrena.minutula","M_057","Andrena","Andrenidae",1.59,"Pequena",3.55
"Andrena.minutula","M_057","Andrena","Andrenidae",1.5,"Pequena",3.55
"Andrena.subopaca","M_057","Andrena","Andrenidae",1.47,"Pequena",3.55
"Apis.cerana.japonica","M_057","Apis","Apidae",2.38,"Pequena",3.55
"Bombus.ardens","M_057","Bombus","Apidae",4.98,"Grande",3.55
"Bombus.diversus.diversus","M_057","Bombus","Apidae",5.49,"Grande",3.55
"Bombus.diversus.diversus","M_057","Bombus","Apidae",4.79,"Grande",3.55
"Bombus.honshuensis","M_057","Bombus","Apidae",6.1,"Grande",3.55
"Bombus.hypocrita.hypocrita","M_057","Bombus","Apidae",5.4,"Grande",3.55
"Bombus.ignitus","M_057","Bombus","Apidae",6.3,"Grande",3.55
"Ceratina.flavipes","M_057","Ceratina","Apidae",1.71,"Pequena",3.55
"Ceratina.japonica","M_057","Ceratina","Apidae",1.22,"Pequena",3.55
"Lasioglossum.occidens","M_057","Lasioglossum","Halictidae",2.26,"Pequena",3.55
"Anthidium.chubuti","M_022","Anthidium","Megachilidae",3.69,"Pequena",3.55
"Anthidium.manicatum","M_008","Anthidium","Megachilidae",3.44,"Grande",3.55
"Apis.mellifera","M_008","Apis","Apidae",2.9,"Pequena",3.55
"Anthidium.sp","M_003","Anthidium","Megachilidae",3.34,"Pequena",3.55
"Bombus.dahlbomii","M_003","Bombus","Apidae",6.01,"Grande",3.55
"Bombus.dahlbomii","M_003","Bombus","Apidae",6.1,"Grande",3.55
"Megachile.semirufa","M_003","Megachile","Megachilidae",4.19,"Pequena",3.55
"Megachile.sp5","M_003","Megachile","Megachilidae",3.2,"Pequena",3.55
"Apis.cerana","M_044","Apis","Apidae",2.38,"Pequena",3.55
"Apis.mellifera","M_044","Apis","Apidae",2.9,"Grande",3.55
"Ceratina.okinawana","M_044","Ceratina","Apidae",1.41,"Pequena",3.55
"Lasioglossum.subopacum","M_044","Lasioglossum","Halictidae",2.89,"Grande",3.55
"Apis.mellifera","M_035","Apis","Apidae",2.9,"Pequena",3.55
"Euglossa.cordata","M_035","Euglossa","Apidae",3.4,"Pequena",3.55
"Euglossa.cordata","M_035","Euglossa","Apidae",3.44,"Grande",3.55
"Apis.mellifera","M_072","Apis","Apidae",2.9,"Pequena",3.55
"Bombus.atratus","M_072","Bombus","Apidae",5.66,"Grande",3.55
"Apis.mellifera","M_060","Apis","Apidae",2.9,"Pequena",3.55
"Apis.mellifera","M_046","Apis","Apidae",2.9,"Pequena",3.55
"Bombus.lapidarius","M_046","Bombus","Apidae",3.98,"Pequena",3.55
"Bombus.pascuorum","M_046","Bombus","Apidae",3.72,"Pequena",3.55
"Bombus.terrestris","M_046","Bombus","Apidae",4.78,"Grande",3.55
"Bombus.terrestris","M_046","Bombus","Apidae",4.7,"Grande",3.55
"Apis.mellifera","M_031","Apis","Apidae",2.9,"Pequena",3.55
"Bombus.atratus","M_031","Bombus","Apidae",5.66,"Grande",3.55
"Apis.mellifera","M_076","Apis","Apidae",2.9,"Pequena",3.55
"Bombus.brevivillus","M_076","Bombus","Apidae",3.8,"Pequena",3.55
"Bombus.morio","M_076","Bombus","Apidae",6.04,"Grande",3.55
"Melipona.quadrifasciata","M_076","Melipona","Apidae",3.81,"Grande",3.55
"Trigona.spinipes","M_076","Trigona","Apidae",1.8,"Pequena",3.55
"Apis.mellifera","M_058","Apis","Apidae",2.9,"Grande",3.55
"Bombus.terrestris","M_058","Bombus","Apidae",4.78,"Grande",3.55
"Bombus.terrestris","M_058","Bombus","Apidae",4.7,"Grande",3.55
"Ceratina.cucurbitina","M_058","Ceratina","Apidae",1.36,"Pequena",3.55
"Hylaeus.nigritus","M_058","Hylaeus","Colletidae",1.607,"Pequena",3.55
"Hylaeus.variegatus","M_058","Hylaeus","Colletidae",2.12,"Pequena",3.55
"Apis.mellifera","M_11.2","Apis","Apidae",2.9,"Pequena",3.55
"Megachile.sp","M_11.2","Megachile","Megachilidae",3.2,"Grande",3.55
"Apis.mellifera","M_061","Apis","Apidae",2.9,"Pequena",3.55
"Apis.mellifera","M_041","Apis","Apidae",2.9,"Pequena",3.55
"Apis.mellifera","M_11.1","Apis","Apidae",2.9,"Pequena",3.55
"Bombus.ruderatus","M_11.1","Bombus","Apidae",5.58,"Grande",3.55
"Halictus.sp","M_11.1","Halictus","Halictidae",1.49,"Pequena",3.55
"Apis.mellifera","M_014","Apis","Apidae",2.9,"Pequena",3.55
"Apis.mellifera","M_040","Apis","Apidae",2.9,"Pequena",3.55
"Apis.mellifera","M_028","Apis","Apidae",2.9,"Pequena",3.55
"Bombus.hortotum","M_028","Bombus","Apidae",4.74,"Grande",3.55
"Bombus.ruderatus","M_028","Bombus","Apidae",5.58,"Grande",3.55
"Bombus.terrestris","M_028","Bombus","Apidae",4.78,"Grande",3.55
"Bombus.terrestris","M_028","Bombus","Apidae",4.7,"Pequena",3.55
"Lasioglossum.sordidum","M_028","Lasioglossum","Halictidae",1.29,"Pequena",3.55
"Apis.mellifera","M_059","Apis","Apidae",2.9,"Pequena",3.55
"Centris.aenea","M_059","Centris","Apidae",4.7,"Pequena",3.55
"Centris.caxiensis","M_059","Centris","Apidae",4.2,"Pequena",3.55
"Centris.flavifrons","M_059","Centris","Apidae",5.5,"Grande",3.55
"Centris.fuscata","M_059","Centris","Apidae",4.8,"Pequena",3.55
"Centris.obsoleta","M_059","Centris","Apidae",6.5,"Grande",3.55
"Centris.tarsata","M_059","Centris","Apidae",6.7,"Grande",3.55
"Centris.trigonoides","M_059","Centris","Apidae",3,"Pequena",3.55
"Xylocopa.grisescens","M_059","Xylocopa","Apidae",7.5,"Grande",3.55
"Apis.mellifera","M_012","Apis","Apidae",2.9,"Pequena",3.55
"Apis.mellifera","M_049","Apis","Apidae",2.9,"Pequena",3.55
"Bombus.hortorum","M_049","Bombus","Apidae",4.56,"Grande",3.55
"Bombus.hortorum","M_049","Bombus","Apidae",4.74,"Grande",3.55
"Bombus.hypnorum","M_049","Bombus","Apidae",3.95,"Pequena",3.55
"Bombus.lucorum","M_049","Bombus","Apidae",4.78,"Grande",3.55
"Bombus.lucorum","M_049","Bombus","Apidae",3.75,"Pequena",3.55
"Bombus.pratorum","M_049","Bombus","Apidae",4.21,"Pequena",3.55
"Apis.mellifera","M_034","Apis","Apidae",2.9,"Pequena",3.55
"Bombus.dahlbomii","M_034","Bombus","Apidae",6.01,"Grande",3.55
"Bombus.dahlbomii","M_034","Bombus","Apidae",6.1,"Grande",3.55
"Diphaglossa.gayi","M_034","Diphaglossa","Colletidae",2.11,"Pequena",3.55
"Apis.mellifera","M_030","Apis","Apidae",2.9,"Pequena",3.55
"Euglossa.cordata","M_030","Euglossa","Apidae",3.4,"Pequena",3.55
"Euglossa.cordata","M_030","Euglossa","Apidae",3.44,"Grande",3.55
"Apis.mellifera","M_013","Apis","Apidae",2.9,"Pequena",3.55
"Apis.mellifera","M_036","Apis","Apidae",2.9,"Pequena",3.55
"Apis.mellifera","M_017","Apis","Apidae",2.9,"Pequena",3.55
"Bombus.lapidarius","M_017","Bombus","Apidae",3.98,"Grande",3.55
"Bombus.muscorum","M_017","Bombus","Apidae",3.84,"Pequena",3.55
"Bombus.pascuorum","M_017","Bombus","Apidae",3.72,"Pequena",3.55
"Bombus.terrestris","M_017","Bombus","Apidae",4.78,"Grande",3.55
"Bombus.terrestris","M_017","Bombus","Apidae",4.7,"Grande",3.55
"Apis.mellifera","M_029","Apis","Apidae",2.9,"Pequena",3.55
"Bombus.terrestris","M_029","Bombus","Apidae",4.78,"Grande",3.55
"Bombus.terrestris","M_029","Bombus","Apidae",4.7,"Grande",3.55
"Lasioglossum.sordidum","M_029","Lasioglossum","Halictidae",1.29,"Pequena",3.55
"Apis.mellifera","M_019","Apis","Apidae",2.9,"Pequena",3.55
"Apis.mellifera","M_023","Apis","Apidae",2.9,"Pequena",3.55
"Bombus.alpinus","M_009","Bombus","Apidae",5.28,"Pequena",3.55
"Bombus.brasiliensis","M_074","Bombus","Apidae",4.4,"Pequena",3.55
"Bombus.dahlbomii","M_051","Bombus","Apidae",6.01,"Grande",3.55
"Bombus.dahlbomii","M_051","Bombus","Apidae",6.1,"Grande",3.55
"Bombus.ruderatus","M_051","Bombus","Apidae",5.58,"Grande",3.55
"Manuelia.gayi","M_051","Manuelia","Apidae",1.8,"Pequena",3.55
"Manuelia.postica","M_051","Manuelia","Apidae",1.7,"Pequena",3.55
"Ruizantheda.mutabilis","M_051","Ruizantheda","Halictidae",1.68,"Pequena",3.55
"Bombus.hortorum","M_043","Bombus","Apidae",4.56,"Pequena",3.55
"Bombus.hortorum","M_043","Bombus","Apidae",4.74,"Grande",3.55
"Bombus.lapidarius","M_043","Bombus","Apidae",3.98,"Pequena",3.55
"Bombus.lucorum","M_043","Bombus","Apidae",4.78,"Grande",3.55
"Bombus.lucorum","M_043","Bombus","Apidae",3.75,"Pequena",3.55
"Bombus.pascuorum","M_043","Bombus","Apidae",3.72,"Pequena",3.55
"Bombus.pratorum","M_043","Bombus","Apidae",4.21,"Pequena",3.55
"Bombus.ruderatus","M_043","Bombus","Apidae",5.58,"Grande",3.55
"Bombus.soroeensis","M_043","Bombus","Apidae",3.45,"Pequena",3.55
"Bombus.terrestris","M_043","Bombus","Apidae",4.78,"Grande",3.55
"Bombus.terrestris","M_043","Bombus","Apidae",4.7,"Grande",3.55
"Bombus.hortorum","M_038","Bombus","Apidae",4.56,"Pequena",3.55
"Bombus.hortorum","M_038","Bombus","Apidae",4.74,"Grande",3.55
"Bombus.pascuorum","M_038","Bombus","Apidae",3.72,"Pequena",3.55
"Bombus.hortorum","M_018","Bombus","Apidae",4.56,"Pequena",3.55
"Bombus.hortorum","M_018","Bombus","Apidae",4.74,"Grande",3.55
"Bombus.lapidarius","M_018","Bombus","Apidae",3.98,"Pequena",3.55
"Bombus.lucorum","M_018","Bombus","Apidae",4.78,"Grande",3.55
"Bombus.lucorum","M_018","Bombus","Apidae",3.75,"Pequena",3.55
"Bombus.pascuorum","M_018","Bombus","Apidae",3.72,"Pequena",3.55
"Bombus.pratorum","M_018","Bombus","Apidae",4.21,"Pequena",3.55
"Bombus.ruderatus","M_018","Bombus","Apidae",5.58,"Grande",3.55
"Bombus.soroeensis","M_018","Bombus","Apidae",3.45,"Pequena",3.55
"Bombus.terrestris","M_018","Bombus","Apidae",4.78,"Grande",3.55
"Bombus.terrestris","M_018","Bombus","Apidae",4.7,"Grande",3.55
"Bombus.lapidarius","M_037","Bombus","Apidae",3.98,"Pequena",3.55
"Bombus.lucorum","M_037","Bombus","Apidae",4.78,"Grande",3.55
"Bombus.lucorum","M_037","Bombus","Apidae",3.75,"Pequena",3.55
"Bombus.pascuorum","M_037","Bombus","Apidae",3.72,"Pequena",3.55
"Bombus.terrestris","M_037","Bombus","Apidae",4.78,"Grande",3.55
"Bombus.terrestris","M_037","Bombus","Apidae",4.7,"Grande",3.55
"Bombus.morio","M_077","Bombus","Apidae",6.04,"Grande",3.55
"Euglossa.chalybeata","M_077","Euglossa","Apidae",3.7,"Grande",3.55
"Euglossa.sp","M_077","Euglossa","Apidae",3.55,"Pequena",3.55
"Trigona.fulviventris","M_077","Trigona","Apidae",1.46,"Pequena",3.55
