sitio,fecha,tra.par,no.esp.p,codigo.p,no.ind,no.flores.ind.1,no.flores.ind.2,no.flores.ind.3,no.flores.ind.4,no.flores.ind.5,no.flores.ind.6,no.flores.ind.7,no.flores.ind.8,no.flores.ind.9,no.flores.ind.10,no.flores.ind.11,no.flores.ind.12,no.flores.ind.13,no.flores.ind.14,flores.herb,flores.tot,observador,comentarios
V1,2010-09-14,P1,p0057,ero.cic,.,.,.,.,.,.,.,.,.,.,.,.,.,.,.,300,300,Diego,.
V1,2010-09-14,P1,p0105,ver.pol,.,.,.,.,.,.,.,.,.,.,.,.,.,.,.,2,2,Diego,.
V1,2010-09-14,P2,.,Nada,.,.,.,.,.,.,.,.,.,.,.,.,.,.,.,.,.,Nydia,.
V1,2010-09-14,P5,p0011,lyc.chi,2,11,4,.,.,.,.,.,.,.,.,.,.,.,.,.,15,Diego,.
V1,2010-09-14,P5,p0027,bou.spi,1,14,.,.,.,.,.,.,.,.,.,.,.,.,.,.,14,Diego,.
V1,2010-09-14,P5,p0057,ero.cic,.,.,.,.,.,.,.,.,.,.,.,.,.,.,.,40,40,Diego,.
V1,2010-09-14,P6,p0057,ero.cic,.,.,.,.,.,.,.,.,.,.,.,.,.,.,.,5,5,Nydia,.
V1,2010-09-14,T1,p0057,ero.cic,.,.,.,.,.,.,.,.,.,.,.,.,.,.,.,2,2,Diego,.
V1,2010-09-14,T2,p0011,lyc.chi,4,1,8,7,3,.,.,.,.,.,.,.,.,.,.,.,19,Nydia,.
V1,2010-09-14,T2,p0057,ero.cic,.,.,.,.,.,.,.,.,.,.,.,.,.,.,.,12,12,Nydia,.
V4,2010-09-14,P1,p0007,lyc.ten,2,12,9,.,.,.,.,.,.,.,.,.,.,.,.,.,21,Nydia,.
V4,2010-09-14,P1,p0011,lyc.chi,3,2,2,1,.,.,.,.,.,.,.,.,.,.,.,.,5,Nydia,.
V4,2010-09-14,P2,.,Nada,.,.,.,.,.,.,.,.,.,.,.,.,.,.,.,.,.,Diego,.
V4,2010-09-14,P5,p0057,ero.cic,.,.,.,.,.,.,.,.,.,.,.,.,.,.,.,55,55,Nydia,.
V4,2010-09-14,P6,.,Nada,.,.,.,.,.,.,.,.,.,.,.,.,.,.,.,.,.,Diego,.
V4,2010-09-14,T1,p0057,ero.cic,.,.,.,.,.,.,.,.,.,.,.,.,.,.,.,76,76,Diego,.
V4,2010-09-14,T2,p0057,ero.cic,.,.,.,.,.,.,.,.,.,.,.,.,.,.,.,36,36,Nydia,.
V1,2010-09-22,P1,p0057,ero.cic,.,.,.,.,.,.,.,.,.,.,.,.,.,.,.,680,680,Nydia,.
V1,2010-09-22,P2,p0007,lyc.ten,1,12,.,.,.,.,.,.,.,.,.,.,.,.,.,.,12,Nydia,.
V1,2010-09-22,P2,p0011,lyc.chi,1,2,.,.,.,.,.,.,.,.,.,.,.,.,.,.,2,Nydia,.
V1,2010-09-22,P2,p0019,aca.ser,2,103,39,.,.,.,.,.,.,.,.,.,.,.,.,.,142,Nydia,.
V1,2010-09-22,P2,p0021,sch.fas,1,90,.,.,.,.,.,.,.,.,.,.,.,.,.,.,90,Nydia,.
V1,2010-09-22,P2,p0057,ero.cic,.,.,.,.,.,.,.,.,.,.,.,.,.,.,.,1,1,Nydia,.
V1,2010-09-22,P5,p0007,lyc.ten,2,2,3,.,.,.,.,.,.,.,.,.,.,.,.,.,5,Silvia y Nachu,.
V1,2010-09-22,P5,p0011,lyc.chi,3,3,16,50,.,.,.,.,.,.,.,.,.,.,.,.,69,Silvia y Nachu,.
V1,2010-09-22,P5,p0011,lyc.chi,5,57,4,.,.,.,.,.,.,.,.,.,.,.,.,.,152.5,Silvia y Nachu,.
V1,2010-09-22,P5,p0027,bou.spi,1,73,.,.,.,.,.,.,.,.,.,.,.,.,.,.,73,Silvia y Nachu,.
V1,2010-09-22,P5,p0057,ero.cic,.,.,.,.,.,.,.,.,.,.,.,.,.,.,.,237,237,Silvia y Nachu,.
V1,2010-09-22,P5,p0059,des.sp1,.,.,.,.,.,.,.,.,.,.,.,.,.,.,.,148,148,Silvia y Nachu,.
V1,2010-09-22,P6,p0011,lyc.chi,2,16,4,.,.,.,.,.,.,.,.,.,.,.,.,.,20,Silvia y Nachu,.
V1,2010-09-22,P6,p0019,aca.ser,10,310,13,6,23,30,1,20,8,40,6,.,.,.,.,.,457,Silvia y Nachu,.
V1,2010-09-22,P6,p0057,ero.cic,.,.,.,.,.,.,.,.,.,.,.,.,.,.,.,44,44,Silvia y Nachu,.
V1,2010-09-22,T1,p0019,aca.ser,10,3,26,2,7,1,10,12,5,32,15,.,.,.,.,.,113,Nydia,.
V1,2010-09-22,T1,p0057,ero.cic,.,.,.,.,.,.,.,.,.,.,.,.,.,.,.,24,24,Nydia,.
V1,2010-09-22,T2,p0007,lyc.ten,1,7,.,.,.,.,.,.,.,.,.,.,.,.,.,.,7,Nydia,.
V1,2010-09-22,T2,p0011,lyc.chi,2,5,22,.,.,.,.,.,.,.,.,.,.,.,.,.,27,Nydia,.
V1,2010-09-22,T2,p0019,aca.ser,2,35,38,.,.,.,.,.,.,.,.,.,.,.,.,.,73,Nydia,.
V1,2010-09-22,T2,p0057,ero.cic,.,.,.,.,.,.,.,.,.,.,.,.,.,.,.,89,89,Nydia,.
V4,2010-09-22,P1,p0011,lyc.chi,8,14,9,1,6,1,2,5,2,.,.,.,.,.,.,.,40,Nydia,.
V4,2010-09-22,P1,p0019,aca.ser,1,1,.,.,.,.,.,.,.,.,.,.,.,.,.,.,1,Silvia y Nachu,.
V4,2010-09-22,P1,p0057,ero.cic,.,.,.,.,.,.,.,.,.,.,.,.,.,.,.,9,9,Silvia y Nachu,.
V4,2010-09-22,P1,p0060,lyc.gil,2,7,10,.,.,.,.,.,.,.,.,.,.,.,.,.,17,Silvia y Nachu,.
V4,2010-09-22,P2,p0011,lyc.chi,1,18,.,.,.,.,.,.,.,.,.,.,.,.,.,.,18,Silvia y Nachu,.
V4,2010-09-22,P2,p0057,ero.cic,.,.,.,.,.,.,.,.,.,.,.,.,.,.,.,89,89,Silvia y Nachu,.
V4,2010-09-22,P5,p0011,lyc.chi,3,8,1,9,.,.,.,.,.,.,.,.,.,.,.,.,18,Nydia,.
V4,2010-09-22,P5,p0019,aca.ser,1,18,.,.,.,.,.,.,.,.,.,.,.,.,.,.,18,Nydia,.
V4,2010-09-22,P5,p0057,ero.cic,.,.,.,.,.,.,.,.,.,.,.,.,.,.,.,80,80,Nydia,.
V4,2010-09-22,P6,p0011,lyc.chi,4,3,5,2,1,.,.,.,.,.,.,.,.,.,.,.,11,Silvia y Nachu,.
V4,2010-09-22,P6,p0019,aca.ser,3,11,2,18,.,.,.,.,.,.,.,.,.,.,.,.,31,Silvia y Nachu,.
V4,2010-09-22,P6,p0057,ero.cic,.,.,.,.,.,.,.,.,.,.,.,.,.,.,.,6,6,Silvia y Nachu,.
V4,2010-09-22,T1,p0011,lyc.chi,4,2,2,1,1,.,.,.,.,.,.,.,.,.,.,.,6,Silvia y Nachu,.
V4,2010-09-22,T1,p0057,ero.cic,.,.,.,.,.,.,.,.,.,.,.,.,.,.,.,809,809,Silvia y Nachu,.
V4,2010-09-22,T2,p0057,ero.cic,.,.,.,.,.,.,.,.,.,.,.,.,.,.,.,266,266,Silvia y Nachu,.
V1,2010-09-29,P1,p0035,lar.nit,3,11,36,12.6,.,.,.,.,.,.,.,.,.,.,.,.,59.6,Silvia ,.
V1,2010-09-29,P1,p0049,fum.cap,.,.,.,.,.,.,.,.,.,.,.,.,.,.,.,5,5,Silvia ,.
V1,2010-09-29,P1,p0057,ero.cic,.,.,.,.,.,.,.,.,.,.,.,.,.,.,.,418,418,Silvia ,"Atención: todo el día nublado, las flores de erocic y ver pol nunca abrieron totalmente. Se contaron los pimpollos maduros como flores"
V1,2010-09-29,P1,p0105,ver.pol,.,.,.,.,.,.,.,.,.,.,.,.,.,.,.,11,11,Silvia ,.
V1,2010-09-29,P2,p0019,aca.ser,8,22,143,80,16,5,7,12,174,.,.,.,.,.,.,.,459,Nydia,.
V1,2010-09-29,P2,p0021,sch.fas,1,677,.,.,.,.,.,.,.,.,.,.,.,.,.,.,677,Nydia,.
V1,2010-09-29,P2,p0057,ero.cic,.,.,.,.,.,.,.,.,.,.,.,.,.,.,.,15,15,Nydia,.
V1,2010-09-29,P2,p0059,des.sp1,.,.,.,.,.,.,.,.,.,.,.,.,.,.,.,1,1,Nydia,.
V1,2010-09-29,P5,p0011,lyc.chi,3,28,3,58,.,.,.,.,.,.,.,.,.,.,.,.,89,Silvia ,.
V1,2010-09-29,P5,p0027,bou.spi,1,400,.,.,.,.,.,.,.,.,.,.,.,.,.,.,400,Silvia ,.
V1,2010-09-29,P5,p0057,ero.cic,.,.,.,.,.,.,.,.,.,.,.,.,.,.,.,50,50,Silvia ,.
V1,2010-09-29,P5,p0059,des.sp1,.,.,.,.,.,.,.,.,.,.,.,.,.,.,.,101,101,Silvia ,.
V1,2010-09-29,P6,p0019,aca.ser,39,245,80,10,47,59.5,25,1200,13,115,38,.,.,.,.,.,7146.75,Nydia,.
V1,2010-09-29,P6,p0057,ero.cic,.,.,.,.,.,.,.,.,.,.,.,.,.,.,.,21,21,Nydia,.
V1,2010-09-29,T1,p0011,lyc.chi,1,2,.,.,.,.,.,.,.,.,.,.,.,.,.,.,2,Diego,.
V1,2010-09-29,T1,p0019,aca.ser,35,2,55,60,105,25,10,20,125,30,140,35,.,.,.,.,1931.36,Diego,.
V1,2010-09-29,T1,p0057,ero.cic,.,.,.,.,.,.,.,.,.,.,.,.,.,.,.,25,25,Diego,.
V1,2010-09-29,T2,p0011,lyc.chi,4,3,5,3,9,.,.,.,.,.,.,.,.,.,.,.,20,Diego,.
V1,2010-09-29,T2,p0019,aca.ser,14,50,20,10,20,50,70,3,5,400,35,.,.,.,.,.,928.2,Diego,.
V1,2010-09-29,T2,p0057,ero.cic,.,.,.,.,.,.,.,.,.,.,.,.,.,.,.,70,70,Diego,.
V1,2010-09-29,T2,p0102,lap.red,.,.,.,.,.,.,.,.,.,.,.,.,.,.,.,8,8,Diego,.
V4,2010-09-29,P1,p0011,lyc.chi,6,1,1,1,2,1,1,.,.,.,.,.,.,.,.,.,7,Nydia y silvia,.
V4,2010-09-29,P1,p0019,aca.ser,49,39,6,10,14,8,10,23.12,12,25,14,.,.,.,.,.,789.49,Nydia y silvia,.
V4,2010-09-29,P1,p0057,ero.cic,.,.,.,.,.,.,.,.,.,.,.,.,.,.,.,16,16,Nydia y silvia,.
V4,2010-09-29,P1,p0059,des.sp1,.,.,.,.,.,.,.,.,.,.,.,.,.,.,.,7,7,Diego,.
V4,2010-09-29,P2,p0011,lyc.chi,2,7,8,.,.,.,.,.,.,.,.,.,.,.,.,.,15,Nydia,.
V4,2010-09-29,P2,p0019,aca.ser,7,2,13,12,14,8,10,8,.,.,.,.,.,.,.,.,67,Nydia,.
V4,2010-09-29,P2,p0057,ero.cic,.,.,.,.,.,.,.,.,.,.,.,.,.,.,.,110,110,Nydia,.
V4,2010-09-29,P5,p0011,lyc.chi,2,4,3,.,.,.,.,.,.,.,.,.,.,.,.,.,7,Nydia,.
V4,2010-09-29,P5,p0019,aca.ser,28,14,2,59,37,80,21,2,13,60,40,.,.,.,.,.,918.4,Nydia,.
V4,2010-09-29,P5,p0057,ero.cic,.,.,.,.,.,.,.,.,.,.,.,.,.,.,.,47,47,Nydia,.
V4,2010-09-29,P6,p0011,lyc.chi,1,3,.,.,.,.,.,.,.,.,.,.,.,.,.,.,3,Nydia,.
V4,2010-09-29,P6,p0019,aca.ser,20,2,9,149,24,3,1,28,30,24,80,.,.,.,.,.,700,Nydia,.
V4,2010-09-29,P6,p0057,ero.cic,.,.,.,.,.,.,.,.,.,.,.,.,.,.,.,1,1,Nydia,.
V4,2010-09-29,T1,p0130,cri.sp1,.,.,.,.,.,.,.,.,.,.,.,.,.,.,.,3,3,Nydia,.
V4,2010-09-29,T1,p0011,lyc.chi,1,5,.,.,.,.,.,.,.,.,.,.,.,.,.,.,5,Nydia,.
V4,2010-09-29,T1,p0019,aca.ser,9,2,2,2,5,4,3,2,1,1,.,.,.,.,.,.,22,Nydia,.
V4,2010-09-29,T1,p0057,ero.cic,.,.,.,.,.,.,.,.,.,.,.,.,.,.,.,342,342,Nydia,.
V4,2010-09-29,T1,p0059,des.sp1,.,.,.,.,.,.,.,.,.,.,.,.,.,.,.,11,11,Nydia,.
V4,2010-09-29,T1,p0102,lap.red,.,.,.,.,.,.,.,.,.,.,.,.,.,.,.,40,40,Nydia,.
V4,2010-09-29,T2,p0011,lyc.chi,1,4,.,.,.,.,.,.,.,.,.,.,.,.,.,.,4,Nydia,.
V4,2010-09-29,T2,p0019,aca.ser,8,1,2,1,4,2,2,1,1,.,.,.,.,.,.,.,14,Nydia,.
V4,2010-09-29,T2,p0057,ero.cic,.,.,.,.,.,.,.,.,.,.,.,.,.,.,.,298,298,Nydia,.
V1,2010-10-06,P1,p0035,lar.nit,2,107,17.5,.,.,.,.,.,.,.,.,.,.,.,.,.,124.5,Silvia ,0.15
V1,2010-10-06,P1,p0057,ero.cic,.,.,.,.,.,.,.,.,.,.,.,.,.,.,.,115,115,Silvia ,Medio cerradas las flores de erocic
V1,2010-10-06,P2,p0019,aca.ser,37,7,71,40,14,27,217,83,22,29,118,.,.,.,.,.,2323.6,Nydia,.
V1,2010-10-06,P2,p0021,sch.fas,1,960,.,.,.,.,.,.,.,.,.,.,.,.,.,.,960,Nydia,.
V1,2010-10-06,P2,p0057,ero.cic,.,.,.,.,.,.,.,.,.,.,.,.,.,.,.,1,1,Nydia,.
V1,2010-10-06,P2,p0059,des.sp1,.,.,.,.,.,.,.,.,.,.,.,.,.,.,.,4,4,Nydia,.
V1,2010-10-06,P5,p0011,lyc.chi,1,12,.,.,.,.,.,.,.,.,.,.,.,.,.,.,12,Nydia,.
V1,2010-10-06,P5,p0027,bou.spi,1,134,.,.,.,.,.,.,.,.,.,.,.,.,.,.,134,Nydia,.
V1,2010-10-06,P5,p0057,ero.cic,.,.,.,.,.,.,.,.,.,.,.,.,.,.,.,27,27,Nydia,.
V1,2010-10-06,P5,p0059,des.sp1,.,.,.,.,.,.,.,.,.,.,.,.,.,.,.,106,106,Nydia,.
V1,2010-10-06,P6,p0006,men.dec,1,1,.,.,.,.,.,.,.,.,.,.,.,.,.,.,1,Nydia,.
V1,2010-10-06,P6,p0019,aca.ser,46,240,10,30,180,90,530,470,194,23,2420,.,.,.,.,.,19260.2,Nydia,.
V1,2010-10-06,P6,p0020,hof.ere,.,.,.,.,.,.,.,.,.,.,.,.,.,.,.,6,6,Nydia,.
V1,2010-10-06,P6,p0057,ero.cic,.,.,.,.,.,.,.,.,.,.,.,.,.,.,.,33,33,Nydia,.
V1,2010-10-06,T1,p0011,lyc.chi,1,1,.,.,.,.,.,.,.,.,.,.,.,.,.,.,1,Nydia,.
V1,2010-10-06,T1,p0019,aca.ser,75,.,.,.,.,.,.,.,.,.,.,.,.,.,.,.,4710,Nydia,.
V1,2010-10-06,T1,p0025,thy.pen,.,.,.,.,.,.,.,.,.,.,.,.,.,.,.,1,1,Nydia,capitulo
V1,2010-10-06,T1,p0026,alo.gra,1,18,.,.,.,.,.,.,.,.,.,.,.,.,.,.,18,Nydia,.
V1,2010-10-06,T1,p0057,ero.cic,.,.,.,.,.,.,.,.,.,.,.,.,.,.,.,74,74,Nydia,.
V1,2010-10-06,T2,p0019,aca.ser,68,.,.,.,.,.,.,.,.,.,.,.,.,.,.,.,4270.4,Nydia,.
V1,2010-10-06,T2,p0057,ero.cic,.,.,.,.,.,.,.,.,.,.,.,.,.,.,.,110,110,Nydia,.
V1,2010-10-06,T2,p0102,lap.red,.,.,.,.,.,.,.,.,.,.,.,.,.,.,.,8,8,Nydia,.
V18,2010-10-06,P1,p0019,aca.ser,13,25,10,15,5,60,120,50,20,25,10,.,.,.,.,.,442,Diego,
V18,2010-10-06,P1,p0045,lar.cun,5,20,6,10,10,150,.,.,.,.,.,.,.,.,.,.,196,Diego,
V18,2010-10-06,P2,p0007,lyc.ten,6,8,20,15,10,10,3,.,.,.,.,.,.,.,.,.,66,Diego,
V18,2010-10-06,P2,p0019,aca.ser,1,30,.,.,.,.,.,.,.,.,.,.,.,.,.,.,30,Diego,
V18,2010-10-06,P2,p0045,lar.cun,2,150,10,.,.,.,.,.,.,.,.,.,.,.,.,.,160,Diego,
V18,2010-10-06,P2,p0057,ero.cic,.,.,.,.,.,.,.,.,.,.,.,.,.,.,.,10,10,Diego,
V18,2010-10-06,P5,p0057,ero.cic,.,.,.,.,.,.,.,.,.,.,.,.,.,.,.,10,10,Diego,
V18,2010-10-06,P6,p0007,lyc.ten,1,5,.,.,.,.,.,.,.,.,.,.,.,.,.,.,5,Diego,
V18,2010-10-06,P6,p0019,aca.ser,1,30,.,.,.,.,.,.,.,.,.,.,.,.,.,.,30,Diego,
V18,2010-10-06,P6,p0045,lar.cun,1,35,.,.,.,.,.,.,.,.,.,.,.,.,.,.,35,Diego,
V18,2010-10-06,P6,p0059,des.sp1,.,.,.,.,.,.,.,.,.,.,.,.,.,.,.,20,20,Diego,
V18,2010-10-06,T1,p0019,aca.ser,15,25,25,180,75,60,250,300,200,60,50,.,.,.,.,.,1837.5,Diego,
V18,2010-10-06,T2,p0019,aca.ser,5,100,80,100,70,10,.,.,.,.,.,.,.,.,.,.,360,Diego,
V19,2010-10-06,.,p0026,alo.gra,.,.,.,.,.,.,.,.,.,.,.,.,.,.,.,.,.,Diego,fuera de parcela
V19,2010-10-06,.,p0093,den.rho,.,.,.,.,.,.,.,.,.,.,.,.,.,.,.,.,.,Diego,fuera de parcela
V19,2010-10-06,P1,p0018,bud.men,1,20,.,.,.,.,.,.,.,.,.,.,.,.,.,.,20,Diego,
V19,2010-10-06,P1,p0019,aca.ser,38,40,26.67,250,100,60,70,40,50,60,35,.,.,.,.,.,2780.33,Diego,
V19,2010-10-06,P1,p0048,fab.pec,5,40,80,30,50,25,.,.,.,.,.,.,.,.,.,.,225,Diego,
V19,2010-10-06,P1,p0057,ero.cic,.,.,.,.,.,.,.,.,.,.,.,.,.,.,.,1,1,Diego,
V19,2010-10-06,P1,p0057,ero.cic,.,.,.,.,.,.,.,.,.,.,.,.,.,.,.,5,5,Diego,
V19,2010-10-06,P1,p0101,hof.er2,1,1,.,.,.,.,.,.,.,.,.,.,.,.,.,.,1,Diego,
V19,2010-10-06,P5,p0101,hof.er2,1,4,.,.,.,.,.,.,.,.,.,.,.,.,.,.,4,Diego,
V19,2010-10-06,P6,p0026,alo.gra,3,30,14,8,.,.,.,.,.,.,.,.,.,.,.,.,52,Diego,Inflorescencias. 15 flores/inf.
V19,2010-10-06,P6,p0101,hof.er2,5,2,2,7,2,1,.,.,.,.,.,.,.,.,.,.,14,Diego,
V19,2010-10-06,T2,p0018,bud.men,5,10,10,3,7,55,.,.,.,.,.,.,.,.,.,.,85,Diego,
V19,2010-10-06,T2,p0101,hof.er2,1,1,.,.,.,.,.,.,.,.,.,.,.,.,.,.,1,Diego,
V20,2010-10-06,P1,.,Nada,.,.,.,.,.,.,.,.,.,.,.,.,.,.,.,.,0,Diego,
V20,2010-10-06,P2,.,Nada,.,.,.,.,.,.,.,.,.,.,.,.,.,.,.,.,0,Diego,
V20,2010-10-06,P5,.,Nada,.,.,.,.,.,.,.,.,.,.,.,.,.,.,.,.,0,Diego,
V20,2010-10-06,P6,.,Nada,.,.,.,.,.,.,.,.,.,.,.,.,.,.,.,.,0,Diego,
V20,2010-10-06,T1,.,Nada,.,.,.,.,.,.,.,.,.,.,.,.,.,.,.,.,0,Diego,
V20,2010-10-06,T2,.,Nada,.,.,.,.,.,.,.,.,.,.,.,.,.,.,.,.,0,Diego,
V4,2010-10-06,P1,p0019,aca.ser,51,35,9,100,92,116,8,24,69,240,312,.,.,.,.,.,5125.5,Nydia,.
V4,2010-10-06,P1,p0025,thy.pen,.,.,.,.,.,.,.,.,.,.,.,.,.,.,.,2,2,Nydia,2 individuos
V4,2010-10-06,P1,p0057,ero.cic,.,.,.,.,.,.,.,.,.,.,.,.,.,.,.,10,10,Nydia,.
V4,2010-10-06,P1,p0059,des.sp1,.,.,.,.,.,.,.,.,.,.,.,.,.,.,.,23,23,Nydia,.
V4,2010-10-06,P2,p0019,aca.ser,10,37,45,50,70,22,38,203,14,9,24,.,.,.,.,.,512,Nydia,.
V4,2010-10-06,P2,p0057,ero.cic,.,.,.,.,.,.,.,.,.,.,.,.,.,.,.,271,271,Nydia,.
V4,2010-10-06,P2,p0059,des.sp1,.,.,.,.,.,.,.,.,.,.,.,.,.,.,.,25,25,Nydia,.
V4,2010-10-06,P5,p0019,aca.ser,25,400,350,400,110,50,120,60,40,110,40,.,.,.,.,.,4200,Diego,.
V4,2010-10-06,P6,p0019,aca.ser,119,11,63,226,78,30,13,4,11,87,346,.,.,.,.,.,10341.1,Nydia,.
V4,2010-10-06,P6,p0057,ero.cic,.,.,.,.,.,.,.,.,.,.,.,.,.,.,.,3,3,Nydia,.
V4,2010-10-06,P6,p0102,lap.red,.,.,.,.,.,.,.,.,.,.,.,.,.,.,.,2,2,Nydia,.
V4,2010-10-06,T1,p0011,lyc.chi,1,5,.,.,.,.,.,.,.,.,.,.,.,.,.,.,5,Nydia,.
V4,2010-10-06,T1,p0019,aca.ser,29,.,.,.,.,.,.,.,.,.,.,.,.,.,.,.,1484.8,Nydia,.
V4,2010-10-06,T1,p0057,ero.cic,.,.,.,.,.,.,.,.,.,.,.,.,.,.,.,135,135,Nydia,.
V4,2010-10-06,T1,p0059,des.sp1,.,.,.,.,.,.,.,.,.,.,.,.,.,.,.,18,18,Nydia,.
V4,2010-10-06,T1,p0102,lap.red,.,.,.,.,.,.,.,.,.,.,.,.,.,.,.,15,15,Nydia,.
V4,2010-10-06,T2,p0130,cri.sp1,.,.,.,.,.,.,.,.,.,.,.,.,.,.,.,3,3,Nydia,cabezuelas con puntos blancos
V4,2010-10-06,T2,p0011,lyc.chi,1,2,.,.,.,.,.,.,.,.,.,.,.,.,.,.,2,Nydia,.
V4,2010-10-06,T2,p0019,aca.ser,27,.,.,.,.,.,.,.,.,.,.,.,.,.,.,.,1382.4,Nydia,.
V4,2010-10-06,T2,p0057,ero.cic,.,.,.,.,.,.,.,.,.,.,.,.,.,.,.,91,91,Nydia,.
V4,2010-10-06,T2,p0059,des.sp1,.,.,.,.,.,.,.,.,.,.,.,.,.,.,.,2,2,Nydia,.
V5,2010-10-07,P5,p0057,ero.cic,.,.,.,.,.,.,.,.,.,.,.,.,.,.,.,5,5,Diego,
V1,2010-10-14,P1,p0021,sch.fas,1,8,.,.,.,.,.,.,.,.,.,.,.,.,.,.,8,Silvia y Nachu,.
V1,2010-10-14,P1,p0026,alo.gra,3,300,110,40,.,.,.,.,.,.,.,.,.,.,.,.,450,Silvia y Nachu,.
V1,2010-10-14,P1,p0035,lar.nit,3,10,30,2,2100,.,.,.,.,.,.,.,.,.,.,.,1606.5,Silvia y Nachu,.
V1,2010-10-14,P1,p0057,ero.cic,.,.,.,.,.,.,.,.,.,.,.,.,.,.,.,22,22,Silvia y Nachu,.
V1,2010-10-14,P2,p0019,aca.ser,65,17,100,250,900,30,5,90,50,40,600,.,.,.,.,.,13533,Silvia y Nachu,.
V1,2010-10-14,P2,p0021,sch.fas,3,20,60,1000,50,.,.,.,.,.,.,.,.,.,.,.,847.5,Silvia y Nachu,.
V1,2010-10-14,P2,p0025,thy.pen,.,.,.,.,.,.,.,.,.,.,.,.,.,.,.,13,13,Silvia y Nachu,.
V1,2010-10-14,P2,p0046,arj.lon,.,.,.,.,.,.,.,.,.,.,.,.,.,.,.,176,176,Silvia y Nachu,.
V1,2010-10-14,P5,p0011,lyc.chi,1,2,.,.,.,.,.,.,.,.,.,.,.,.,.,.,2,Silvia y Nachu,.
V1,2010-10-14,P5,p0011,lyc.chi,2,1,0.5,.,.,.,.,.,.,.,.,.,.,.,.,.,0.75,Silvia y Nachu,
V1,2010-10-14,P5,p0026,alo.gra,1,50,.,.,.,.,.,.,.,.,.,.,.,.,.,.,50,Silvia y Nachu,.
V1,2010-10-14,P5,p0034,lar.div,1,1,.,.,.,.,.,.,.,.,.,.,.,.,.,.,1,Silvia y Nachu,.
V1,2010-10-14,P5,p0035,lar.nit,2,21.25,9,.,.,.,.,.,.,.,.,.,.,.,.,.,30.25,Silvia y Nachu,.
V1,2010-10-14,P5,p0059,des.sp1,.,.,.,.,.,.,.,.,.,.,.,.,.,.,.,111,111,Silvia y Nachu,.
V1,2010-10-14,P6,p0006,men.dec,9,1,1,1,1,1,1,1,1,1,.,.,.,.,.,.,9,Silvia y Nachu,.
V1,2010-10-14,P6,p0009,sen.aph,1,1.8,.,.,.,.,.,.,.,.,.,.,.,.,.,.,1.8,Silvia y Nachu,.
V1,2010-10-14,P6,p0019,aca.ser,49,180,90,90,3,80,3,50,400,90,20,60,100,80,.,.,4696.46,Silvia y Nachu,.
V1,2010-10-14,P6,p0020,hof.ere,.,.,.,.,.,.,.,.,.,.,.,.,.,.,.,2,2,Silvia y Nachu,.
V1,2010-10-14,P6,p0025,thy.pen,.,.,.,.,.,.,.,.,.,.,.,.,.,.,.,13,13,Silvia y Nachu,.
V1,2010-10-14,T1,p0006,men.dec,15,2,1,1,1,1,1,1,1,1,1,1,1,.,.,.,16.25,Silvia y Nachu,.
V1,2010-10-14,T1,p0009,sen.aph,1,5,.,.,.,.,.,.,.,.,.,.,.,.,.,.,5,Silvia y Nachu,.
V1,2010-10-14,T1,p0011,lyc.chi,1,8,.,.,.,.,.,.,.,.,.,.,.,.,.,.,8,Silvia y Nachu,.
V1,2010-10-14,T1,p0019,aca.ser,95,1,3,50,70,130,30,10,10,5,30,.,.,.,.,.,3220.5,Silvia y Nachu,.
V1,2010-10-14,T1,p0020,hof.ere,.,.,.,.,.,.,.,.,.,.,.,.,.,.,.,30,30,Silvia y Nachu,.
V1,2010-10-14,T1,p0025,thy.pen,.,.,.,.,.,.,.,.,.,.,.,.,.,.,.,17,17,Silvia y Nachu,.
V1,2010-10-14,T1,p0050,hys.jas,.,.,.,.,.,.,.,.,.,.,.,.,.,.,.,3,3,Silvia y Nachu,.
V1,2010-10-14,T1,p0057,ero.cic,.,.,.,.,.,.,.,.,.,.,.,.,.,.,.,29,29,Silvia y Nachu,.
V1,2010-10-14,T2,p0006,men.dec,2,2,1,.,.,.,.,.,.,.,.,.,.,.,.,.,3,Silvia y Nachu,.
V1,2010-10-14,T2,p0011,lyc.chi,1,2,.,.,.,.,.,.,.,.,.,.,.,.,.,.,2,Silvia y Nachu,.
V1,2010-10-14,T2,p0019,aca.ser,98,70,30,30,200,70,100,50,80,80,130,.,.,.,.,.,8232,Silvia y Nachu,.
V1,2010-10-14,T2,p0020,hof.ere,.,.,.,.,.,.,.,.,.,.,.,.,.,.,.,1,1,Silvia y Nachu,.
V1,2010-10-14,T2,p0021,sch.fas,1,50,.,.,.,.,.,.,.,.,.,.,.,.,.,.,50,Silvia y Nachu,.
V1,2010-10-14,T2,p0025,thy.pen,.,.,.,.,.,.,.,.,.,.,.,.,.,.,.,18,18,Silvia y Nachu,.
V1,2010-10-14,T2,p0057,ero.cic,.,.,.,.,.,.,.,.,.,.,.,.,.,.,.,12,12,Silvia y Nachu,.
V1,2010-10-14,T2,p0102,lap.red,.,.,.,.,.,.,.,.,.,.,.,.,.,.,.,33,33,Silvia y Nachu,.
V18,2010-10-14,.,p0043,tri.can,.,.,.,.,.,.,.,.,.,.,.,.,.,.,.,.,.,Diego,Fuera de parcela
V18,2010-10-14,P1,p0019,aca.ser,1,4,.,.,.,.,.,.,.,.,.,.,.,.,.,.,4,Diego,
V18,2010-10-14,P1,p0045,lar.cun,6,225,60,250,60,30,25,.,.,.,.,.,.,.,.,.,650,Diego,
V18,2010-10-14,P2,p0045,lar.cun,5,40,350,300,900,1000,.,.,.,.,.,.,.,.,.,.,2590,Diego,
V18,2010-10-14,P5,.,Nada,.,.,.,.,.,.,.,.,.,.,.,.,.,.,.,.,.,Diego,
V18,2010-10-14,P6,p0045,lar.cun,2,200,30,.,.,.,.,.,.,.,.,.,.,.,.,.,230,Diego,
V18,2010-10-14,P6,p0059,des.sp1,.,.,.,.,.,.,.,.,.,.,.,.,.,.,.,10,10,Diego,
V18,2010-10-14,T1,p0019,aca.ser,15,.,.,.,.,.,.,.,.,.,.,.,.,.,.,.,1008.33,Diego,No estimé flores. Uso las de P2
V18,2010-10-14,T1,p0045,lar.cun,4,2,60,12.5,10,.,.,.,.,.,.,.,.,.,.,.,84.5,Diego,
V18,2010-10-14,T1,p0002,jun.asp,1,70,.,.,.,.,.,.,.,.,.,.,.,.,.,.,70,Diego,
V18,2010-10-14,T2,p0019,aca.ser,8,500,120,50,200,100,100,200,150,.,.,.,.,.,.,.,1420,Diego,
V18,2010-10-14,T2,p0045,lar.cun,4,20,150,200,1000,.,.,.,.,.,.,.,.,.,.,.,1370,Diego,
V18,2010-10-14,T2,p0002,jun.asp,1,40,.,.,.,.,.,.,.,.,.,.,.,.,.,.,40,Diego,
V4,2010-10-14,P1,p0019,aca.ser,127,60,92,30,50,10,20,40,170,10,300,.,.,.,.,.,9931.4,Silvia y Nachu,.
V4,2010-10-14,P1,p0036,lec.het,1,1,.,.,.,.,.,.,.,.,.,.,.,.,.,.,1,Silvia y Nachu,"cerrada, fijarse"
V4,2010-10-14,P1,p0059,des.sp1,.,.,.,.,.,.,.,.,.,.,.,.,.,.,.,4,4,Silvia y Nachu,.
V4,2010-10-14,P2,p0019,aca.ser,51,400,100,150,10,60,80,.,.,.,.,.,.,.,.,.,6800,Silvia y Nachu,.
V4,2010-10-14,P2,p0025,thy.pen,.,.,.,.,.,.,.,.,.,.,.,.,.,.,.,2,2,Silvia y Nachu,.
V4,2010-10-14,P2,p0027,bou.spi,1,20,.,.,.,.,.,.,.,.,.,.,.,.,.,.,20,Silvia y Nachu,.
V4,2010-10-14,P2,p0057,ero.cic,.,.,.,.,.,.,.,.,.,.,.,.,.,.,.,74,74,Silvia y Nachu,.
V4,2010-10-14,P2,p0059,des.sp1,.,.,.,.,.,.,.,.,.,.,.,.,.,.,.,17,17,Silvia y Nachu,.
V4,2010-10-14,P2,p0102,lap.red,.,.,.,.,.,.,.,.,.,.,.,.,.,.,.,8,8,Silvia y Nachu,.
V4,2010-10-14,P5,p0019,aca.ser,64,100,150,120,200,50,160,50,70,250,20,20,5,.,.,.,6373.33,Silvia y Nachu,.
V4,2010-10-14,P6,p0019,aca.ser,114,.,.,.,.,.,.,.,.,.,.,.,.,.,.,.,11352.5,Silvia y Nachu,.
V4,2010-10-14,P6,p0020,hof.ere,.,.,.,.,.,.,.,.,.,.,.,.,.,.,.,3,3,Silvia y Nachu,.
V4,2010-10-14,P6,p0025,thy.pen,.,.,.,.,.,.,.,.,.,.,.,.,.,.,.,1,1,Silvia y Nachu,.
V4,2010-10-14,P6,p0046,arj.lon,.,.,.,.,.,.,.,.,.,.,.,.,.,.,.,10,10,Silvia y Nachu,.
V4,2010-10-14,T1,p0006,men.dec,1,1,.,.,.,.,.,.,.,.,.,.,.,.,.,.,1,Silvia y Nachu,.
V4,2010-10-14,T1,p0019,aca.ser,51,30,10,10,110,110,5,.,.,.,.,.,.,.,.,.,2337.5,Silvia y Nachu,.
V4,2010-10-14,T1,p0025,thy.pen,.,.,.,.,.,.,.,.,.,.,.,.,.,.,.,1,1,Silvia y Nachu,.
V4,2010-10-14,T1,p0057,ero.cic,.,.,.,.,.,.,.,.,.,.,.,.,.,.,.,1,1,Silvia y Nachu,.
V4,2010-10-14,T1,p0059,des.sp1,.,.,.,.,.,.,.,.,.,.,.,.,.,.,.,6,6,Silvia y Nachu,.
V4,2010-10-14,T1,p0102,lap.red,.,.,.,.,.,.,.,.,.,.,.,.,.,.,.,37,37,Silvia y Nachu,.
V4,2010-10-14,T2,p0130,cri.sp1,.,.,.,.,.,.,.,.,.,.,.,.,.,.,.,380,380,Silvia y Nachu,.
V4,2010-10-14,T2,p0006,men.dec,1,1,.,.,.,.,.,.,.,.,.,.,.,.,.,.,1,Silvia y Nachu,.
V4,2010-10-14,T2,p0019,aca.ser,58,110,10,60,50,5,300,.,.,.,.,.,.,.,.,.,5171.67,Silvia y Nachu,.
V4,2010-10-14,T2,p0025,thy.pen,.,.,.,.,.,.,.,.,.,.,.,.,.,.,.,7,7,Silvia y Nachu,.
V4,2010-10-14,T2,p0057,ero.cic,.,.,.,.,.,.,.,.,.,.,.,.,.,.,.,11,11,Silvia y Nachu,.
V4,2010-10-14,T2,p0059,des.sp1,.,.,.,.,.,.,.,.,.,.,.,.,.,.,.,7,7,Silvia y Nachu,.
V4,2010-10-14,T2,p0102,lap.red,.,.,.,.,.,.,.,.,.,.,.,.,.,.,.,2,2,Silvia y Nachu,.
V4,2010-10-14,T2,p0102,lap.red,.,.,.,.,.,.,.,.,.,.,.,.,.,.,.,9,9,Silvia y Nachu,.
V19,2010-10-19,P1,p0018,bud.men,2,300,500,.,.,.,.,.,.,.,.,.,.,.,.,.,800,Diego,
V19,2010-10-19,P1,p0019,aca.ser,6,30,15,10,10,5,10,.,.,.,.,.,.,.,.,.,80,Diego,
V19,2010-10-19,P1,p0019,aca.ser,72,150,100,150,120,100,60,.,.,.,.,.,.,.,.,.,8160,Diego,
V19,2010-10-19,P1,p0045,lar.cun,7,6,40,80,100,300,40,200,.,.,.,.,.,.,.,.,766,Diego,
V19,2010-10-19,P1,p0046,arj.lon,.,.,.,.,.,.,.,.,.,.,.,.,.,.,.,12,12,Diego,
V19,2010-10-19,P1,p0002,jun.asp,1,30,.,.,.,.,.,.,.,.,.,.,.,.,.,.,30,Diego,
V19,2010-10-19,P2,p0006,men.dec,2,1,1,.,.,.,.,.,.,.,.,.,.,.,.,.,2,Diego,
V19,2010-10-19,P2,p0019,aca.ser,4,80,60,25,30,.,.,.,.,.,.,.,.,.,.,.,195,Diego,
V19,2010-10-19,P2,p0045,lar.cun,5,1000,500,600,60,1300,.,.,.,.,.,.,.,.,.,.,3460,Diego,
V19,2010-10-19,P2,p0101,hof.er2,1,2,.,.,.,.,.,.,.,.,.,.,.,.,.,.,2,Diego,
V19,2010-10-19,P2,p0046,arj.lon,.,.,.,.,.,.,.,.,.,.,.,.,.,.,.,44,44,Diego,
V19,2010-10-19,P2,p0002,jun.asp,1,8,.,.,.,.,.,.,.,.,.,.,.,.,.,.,8,Diego,
V19,2010-10-19,P5,.,Nada,.,.,.,.,.,.,.,.,.,.,.,.,.,.,.,.,0,Diego,
V19,2010-10-19,P5,p0006,men.dec,26,1,1,2,3,1,2,2,6,3,1,.,.,.,.,.,57.2,Diego,
V19,2010-10-19,P5,p0101,hof.er2,5,2,1,2,2,1,.,.,.,.,.,.,.,.,.,.,8,Diego,
V19,2010-10-19,P6,p0006,men.dec,1,1,.,.,.,.,.,.,.,.,.,.,.,.,.,.,1,Diego,
V19,2010-10-19,P6,p0019,aca.ser,5,50,20,10,30,50,.,.,.,.,.,.,.,.,.,.,160,Diego,
V19,2010-10-19,P6,p0045,lar.cun,2,200,400,.,.,.,.,.,.,.,.,.,.,.,.,.,600,Diego,
V19,2010-10-19,P6,p0057,ero.cic,.,.,400,.,.,.,.,.,.,.,.,.,.,.,.,3,3,Diego,
V19,2010-10-19,P6,p0059,des.sp1,.,.,.,.,.,.,.,.,.,.,.,.,.,.,.,10,10,Diego,
V19,2010-10-19,P6,p0101,hof.er2,10,2,2,2,2,2,3,3,2,1,4,.,.,.,.,.,23,Diego,
V19,2010-10-19,T1,p0019,aca.ser,10,.,.,.,.,.,.,.,.,.,.,.,.,.,.,.,487.5,Diego,No estimé flores. Uso las de P2
V19,2010-10-19,T1,p0019,aca.ser,1,100,.,.,.,.,.,.,.,.,.,.,.,.,.,.,100,Diego,
V19,2010-10-19,T1,p0026,alo.gra,2,70,20,.,.,.,.,.,.,.,.,.,.,.,.,.,90,Diego,
V19,2010-10-19,T1,p0045,lar.cun,3,200,100,5,.,.,.,.,.,.,.,.,.,.,.,.,305,Diego,
V19,2010-10-19,T1,p0101,hof.er2,3,4,4,1,.,.,.,.,.,.,.,.,.,.,.,.,9,Diego,
V19,2010-10-19,T1,p0046,arj.lon,.,.,.,.,.,.,.,.,.,.,.,.,.,.,.,54,54,Diego,
V19,2010-10-19,T1,p0015,cer.arv,.,2,6,.,.,.,.,.,.,.,.,.,.,.,.,.,.,Diego,
V19,2010-10-19,T2,p0006,men.dec,6,3,2,1,1,1,2,.,.,.,.,.,.,.,.,.,10,Diego,
V19,2010-10-19,T2,p0009,sen.aph,1,25,.,.,.,.,.,.,.,.,.,.,.,.,.,.,25,Diego,
V19,2010-10-19,T2,p0018,bud.men,1,60,.,.,.,.,.,.,.,.,.,.,.,.,.,.,60,Diego,
V19,2010-10-19,T2,p0019,aca.ser,11,100,130,60,80,40,.,.,.,.,.,.,.,.,.,.,902,Diego,
V19,2010-10-19,T2,p0101,hof.er2,3,1,1,1,.,.,.,.,.,.,.,.,.,.,.,.,3,Diego,
V1,2010-10-22,.,p0009,sen.aph,5,6,20,44,1,215,.,.,.,.,.,.,.,.,.,.,286,Nachu y Nydia,fuera parcela
V1,2010-10-22,.,p0034,lar.div,4,5,9,1,47,.,.,.,.,.,.,.,.,.,.,.,62,Nachu y Nydia,fuera parcela
V1,2010-10-22,P1,p0021,sch.fas,1,30,.,.,.,.,.,.,.,.,.,.,.,.,.,.,30,Nydia,
V1,2010-10-22,P1,p0026,alo.gra,1,70,.,.,.,.,.,.,.,.,.,.,.,.,.,.,70,Nydia,
V1,2010-10-22,P1,p0034,lar.div,3,20,24,2,.,.,.,.,.,.,.,.,.,.,.,.,46,Nydia,
V1,2010-10-22,P1,p0035,lar.nit,3,8,26,1.32,.,.,.,.,.,.,.,.,.,.,.,.,35.32,Nydia,
V1,2010-10-22,P1,p0057,ero.cic,.,.,.,.,.,.,.,.,.,.,.,.,.,.,.,181,181,Nydia,
V1,2010-10-22,P2,p0009,sen.aph,2,8,5,.,.,.,.,.,.,.,.,.,.,.,.,.,13,Nydia,
V1,2010-10-22,P2,p0019,aca.ser,62,48,270,60,123,340,.,.,.,.,.,.,.,.,.,.,10428.4,Nydia,
V1,2010-10-22,P2,p0021,sch.fas,2,130,340,.,.,.,.,.,.,.,.,.,.,.,.,.,470,Nydia,
V1,2010-10-22,P2,p0025,thy.pen,.,.,.,.,.,.,.,.,.,.,.,.,.,.,.,42,42,Nydia,
V1,2010-10-22,P2,p0046,arj.lon,.,.,.,.,.,.,.,.,.,.,.,.,.,.,.,496,496,Nydia,
V1,2010-10-22,P2,p0050,hys.jas,1,2,.,.,.,.,.,.,.,.,.,.,.,.,.,.,2,Nydia,
V1,2010-10-22,P2,p0057,ero.cic,.,.,.,.,.,.,.,.,.,.,.,.,.,.,.,1,1,Nydia,
V1,2010-10-22,P5,p0006,men.dec,1,4,.,.,.,.,.,.,.,.,.,.,.,.,.,.,4,Nachu,
V1,2010-10-22,P5,p0007,lyc.ten,1,3,.,.,.,.,.,.,.,.,.,.,.,.,.,.,3,Nachu,
V1,2010-10-22,P5,p0034,lar.div,3,5.1,10,25.2,.,.,.,.,.,.,.,.,.,.,.,.,40.3,Nachu,
V1,2010-10-22,P5,p0059,des.sp1,.,.,.,.,.,.,.,.,.,.,.,.,.,.,.,50,50,Nachu,
V1,2010-10-22,P6,p0006,men.dec,45,1,3,2,2,6,2,5,4,.,.,.,.,.,.,.,140.63,Nachu,
V1,2010-10-22,P6,p0009,sen.aph,2,3,3,.,.,.,.,.,.,.,.,.,.,.,.,.,6,Nachu,
V1,2010-10-22,P6,p0019,aca.ser,36,70,5,10,30,80,.,.,.,.,.,.,.,.,.,.,1404,Nachu,
V1,2010-10-22,P6,p0025,thy.pen,.,.,.,.,.,.,.,.,.,.,.,.,.,.,.,8,8,Nachu,
V1,2010-10-22,P6,p0051,mon.aph,1,1,.,.,.,.,.,.,.,.,.,.,.,.,.,.,1,Nachu,
V1,2010-10-22,P6,p0057,ero.cic,.,.,.,.,.,.,.,.,.,.,.,.,.,.,.,7,7,Nachu,
V1,2010-10-22,P6,p0101,hof.er2,.,.,.,.,.,.,.,.,.,.,.,.,.,.,.,4,4,Nachu,
V1,2010-10-22,T1,p0006,men.dec,43,1,3,1,1,2,.,.,.,.,.,.,.,.,.,.,68.8,Nydia,
V1,2010-10-22,T1,p0009,sen.aph,2,3.75,18,.,.,.,.,.,.,.,.,.,.,.,.,.,21.75,Nydia,
V1,2010-10-22,T1,p0019,aca.ser,92,34,5,6,57,30,.,.,.,.,.,.,.,.,.,.,2428.8,Nydia,
V1,2010-10-22,T1,p0025,thy.pen,.,.,.,.,.,.,.,.,.,.,.,.,.,.,.,40,40,Nydia,
V1,2010-10-22,T1,p0050,hys.jas,.,.,.,.,.,.,.,.,.,.,.,.,.,.,.,5,5,Nydia,
V1,2010-10-22,T1,p0051,mon.aph,1,4,.,.,.,.,.,.,.,.,.,.,.,.,.,.,4,Nydia,
V1,2010-10-22,T1,p0057,ero.cic,.,.,.,.,.,.,.,.,.,.,.,.,.,.,.,85,85,Nydia,
V1,2010-10-22,T1,p0101,hof.er2,.,.,.,.,.,.,.,.,.,.,.,.,.,.,.,28,28,Nydia,
V1,2010-10-22,T2,p0006,men.dec,6,2,1,1,1,.,.,.,.,.,.,.,.,.,.,.,7.5,Nydia,
V1,2010-10-22,T2,p0019,aca.ser,29,53,2,12,17,78,.,.,.,.,.,.,.,.,.,.,939.6,Nydia,
V1,2010-10-22,T2,p0021,sch.fas,1,1.5,.,.,.,.,.,.,.,.,.,.,.,.,.,.,1.5,Nydia,
V1,2010-10-22,T2,p0025,thy.pen,.,.,.,.,.,.,.,.,.,.,.,.,.,.,.,8,8,Nydia,
V1,2010-10-22,T2,p0057,ero.cic,.,.,.,.,.,.,.,.,.,.,.,.,.,.,.,22,22,Nydia,
V1,2010-10-22,T2,p0102,lap.red,.,.,.,.,.,.,.,.,.,.,.,.,.,.,.,20,20,Nydia,18 blancas y 2 azules
V18,2010-10-22,P5,p0006,men.dec,.,.,.,.,.,.,.,.,.,.,.,.,.,.,.,.,.,Diego,
V18,2010-10-22,P5,p0054,Lar.div,3,.,.,.,.,.,.,.,.,.,.,.,.,.,.,.,.,Diego,
V18,2010-10-22,P5,p0057,ero.cic,.,.,.,.,.,.,.,.,.,.,.,.,.,.,.,.,.,Diego,
V18,2010-10-22,P5,p0059,des.sp1,.,.,.,.,.,.,.,.,.,.,.,.,.,.,.,.,.,Diego,
V4,2010-10-22,P1,p0019,aca.ser,83,32,19,9,48,6,.,.,.,.,.,.,.,.,.,.,1892.4,Nydia,
V4,2010-10-22,P1,p0025,thy.pen,.,.,.,.,.,.,.,.,.,.,.,.,.,.,.,19,19,Nydia,
V4,2010-10-22,P1,p0034,lar.div,2,13,3,.,.,.,.,.,.,.,.,.,.,.,.,.,16,Nydia,
V4,2010-10-22,P1,p0036,lec.het,1,1,.,.,.,.,.,.,.,.,.,.,.,.,.,.,1,Nydia,
V4,2010-10-22,P1,p0057,ero.cic,.,.,.,.,.,.,.,.,.,.,.,.,.,.,.,39,39,Nydia,
V4,2010-10-22,P1,p0059,des.sp1,.,.,.,.,.,.,.,.,.,.,.,.,.,.,.,54,54,Nydia,
V4,2010-10-22,P1,p0102,lap.red,.,.,.,.,.,.,.,.,.,.,.,.,.,.,.,6,6,Nydia,azul
V4,2010-10-22,P2,p0130,cri.sp1,.,.,.,.,.,.,.,.,.,.,.,.,.,.,.,46,46,Nydia,
V4,2010-10-22,P2,p0019,aca.ser,60,54,132,2070,1120,530,.,.,.,.,.,.,.,.,.,.,46872,Nydia,
V4,2010-10-22,P2,p0021,sch.fas,2,10000,1110,.,.,.,.,.,.,.,.,.,.,.,.,.,11110,Nydia,
V4,2010-10-22,P2,p0034,lar.div,2,1,1,.,.,.,.,.,.,.,.,.,.,.,.,.,2,Nydia,
V4,2010-10-22,P2,p0046,arj.lon,.,.,.,.,.,.,.,.,.,.,.,.,.,.,.,10,10,Nydia,
V4,2010-10-22,P2,p0057,ero.cic,.,.,.,.,.,.,.,.,.,.,.,.,.,.,.,107,107,Nydia,
V4,2010-10-22,P2,p0059,des.sp1,.,.,.,.,.,.,.,.,.,.,.,.,.,.,.,119,119,Nydia,
V4,2010-10-22,P2,p0102,lap.red,.,.,.,.,.,.,.,.,.,.,.,.,.,.,.,23,23,Nydia,azul
V4,2010-10-22,T1,p0006,men.dec,1,3,.,.,.,.,.,.,.,.,.,.,.,.,.,.,3,Nydia,
V4,2010-10-22,T1,p0019,aca.ser,39,190,7,49,4,11,.,.,.,.,.,.,.,.,.,.,2035.8,Nydia,
V4,2010-10-22,T1,p0025,thy.pen,.,.,.,.,.,.,.,.,.,.,.,.,.,.,.,1,1,Nydia,
V4,2010-10-22,T1,p0034,lar.div,1,3,.,.,.,.,.,.,.,.,.,.,.,.,.,.,3,Nydia,
V4,2010-10-22,T1,p0057,ero.cic,.,.,.,.,.,.,.,.,.,.,.,.,.,.,.,42,42,Nydia,
V4,2010-10-22,T1,p0059,des.sp1,.,.,.,.,.,.,.,.,.,.,.,.,.,.,.,123,123,Nydia,
V4,2010-10-22,T1,p0102,lap.red,.,.,.,.,.,.,.,.,.,.,.,.,.,.,.,181,181,Nydia,blanca
V4,2010-10-22,T2,p0130,cri.sp1,.,.,.,.,.,.,.,.,.,.,.,.,.,.,.,197,197,Nydia,
V4,2010-10-22,T2,p0006,men.dec,35,2,2,1,1,2,.,.,.,.,.,.,.,.,.,.,56,Nydia,
V4,2010-10-22,T2,p0019,aca.ser,126,300,2230,179,15,174,.,.,.,.,.,.,.,.,.,.,73029.6,Nydia,
V4,2010-10-22,T2,p0025,thy.pen,.,.,.,.,.,.,.,.,.,.,.,.,.,.,.,12,12,Nydia,
V4,2010-10-22,T2,p0034,lar.div,3,1,1,1,.,.,.,.,.,.,.,.,.,.,.,.,3,Nydia,
V4,2010-10-22,T2,p0047,dyp.gla,2,1,1,.,.,.,.,.,.,.,.,.,.,.,.,.,2,Nydia,Revisar numero de flores a partir de promedios
V4,2010-10-22,T2,p0057,ero.cic,.,.,.,.,.,.,.,.,.,.,.,.,.,.,.,72,72,Nydia,
V4,2010-10-22,T2,p0059,des.sp1,.,.,.,.,.,.,.,.,.,.,.,.,.,.,.,34,34,Nydia,
V4,2010-10-22,T2,p0085,med.lup,.,.,.,.,.,.,.,.,.,.,.,.,.,.,.,4,4,Nydia,
V4,2010-10-22,T2,p0102,lap.red,.,.,.,.,.,.,.,.,.,.,.,.,.,.,.,25,25,Nydia,azul
V4 ,2010-10-22,P5,p0006,men.dec,2,1,1,.,.,.,.,.,.,.,.,.,.,.,.,.,2,Nachu,
V4 ,2010-10-22,P5,p0019,aca.ser,31,1,3,7,60,80,.,.,.,.,.,.,.,.,.,.,936.2,Nachu,
V4 ,2010-10-22,P5,p0025,thy.pen,.,.,.,.,.,.,.,.,.,.,.,.,.,.,.,2,2,Nachu,
V4 ,2010-10-22,P5,p0057,ero.cic,.,.,.,.,.,.,.,.,.,.,.,.,.,.,.,1,1,Nachu,
V4 ,2010-10-22,P5,p0059,des.sp1,.,.,.,.,.,.,.,.,.,.,.,.,.,.,.,4,4,Nachu,
V4 ,2010-10-22,P5,p0102,lap.red,.,.,.,.,.,.,.,.,.,.,.,.,.,.,.,1,1,Nachu,azul
V4 ,2010-10-22,P6,p0130,cri.sp1,.,.,.,.,.,.,.,.,.,.,.,.,.,.,.,5,5,Nydia,
V4 ,2010-10-22,P6,p0006,men.dec,12,1,1,1,1,2,.,.,.,.,.,.,.,.,.,.,14.4,Nydia,
V4 ,2010-10-22,P6,p0019,aca.ser,214,7,18,143,5,10,.,.,.,.,.,.,.,.,.,.,7832.4,Nydia,
V4 ,2010-10-22,P6,p0025,thy.pen,.,.,.,.,.,.,.,.,.,.,.,.,.,.,.,6,6,Nydia,
V4 ,2010-10-22,P6,p0025,thy.pen,.,.,.,.,.,.,.,.,.,.,.,.,.,.,.,7,7,Nydia,
V4 ,2010-10-22,P6,p0046,arj.lon,.,.,.,.,.,.,.,.,.,.,.,.,.,.,.,96,96,Nydia,
V4 ,2010-10-22,P6,p0050,hys.jas,.,.,.,.,.,.,.,.,.,.,.,.,.,.,.,1,1,Nydia,
V4 ,2010-10-22,P6,p0101,hof.er2,.,.,.,.,.,.,.,.,.,.,.,.,.,.,.,16,16,Nydia,
V1,2010-10-28,P1,p0021,sch.fas,2,90,281.25,.,.,.,.,.,.,.,.,.,.,.,.,.,371.25,Silvia ,
V1,2010-10-28,P1,p0026,alo.gra,1,90,.,.,.,.,.,.,.,.,.,.,.,.,.,.,90,Silvia ,
V1,2010-10-28,P1,p0034,lar.div,5,15,175,600,360,3.2,.,.,.,.,.,.,.,.,.,.,1153.2,Silvia ,
V1,2010-10-28,P1,p0035,lar.nit,1,7,.,.,.,.,.,.,.,.,.,.,.,.,.,.,7,Silvia ,
V1,2010-10-28,P1,p0057,ero.cic,.,.,.,.,.,.,.,.,.,.,.,.,.,.,.,70,70,Silvia ,
V1,2010-10-28,P2,p0006,men.dec,12,1,2,4,4,1,.,.,.,.,.,.,.,.,.,.,28.8,Silvia ,
V1,2010-10-28,P2,p0009,sen.aph,5,6,4,3.75,5,1,.,.,.,.,.,.,.,.,.,.,19.75,Silvia ,
V1,2010-10-28,P2,p0019,aca.ser,20,32,5,19,5,60,.,.,.,.,.,.,.,.,.,.,484,Silvia ,
V1,2010-10-28,P2,p0021,sch.fas,2,60,30,.,.,.,.,.,.,.,.,.,.,.,.,.,90,Silvia ,
V1,2010-10-28,P2,p0025,thy.pen,.,.,.,.,.,.,.,.,.,.,.,.,.,.,.,99,99,Silvia ,
V1,2010-10-28,P2,p0034,lar.div,2,12.5,11,.,.,.,.,.,.,.,.,.,.,.,.,.,23.5,Silvia ,
V1,2010-10-28,P2,p0038,pro.fle,1,450,.,.,.,.,.,.,.,.,.,.,.,.,.,.,450,Silvia ,
V1,2010-10-28,P2,p0046,arj.lon,.,.,.,.,.,.,.,.,.,.,.,.,.,.,.,150,150,Silvia ,
V1,2010-10-28,P5,p0034,lar.div,14,16,10,12,5,110,400,.,.,.,.,.,.,.,.,.,1290.33,Nachu,
V1,2010-10-28,P5,p0059,des.sp1,.,.,.,.,.,.,.,.,.,.,.,.,.,.,.,6,6,Nachu,
V1,2010-10-28,P6,p0003,zuc.pun,1,7,.,.,.,.,.,.,.,.,.,.,.,.,.,.,7,Nachu,
V1,2010-10-28,P6,p0006,men.dec,64,1,10,2,1,21,4,7,1,.,.,.,.,.,.,.,376,Nachu,
V1,2010-10-28,P6,p0009,sen.aph,5,4,30,7,13,2,.,.,.,.,.,.,.,.,.,.,56,Nachu,
V1,2010-10-28,P6,p0019,aca.ser,14,20,50,70,120,.,.,.,.,.,.,.,.,.,.,.,910,Nachu,
V1,2010-10-28,P6,p0051,mon.aph,1,10,.,.,.,.,.,.,.,.,.,.,.,.,.,.,10,Nachu,
V1,2010-10-28,P6,p0025,thy.pen,.,.,.,.,.,.,.,.,.,.,.,.,.,.,.,18,18,Nachu,
V1,2010-10-28,T1,p0006,men.dec,57,7,1,1,3,1,1,9,.,.,.,.,.,.,.,.,187.29,Silvia ,
V1,2010-10-28,T1,p0007,lyc.ten,1,12,.,.,.,.,.,.,.,.,.,.,.,.,.,.,12,Silvia ,
V1,2010-10-28,T1,p0009,sen.aph,4,66,6,3,44,.,.,.,.,.,.,.,.,.,.,.,119,Silvia ,
V1,2010-10-28,T1,p0019,aca.ser,19,2,4,25,2,14,.,.,.,.,.,.,.,.,.,.,178.6,Silvia ,
V1,2010-10-28,T1,p0025,thy.pen,.,.,.,.,.,.,.,.,.,.,.,.,.,.,.,37,37,Silvia ,
V1,2010-10-28,T1,p0050,hys.jas,.,.,.,.,.,.,.,.,.,.,.,.,.,.,.,4,4,Silvia ,
V1,2010-10-28,T1,p0051,mon.aph,1,48,.,.,.,.,.,.,.,.,.,.,.,.,.,.,48,Silvia ,
V1,2010-10-28,T1,p0057,ero.cic,.,.,.,.,.,.,.,.,.,.,.,.,.,.,.,1,1,Silvia ,
V1,2010-10-28,T2,p0006,men.dec,27,1,2,4,1,2,4,.,.,.,.,.,.,.,.,.,63,Nachu,
V1,2010-10-28,T2,p0019,aca.ser,22,5,100,10,60,70,.,.,.,.,.,.,.,.,.,.,1078,Nachu,
V1,2010-10-28,T2,p0034,lar.div,8,1,44,1,25,.,.,.,.,.,.,.,.,.,.,.,142,Nachu,
V1,2010-10-28,T2,p0043,tri.can,1,2,.,.,.,.,.,.,.,.,.,.,.,.,.,.,.,Nachu,
V1,2010-10-28,T2,p0056,phr.sp1,.,.,.,.,.,.,.,.,.,.,.,.,.,.,.,1,1,Nachu,
V1,2010-10-28,T2,p0057,ero.cic,.,.,.,.,.,.,.,.,.,.,.,.,.,.,.,2,2,Nachu,
V1,2010-10-28,T2,p0025,thy.pen,.,.,.,.,.,.,.,.,.,.,.,.,.,.,.,2,2,Nachu,
V18,2010-10-28,P1,p0043,tri.can,1,1,.,.,.,.,.,.,.,.,.,.,.,.,.,.,1,Diego,
V18,2010-10-28,P2,p0034,lar.div,2,700,300,.,.,.,.,.,.,.,.,.,.,.,.,.,1000,Diego,
V18,2010-10-28,P2,p0043,tri.can,2,1,2,.,.,.,.,.,.,.,.,.,.,.,.,.,3,Diego,
V18,2010-10-28,P5,p0034,lar.div,5,30,30,10,30,400,.,.,.,.,.,.,.,.,.,.,500,Diego,
V18,2010-10-28,P5,p0043,tri.can,2,1,2,.,.,.,.,.,.,.,.,.,.,.,.,.,3,Diego,
V18,2010-10-28,P6,p0034,lar.div,3,1,3,60,.,.,.,.,.,.,.,.,.,.,.,.,64,Diego,
V18,2010-10-28,P6,p0043,tri.can,1,3,.,.,.,.,.,.,.,.,.,.,.,.,.,.,3,Diego,
V18,2010-10-28,P6,p0059,des.sp1,.,.,.,.,.,.,.,.,.,.,.,.,.,.,.,20,20,Diego,
V18,2010-10-28,T1,p0006,men.dec,4,1,4,1,2,.,.,.,.,.,.,.,.,.,.,.,8,Diego,
V18,2010-10-28,T1,p0019,aca.ser,6,10,20,50,20,3,200,.,.,.,.,.,.,.,.,.,303,Diego,
V18,2010-10-28,T1,p0045,lar.cun,2,3,30,.,.,.,.,.,.,.,.,.,.,.,.,.,33,Diego,
V18,2010-10-28,T2,p0019,aca.ser,7,40,200,80,50,50,40,40,.,.,.,.,.,.,.,.,500,Diego,
V19,2010-10-28,P1,p0018,bud.men,1,500,.,.,.,.,.,.,.,.,.,.,.,.,.,.,500,Diego,
V19,2010-10-28,P1,p0019,aca.ser,60,200,100,100,200,400,.,.,.,.,.,.,.,.,.,.,12000,Diego,
V19,2010-10-28,P1,p0025,thy.pen,.,.,.,.,.,.,.,.,.,.,.,.,.,.,.,4,4,Diego,
V19,2010-10-28,P1,p0036,lec.het,1,1,.,.,.,.,.,.,.,.,.,.,.,.,.,.,1,Diego,
V19,2010-10-28,P1,p0037,opu.sul,1,1,.,.,.,.,.,.,.,.,.,.,.,.,.,.,1,Diego,Abriendo
V19,2010-10-28,P1,p0046,arj.lon,2,13,3,.,.,.,.,.,.,.,.,.,.,.,.,.,16,Diego,
V19,2010-10-28,P5,p0006,men.dec,40,2,6,1,7,1,2,3,7,4,7,.,.,.,.,.,160,Diego,
V19,2010-10-28,P5,p0021,sch.fas,3,4000,3000,500,.,.,.,.,.,.,.,.,.,.,.,.,7500,Diego,
V19,2010-10-28,P6,p0006,men.dec,18,.,.,.,.,.,.,.,.,.,.,.,.,.,.,.,72,Diego,Revisar numero de flores a partir de promedios
V19,2010-10-28,P6,p0006,men.dec,15,.,.,.,.,.,.,.,.,.,.,.,.,.,.,.,90,Diego,Revisar numero de flores a partir de promedios
V19,2010-10-28,P6,p0046,arj.lon,5,.,.,.,.,.,.,.,.,.,.,.,.,.,.,.,38.33,Diego,Revisar numero de flores a partir de promedios
V19,2010-10-28,P6,p0046,arj.lon,41,.,.,.,.,.,.,.,.,.,.,.,.,.,.,.,164,Diego,Revisar numero de flores a partir de promedios
V19,2010-10-28,T1,p0015,cer.arv,.,.,.,.,.,.,.,.,.,.,.,.,.,.,.,7,7,Diego,
V19,2010-10-28,T1,p0025,thy.pen,.,.,.,.,.,.,.,.,.,.,.,.,.,.,.,12,12,Diego,
V19,2010-10-28,T1,p0046,arj.lon,40,6,6,6,9,10,7,10,7,8,.,.,.,.,.,.,306.67,Diego,
V19,2010-10-28,T2,p0004,hel.don,1,1,.,.,.,.,.,.,.,.,.,.,.,.,.,.,1,Diego,
V19,2010-10-28,T2,p0006,men.dec,20,2,4,3,3,4,23,12,1,2,.,.,.,.,.,.,120,Diego,
V19,2010-10-28,T2,p0009,sen.aph,4,35,5,300,15,.,.,.,.,.,.,.,.,.,.,.,355,Diego,
V20,2010-10-28,P1,.,Nada,.,.,.,.,.,.,.,.,.,.,.,.,.,.,.,.,.,Diego,
V20,2010-10-28,P2,.,Nada,.,.,.,.,.,.,.,.,.,.,.,.,.,.,.,.,.,Diego,
V20,2010-10-28,P5,p0015,cer.arv,.,.,.,.,.,.,.,.,.,.,.,.,.,.,.,13,13,Diego,
V20,2010-10-28,P6,p0004,hel.don,1,1,.,.,.,.,.,.,.,.,.,.,.,.,.,.,1,Diego,
V20,2010-10-28,P6,p0021,sch.fas,1,350,.,.,.,.,.,.,.,.,.,.,.,.,.,.,350,Diego,
V20,2010-10-28,P6,p0035,lar.nit,2,150,50,.,.,.,.,.,.,.,.,.,.,.,.,.,200,Diego,
V20,2010-10-28,T1,.,Nada,.,.,.,.,.,.,.,.,.,.,.,.,.,.,.,.,.,Diego,
V20,2010-10-28,T2,.,Nada,.,.,.,.,.,.,.,.,.,.,.,.,.,.,.,.,.,Diego,
V21,2010-10-28,P1,p0004,hel.don,4,1,1,1,2,.,.,.,.,.,.,.,.,.,.,.,5,Diego,
V21,2010-10-28,P1,p0019,aca.ser,9,300,500,100,400,300,200,.,.,.,.,.,.,.,.,.,2700,Diego,
V21,2010-10-28,P1,p0025,thy.pen,.,.,.,.,.,.,.,.,.,.,.,.,.,.,.,35,35,Diego,
V21,2010-10-28,P1,p0097,mon.dyc,1,14,.,.,.,.,.,.,.,.,.,.,.,.,.,.,14,Diego,
V21,2010-10-28,P1,p0101,hof.er2,2,1,1,.,.,.,.,.,.,.,.,.,.,.,.,.,2,Diego,
V21,2010-10-28,P5,p0004,hel.don,10,1,1,1,1,2,2,3,1,1,1,.,.,.,.,.,14,Diego,
V21,2010-10-28,P5,p0093,den.rho,3,1,1,1,.,.,.,.,.,.,.,.,.,.,.,.,3,Diego,
V21,2010-10-28,P5,p0046,arj.lon,1,7,.,.,.,.,.,.,.,.,.,.,.,.,.,.,7,Diego,
V21,2010-10-28,T1,p0004,hel.don,4,1,1,1,1,.,.,.,.,.,.,.,.,.,.,.,4,Diego,
V21,2010-10-28,T1,p0025,thy.pen,.,.,.,.,.,.,.,.,.,.,.,.,.,.,.,4,4,Diego,
V21,2010-10-28,T1,p0094,lob.for,1,1,.,.,.,.,.,.,.,.,.,.,.,.,.,.,1,Diego,
V21,2010-10-28,T1,p0101,hof.er2,1,1,.,.,.,.,.,.,.,.,.,.,.,.,.,.,1,Diego,
V21,2010-10-28,T1,p0046,arj.lon,6,4,3,10,11,11,.,.,.,.,.,.,.,.,.,.,46.8,Diego,
V4,2010-10-28,P1,p0011,lyc.chi,2,2,12,.,.,.,.,.,.,.,.,.,.,.,.,.,14,Silvia ,
V4,2010-10-28,P1,p0019,aca.ser,30,7,20,3,6,4,.,.,.,.,.,.,.,.,.,.,240,Silvia ,
V4,2010-10-28,P1,p0023,cle.mon,.,.,.,.,.,.,.,.,.,.,.,.,.,.,.,3,3,Silvia ,
V4,2010-10-28,P1,p0025,thy.pen,.,.,.,.,.,.,.,.,.,.,.,.,.,.,.,20,20,Silvia ,
V4,2010-10-28,P1,p0034,lar.div,5,31,125,4,4,8,.,.,.,.,.,.,.,.,.,.,172,Silvia ,
V4,2010-10-28,P1,p0057,ero.cic,.,.,.,.,.,.,.,.,.,.,.,.,.,.,.,16,16,Silvia ,
V4,2010-10-28,P1,p0059,des.sp1,.,.,.,.,.,.,.,.,.,.,.,.,.,.,.,9,9,Silvia ,
V4,2010-10-28,P2,p0102,lap.red,.,.,.,.,.,.,.,.,.,.,.,.,.,.,.,20,20,Silvia ,celeste
V4,2010-10-28,P2,p0006,men.dec,2,2,2,.,.,.,.,.,.,.,.,.,.,.,.,.,4,Silvia ,
V4,2010-10-28,P2,p0019,aca.ser,53,60,50,7,300,26,.,.,.,.,.,.,.,.,.,.,4695.8,Silvia ,
V4,2010-10-28,P2,p0021,sch.fas,1,500,.,.,.,.,.,.,.,.,.,.,.,.,.,.,500,Silvia ,
V4,2010-10-28,P2,p0027,bou.spi,1,550,.,.,.,.,.,.,.,.,.,.,.,.,.,.,550,Silvia ,
V4,2010-10-28,P2,p0034,lar.div,2,175,10.56,.,.,.,.,.,.,.,.,.,.,.,.,.,185.56,Silvia ,
V4,2010-10-28,P2,p0046,arj.lon,.,.,.,.,.,.,.,.,.,.,.,.,.,.,.,8,8,Silvia ,
V4,2010-10-28,P2,p0057,ero.cic,.,.,.,.,.,.,.,.,.,.,.,.,.,.,.,280,280,Silvia ,
V4,2010-10-28,P2,p0059,des.sp1,.,.,.,.,.,.,.,.,.,.,.,.,.,.,.,67,67,Silvia ,
V4,2010-10-28,P5,p0006,men.dec,10,2,2,2,1,2,1,.,.,.,.,.,.,.,.,.,16.67,Nachu,
V4,2010-10-28,P5,p0011,lyc.chi,1,6,.,.,.,.,.,.,.,.,.,.,.,.,.,.,6,Nachu,
V4,2010-10-28,P5,p0019,aca.ser,10,60,120,40,20,10,.,.,.,.,.,.,.,.,.,.,500,Nachu,
V4,2010-10-28,P5,p0032,con.mic,1,400,.,.,.,.,.,.,.,.,.,.,.,.,.,.,400,Nachu,
V4,2010-10-28,P5,p0034,lar.div,5,14,4,3,1,25,.,.,.,.,.,.,.,.,.,.,47,Nachu,
V4,2010-10-28,P5,p0057,ero.cic,.,.,.,.,.,.,.,.,.,.,.,.,.,.,.,4,4,Nachu,
V4,2010-10-28,P6,p0006,men.dec,26,2,2,1,1,2,3,.,.,.,.,.,.,.,.,.,47.67,Nachu,
V4,2010-10-28,P6,p0019,aca.ser,94,250,70,10,20,200,30,.,.,.,.,.,.,.,.,.,9086.67,Nachu,
V4,2010-10-28,P6,p0034,lar.div,.,.,.,.,.,.,.,.,.,.,.,.,.,.,.,.,.,Nachu,
V4,2010-10-28,P6,p0046,arj.lon,.,.,.,.,.,.,.,.,.,.,.,.,.,.,.,215,215,Nachu,
V4,2010-10-28,P6,p0050,hys.jas,.,.,.,.,.,.,.,.,.,.,.,.,.,.,.,3,3,Nachu,
V4,2010-10-28,P6,p0057,ero.cic,.,.,.,.,.,.,.,.,.,.,.,.,.,.,.,16,16,Nachu,
V4,2010-10-28,P6,p0101,hof.er2,.,.,.,.,.,.,.,.,.,.,.,.,.,.,.,16,16,Nachu,
V4,2010-10-28,P6,p0025,thy.pen,.,.,.,.,.,.,.,.,.,.,.,.,.,.,.,1,1,Nachu,
V4,2010-10-28,T1,p0102,lap.red,.,.,.,.,.,.,.,.,.,.,.,.,.,.,.,3,3,Silvia ,celeste
V4,2010-10-28,T1,p0102,lap.red,.,.,.,.,.,.,.,.,.,.,.,.,.,.,.,31,31,Silvia ,blanca
V4,2010-10-28,T1,p0006,men.dec,10,1,3,1,5,1,2,.,.,.,.,.,.,.,.,.,21.67,Silvia ,
V4,2010-10-28,T1,p0019,aca.ser,22,53,6,6,28,10,107,.,.,.,.,.,.,.,.,.,770,Silvia ,
V4,2010-10-28,T1,p0025,thy.pen,.,.,.,.,.,.,.,.,.,.,.,.,.,.,.,1,1,Silvia ,
V4,2010-10-28,T1,p0034,lar.div,4,3,3.6,19,1.5,.,.,.,.,.,.,.,.,.,.,.,27.1,Silvia ,
V4,2010-10-28,T1,p0057,ero.cic,.,.,.,.,.,.,.,.,.,.,.,.,.,.,.,28,28,Silvia ,
V4,2010-10-28,T1,p0059,des.sp1,.,.,.,.,.,.,.,.,.,.,.,.,.,.,.,58,58,Silvia ,
V4,2010-10-28,T2,p0102,lap.red,.,.,.,.,.,.,.,.,.,.,.,.,.,.,.,26,26,Nachu,celeste
V4,2010-10-28,T2,p0006,men.dec,35,2,1,1,1,2,2,1,4,3,.,.,.,.,.,.,66.11,Nachu,
V4,2010-10-28,T2,p0019,aca.ser,45,800,800,300,400,200,.,.,.,.,.,.,.,.,.,.,22500,Nachu,
V4,2010-10-28,T2,p0034,lar.div,6,2,1,16,30,1,2,.,.,.,.,.,.,.,.,.,52,Nachu,
V4,2010-10-28,T2,p0047,dyp.gla,1,1,.,.,.,.,.,.,.,.,.,.,.,.,.,.,1,Nachu,
V4,2010-10-28,T2,p0057,ero.cic,.,.,.,.,.,.,.,.,.,.,.,.,.,.,.,124,124,Nachu,
V4,2010-10-28,T2,p0059,des.sp1,.,.,.,.,.,.,.,.,.,.,.,.,.,.,.,13,13,Nachu,
V4,2010-10-28,T2,p0101,hof.er2,.,.,.,.,.,.,.,.,.,.,.,.,.,.,.,2,2,Nachu,
V4,2010-10-28,T2,p0025,thy.pen,.,.,.,.,.,.,.,.,.,.,.,.,.,.,.,15,15,Nachu,
V1,2010-11-05,P1,p0021,sch.fas,1,52.8,.,.,.,.,.,.,.,.,.,.,.,.,.,.,52.8,Nydia,
V1,2010-11-05,P1,p0034,Lar.div,7,1200,700,5,2500,1200,.,.,.,.,.,.,.,.,.,.,7847,Nydia,
V1,2010-11-05,P2,p0006,men.dec,14,3,2,3,8,1,.,.,.,.,.,.,.,.,.,.,47.6,Nydia,
V1,2010-11-05,P2,p0009,sen.aph,9,19,2,20,13,2.7,.,.,.,.,.,.,.,.,.,.,102.06,Nydia,
V1,2010-11-05,P2,p0019,aca.ser,14,5,13,6,20,6,.,.,.,.,.,.,.,.,.,.,140,Nydia,
V1,2010-11-05,P2,p0025,thy.pen,.,.,.,.,.,.,.,.,.,.,.,.,.,.,.,63,63,Nydia,
V1,2010-11-05,P2,p0034,lar.div,2,14,29,.,.,.,.,.,.,.,.,.,.,.,.,.,43,Nydia,
V1,2010-11-05,P2,p0038,pro.fle,1,56,.,.,.,.,.,.,.,.,.,.,.,.,.,.,56,Nydia,"56 vainas 106 flores, 57 flores + 109 flores "
V1,2010-11-05,P2,p0046,arj.lon,.,.,.,.,.,.,.,.,.,.,.,.,.,.,.,4,4,Nydia,
V1,2010-11-05,P5,p0003,zuc.pun,1,140,.,.,.,.,.,.,.,.,.,.,.,.,.,.,140,Nydia,
V1,2010-11-05,P5,p0034,lar.div,9,15000,6000,35,2500,1700,.,.,.,.,.,.,.,.,.,.,45423,Nydia,
V1,2010-11-05,P6,p0003,zuc.pun,1,140,.,.,.,.,.,.,.,.,.,.,.,.,.,.,140,Nydia,
V1,2010-11-05,P6,p0006,men.dec,127,3,12,2,1,8,.,.,.,.,.,.,.,.,.,.,660.4,Nydia,
V1,2010-11-05,P6,p0009,sen.aph,5,89,17,36,3,25,.,.,.,.,.,.,.,.,.,.,170,Nydia,
V1,2010-11-05,P6,p0019,aca.ser,14,5,17,38,6,15,.,.,.,.,.,.,.,.,.,.,226.8,Nydia,
V1,2010-11-05,P6,p0025,thy.pen,.,.,.,.,.,.,.,.,.,.,.,.,.,.,.,2,2,Nydia,
V1,2010-11-05,P6,p0051,mon.aph,1,170,.,.,.,.,.,.,.,.,.,.,.,.,.,.,170,Nydia,
V1,2010-11-05,P6,p0101,hof.er2,.,.,.,.,.,.,.,.,.,.,.,.,.,.,.,3,3,Nydia,
V1,2010-11-05,T1,p0003,zuc.pun,1,17,.,.,.,.,.,.,.,.,.,.,.,.,.,.,17,Nydia,
V1,2010-11-05,T1,p0006,men.dec,112,5,3,1,1,1,.,.,.,.,.,.,.,.,.,.,246.4,Nydia,
V1,2010-11-05,T1,p0009,sen.aph,5,210,54,10,219,370,.,.,.,.,.,.,.,.,.,.,863,Nydia,
V1,2010-11-05,T1,p0019,aca.ser,58,1,3,6,12,6,.,.,.,.,.,.,.,.,.,.,324.8,Nydia,
V1,2010-11-05,T1,p0025,thy.pen,.,.,.,.,.,.,.,.,.,.,.,.,.,.,.,14,14,Nydia,
V1,2010-11-05,T1,p0050,hys.jas,.,.,.,.,.,.,.,.,.,.,.,.,.,.,.,2,2,Nydia,
V1,2010-11-05,T1,p0051,mon.aph,1,220,.,.,.,.,.,.,.,.,.,.,.,.,.,.,220,Nydia,
V1,2010-11-05,T2,p0006,men.dec,120,1,1,2,1,1,.,.,.,.,.,.,.,.,.,.,144,Nydia,
V1,2010-11-05,T2,p0019,aca.ser,86,1200,1500,500,300,800,.,.,.,.,.,.,.,.,.,.,73960,Nydia,
V1,2010-11-05,T2,p0025,thy.pen,.,.,.,.,.,.,.,.,.,.,.,.,.,.,.,15,15,Nydia,
V1,2010-11-05,T2,p0034,lar.div,15,6,22.5,60,20,50,.,.,.,.,.,.,.,.,.,.,475.5,Nydia,
V1,2010-11-05,T2,p0057,ero.cic,.,.,.,.,.,.,.,.,.,.,.,.,.,.,.,76,76,Nydia,
V1,2010-11-05,T2,p0059,des.sp1,.,.,.,.,.,.,.,.,.,.,.,.,.,.,.,8,8,Nydia,
V1,2010-11-05,T2,p0101,hof.er2,.,.,.,.,.,.,.,.,.,.,.,.,.,.,.,16,16,Nydia,
V18,2010-11-05,.,p0051,mon.aph,.,.,.,.,.,.,.,.,.,.,.,.,.,.,.,.,.,Diego,fuera parcela
V18,2010-11-05,P1,p0003,zuc.pun,5,50,80,10,25,75,.,.,.,.,.,.,.,.,.,.,240,Diego,
V18,2010-11-05,P1,p0034,lar.div,1,20,.,.,.,.,.,.,.,.,.,.,.,.,.,.,20,Diego,
V18,2010-11-05,P2,p0003,zuc.pun,1,20,.,.,.,.,.,.,.,.,.,.,.,.,.,.,20,Diego,
V18,2010-11-05,P2,p0009,sen.aph,1,2,.,.,.,.,.,.,.,.,.,.,.,.,.,.,2,Diego,
V18,2010-11-05,P2,p0034,lar.div,2,900,1000,.,.,.,.,.,.,.,.,.,.,.,.,.,1900,Diego,
V18,2010-11-05,P5,p0006,men.dec,1,8,.,.,.,.,.,.,.,.,.,.,.,.,.,.,8,Diego,
V18,2010-11-05,P5,p0034,lar.div,8,50,600,100,200,100,750,200,100,.,.,.,.,.,.,.,2100,Diego,
V18,2010-11-05,P5,p0037,opu.sul,1,2,.,.,.,.,.,.,.,.,.,.,.,.,.,.,2,Diego,
V18,2010-11-05,P6,p0003,zuc.pun,1,100,.,.,.,.,.,.,.,.,.,.,.,.,.,.,100,Diego,
V18,2010-11-05,P6,p0034,lar.div,8,600,150,40,300,266.67,200,150,100,.,.,.,.,.,.,.,1806.67,Diego,
V18,2010-11-05,T1,p0003,zuc.pun,2,10,10,.,.,.,.,.,.,.,.,.,.,.,.,.,20,Diego,
V18,2010-11-05,T1,p0006,men.dec,6,10,1,4,3,4,3,.,.,.,.,.,.,.,.,.,25,Diego,
V18,2010-11-05,T1,p0019,aca.ser,3,20,60,30,.,.,.,.,.,.,.,.,.,.,.,.,110,Diego,
V18,2010-11-05,T1,p0034,lar.div,1,25,.,.,.,.,.,.,.,.,.,.,.,.,.,.,25,Diego,
V18,2010-11-05,T2,p0003,zuc.pun,5,10,50,5,25,20,.,.,.,.,.,.,.,.,.,.,110,Diego,
V18,2010-11-05,T2,p0019,aca.ser,4,100,150,70,80,.,.,.,.,.,.,.,.,.,.,.,400,Diego,
V18,2010-11-05,T2,p0034,lar.div,1,25,.,.,.,.,.,.,.,.,.,.,.,.,.,.,25,Diego,
V20,2010-11-05,.,p0017,sal.gil,.,.,.,.,.,.,.,.,.,.,.,.,.,.,.,.,.,Diego,fuera parcela
V20,2010-11-05,.,p0032,con.mic,.,.,.,.,.,.,.,.,.,.,.,.,.,.,.,.,.,Diego,fuera parcela
V20,2010-11-05,P1,p0018,bud.men,1,300,.,.,.,.,.,.,.,.,.,.,.,.,.,.,300,Diego,
V20,2010-11-05,P1,p0019,aca.ser,35,400,250,100,300,100,50,60,100,.,.,.,.,.,.,.,5950,Diego,
V20,2010-11-05,P1,p0021,sch.fas,3,350,50,1000,.,.,.,.,.,.,.,.,.,.,.,.,1400,Diego,
V20,2010-11-05,P1,p0025,thy.pen,.,.,.,.,.,.,.,.,.,.,.,.,.,.,.,2,2,Diego,
V20,2010-11-05,P1,p0046,arj.lon,2,10,5,.,.,.,.,.,.,.,.,.,.,.,.,.,15,Diego,
V20,2010-11-05,P2,.,bacch.,6,300,250,300,200,150,80,.,.,.,.,.,.,.,.,.,1280,Diego,
V20,2010-11-05,P2,p0006,men.dec,46,.,.,.,.,.,.,.,.,.,.,.,.,.,.,.,414,Diego,Revisar numero de flores a partir de promedios
V20,2010-11-05,P2,p0046,arj.lon,22,.,.,.,.,.,.,.,.,.,.,.,.,.,.,.,124.67,Diego,Revisar numero de flores a partir de promedios
V20,2010-11-05,P5,p0006,men.dec,56,.,.,.,.,.,.,.,.,.,.,.,.,.,.,.,212.8,Diego,Revisar numero de flores a partir de promedios
V20,2010-11-05,P5,p0015,cer.arv,.,.,.,.,.,.,.,.,.,.,.,.,.,.,.,86,86,Diego,
V20,2010-11-05,P5,p0021,sch.fas,1,800,.,.,.,.,.,.,.,.,.,.,.,.,.,.,800,Diego,
V20,2010-11-05,P6,p0006,men.dec,33,30,30,35,15,27,8,21,25,1,7,.,.,.,.,.,656.7,Diego,
V20,2010-11-05,P6,p0021,sch.fas,1,200,.,.,.,.,.,.,.,.,.,.,.,.,.,.,200,Diego,
V20,2010-11-05,P6,p0035,lar.nit,3,40,50,30,.,.,.,.,.,.,.,.,.,.,.,.,120,Diego,
V20,2010-11-05,P6,p0101,hof.er2,1,1,.,.,.,.,.,.,.,.,.,.,.,.,.,.,1,Diego,
V20,2010-11-05,P6,p0046,arj.lon,1,5,.,.,.,.,.,.,.,.,.,.,.,.,.,.,5,Diego,
V20,2010-11-05,T1,p0006,men.dec,12,5,2,1,1,2,2,9,2,2,12,.,.,.,.,.,45.6,Diego,
V20,2010-11-05,T1,p0025,thy.pen,.,.,.,.,.,.,.,.,.,.,.,.,.,.,.,17,17,Diego,
V20,2010-11-05,T1,p0064,pol.sp,2,18,9,.,.,.,.,.,.,.,.,.,.,.,.,.,27,Diego,
V20,2010-11-05,T1,p0101,hof.er2,1,2,.,.,.,.,.,.,.,.,.,.,.,.,.,.,2,Diego,
V20,2010-11-05,T1,p0046,arj.lon,24,6,5,8,4,3,7,4,6,8,.,.,.,.,.,.,136,Diego,
V20,2010-11-05,T1,.,Nada,.,.,.,.,.,.,.,.,.,.,.,.,.,.,.,.,0,Diego,
V20,2010-11-05,T2,.,bacch.,5,40,20,40,30,25,.,.,.,.,.,.,.,.,.,.,155,Diego,
V20,2010-11-05,T2,p0004,hel.don,1,1,.,.,.,.,.,.,.,.,.,.,.,.,.,.,1,Diego,
V20,2010-11-05,T2,p0006,men.dec,35,5,2,18,22,5,8,5,10,8,7,.,.,.,.,.,315,Diego,
V20,2010-11-05,T2,p0009,sen.aph,4,75,125,60,20,.,.,.,.,.,.,.,.,.,.,.,280,Diego,
V20,2010-11-05,T2,p0021,sch.fas,2,600,60,.,.,.,.,.,.,.,.,.,.,.,.,.,660,Diego,
V20,2010-11-05,T2,p0032,con.mic,1,100,.,.,.,.,.,.,.,.,.,.,.,.,.,.,100,Diego,
V4,2010-11-05,P1,p0011,lyc.chi,.,.,.,.,.,.,.,.,.,.,.,.,.,.,.,9,9,Nydia,
V4,2010-11-05,P1,p0019,aca.ser,89,11,21,37,35,62,.,.,.,.,.,.,.,.,.,.,2954.8,Nydia,
V4,2010-11-05,P1,p0034,lar.div,19,16,5,310,280,110,.,.,.,.,.,.,.,.,.,.,2739.8,Nydia,
V4,2010-11-05,P1,p0057,ero.cic,.,.,.,.,.,.,.,.,.,.,.,.,.,.,.,8,8,Nydia,
V4,2010-11-05,P2,p0006,men.dec,11,14,17,10,7,6,.,.,.,.,.,.,.,.,.,.,118.8,Nydia,
V4,2010-11-05,P2,p0019,aca.ser,66,2000,570,36,400,40,.,.,.,.,.,.,.,.,.,.,40207.2,Nydia,
V4,2010-11-05,P2,p0021,sch.fas,1,50,.,.,.,.,.,.,.,.,.,.,.,.,.,.,50,Nydia,
V4,2010-11-05,P2,p0025,thy.pen,.,.,.,.,.,.,.,.,.,.,.,.,.,.,.,1,1,Nydia,
V4,2010-11-05,P2,p0027,bou.spi,1,2.5,.,.,.,.,.,.,.,.,.,.,.,.,.,.,2.5,Nydia,
V4,2010-11-05,P2,p0034,lar.div,6,9,130,3000,485,260,.,.,.,.,.,.,.,.,.,.,4660.8,Nydia,
V4,2010-11-05,P2,p0054,sph.min,.,.,.,.,.,.,.,.,.,.,.,.,.,.,.,2,2,Nydia,
V4,2010-11-05,P2,p0057,ero.cic,.,.,.,.,.,.,.,.,.,.,.,.,.,.,.,75,75,Nydia,
V4,2010-11-05,P2,p0059,des.sp1,.,.,.,.,.,.,.,.,.,.,.,.,.,.,.,1,1,Nydia,
V4,2010-11-05,P2,p0102,lap.red,.,.,.,.,.,.,.,.,.,.,.,.,.,.,.,6,6,Nydia,azul
V4,2010-11-05,P5,p0003,zuc.pun,1,80,.,.,.,.,.,.,.,.,.,.,.,.,.,.,80,Diego,
V4,2010-11-05,P5,p0003,zuc.pun,1,80,.,.,.,.,.,.,.,.,.,.,.,.,.,.,80,Nydia,
V4,2010-11-05,P5,p0006,men.dec,30,25,15,13,5,17,.,.,.,.,.,.,.,.,.,.,450,Diego,
V4,2010-11-05,P5,p0006,men.dec,30,4,1,2,3,1,1,.,.,.,.,.,.,.,.,.,60,Nydia,
V4,2010-11-05,P5,p0019,aca.ser,29,.,.,.,.,.,.,.,.,.,.,.,.,.,.,.,8347.86,Diego,Revisar numero de flores a partir de promedios
V4,2010-11-05,P5,p0019,aca.ser,29,300,200,250,700,506,.,.,.,.,.,.,.,.,.,.,11344.8,Nydia,
V4,2010-11-05,P5,p0034,lar.div,9,600,200,250,700,500,.,.,.,.,.,.,.,.,.,.,4050,Diego,
V4,2010-11-05,P5,p0034,lar.div,9,25,15,13,5,17,.,.,.,.,.,.,.,.,.,.,135,Nydia,
V4,2010-11-05,P5,p0101,hof.er2,6,4,1,2,3,1,1,.,.,.,.,.,.,.,.,.,12,Diego,
V4,2010-11-05,P5,p0101,hof.er2,.,.,.,.,.,.,.,.,.,.,.,.,.,.,.,6,6,Nydia,
V4,2010-11-05,P6,p0003,zuc.pun,6,12,50,2,15,70,20,.,.,.,.,.,.,.,.,.,169,Diego,
V4,2010-11-05,P6,p0003,zuc.pun,6,1.2,50,2,15,70,20,.,.,.,.,.,.,.,.,.,158.2,Nydia,
V4,2010-11-05,P6,p0004,hel.don,6,1,1,1,1,3,1,.,.,.,.,.,.,.,.,.,8,Diego,
V4,2010-11-05,P6,p0004,hel.don,6,1,1,1,3,1,.,.,.,.,.,.,.,.,.,.,8.4,Nydia,
V4,2010-11-05,P6,p0006,men.dec,35,2,3,1,2,5,2,.,.,.,.,.,.,.,.,.,87.5,Diego,
V4,2010-11-05,P6,p0006,men.dec,35,2,3,1,2,5,2,.,.,.,.,.,.,.,.,.,87.5,Nydia,
V4,2010-11-05,P6,p0019,aca.ser,45,140,150,600,650,100,75,300,.,.,.,.,.,.,.,.,12953.57,Diego,
V4,2010-11-05,P6,p0019,aca.ser,45,140,150,600,650,100,75,.,.,.,.,.,.,.,.,.,12862.5,Nydia,
V4,2010-11-05,P6,p0101,hof.er2,8,2,3,2,2,2,2,.,.,.,.,.,.,.,.,.,17.33,Diego,
V4,2010-11-05,P6,p0101,hof.er2,.,.,.,.,.,.,.,.,.,.,.,.,.,.,.,15,15,Nydia,
V4,2010-11-05,T1,p0006,men.dec,39,5,1,23,17,2,.,.,.,.,.,.,.,.,.,.,374.4,Nydia,
V4,2010-11-05,T1,p0019,aca.ser,47,250,42,120,340,200,.,.,.,.,.,.,.,.,.,.,8948.8,Nydia,
V4,2010-11-05,T1,p0025,thy.pen,.,.,.,.,.,.,.,.,.,.,.,.,.,.,.,2,2,Nydia,
V4,2010-11-05,T1,p0034,lar.div,17,575,48,190,6,125,.,.,.,.,.,.,.,.,.,.,3209.6,Nydia,
V4,2010-11-05,T2,p0006,men.dec,152,2,1,12,4,3,.,.,.,.,.,.,.,.,.,.,668.8,Nydia,
V4,2010-11-05,T2,p0019,aca.ser,80,700,1314,300,320,400,.,.,.,.,.,.,.,.,.,.,48544,Nydia,
V4,2010-11-05,T2,p0025,thy.pen,.,.,.,.,.,.,.,.,.,.,.,.,.,.,.,23,23,Nydia,
V4,2010-11-05,T2,p0034,lar.div,17,97,42,120,30,100,.,.,.,.,.,.,.,.,.,.,1322.6,Nydia,
V4,2010-11-05,T2,p0047,dyp.gla,1,215,.,.,.,.,.,.,.,.,.,.,.,.,.,.,215,Nydia,
V4,2010-11-05,T2,p0057,ero.cic,.,.,.,.,.,.,.,.,.,.,.,.,.,.,.,49,49,Nydia,
V4,2010-11-05,T2,p0059,des.sp1,.,.,.,.,.,.,.,.,.,.,.,.,.,.,.,3,3,Nydia,
V4,2010-11-05,T2,p0101,hof.er2,.,.,.,.,.,.,.,.,.,.,.,.,.,.,.,26,26,Nydia,
V1,2010-11-10,P1,p0034,lar.div,6,320,50,980,2100,12,.,.,.,.,.,.,.,.,.,.,4154.4,Nydia,
V1,2010-11-10,P1,p0035,lar.nit,1,1,.,.,.,.,.,.,.,.,.,.,.,.,.,.,1,Nydia,
V1,2010-11-10,P1,p0037,opu.sul,3,1,5,1,.,.,.,.,.,.,.,.,.,.,.,.,7,Nydia,
V1,2010-11-10,P2,p0003,zuc.pun,3,2,270,97.5,.,.,.,.,.,.,.,.,.,.,.,.,369.5,Nydia,
V1,2010-11-10,P2,p0003,zuc.pun,1,15,.,.,.,.,.,.,.,.,.,.,.,.,.,.,15,Nydia,
V1,2010-11-10,P2,p0004,hel.don,2,3,1,.,.,.,.,.,.,.,.,.,.,.,.,.,4,Nydia,
V1,2010-11-10,P2,p0006,men.dec,42,5,1,1,3,2,.,.,.,.,.,.,.,.,.,.,100.8,Nydia,
V1,2010-11-10,P2,p0009,sen.aph,17,26,11,17,8,230,.,.,.,.,.,.,.,.,.,.,992.8,Nydia,
V1,2010-11-10,P2,p0009,sen.aph,1,2,.,.,.,.,.,.,.,.,.,.,.,.,.,.,2,Nydia,
V1,2010-11-10,P2,p0025,thy.pen,.,.,.,.,.,.,.,.,.,.,.,.,.,.,.,24,24,Nydia,
V1,2010-11-10,P2,p0034,lar.div,3,14,105,73.5,.,.,.,.,.,.,.,.,.,.,.,.,192.5,Nydia,
V1,2010-11-10,P2,p0038,pro.fle,2,1980,55000,.,.,.,.,.,.,.,.,.,.,.,.,.,56980,Nydia,
V1,2010-11-10,P2,p0038,pro.fle,4,400,3400,400,2000,.,.,.,.,.,.,.,.,.,.,.,6200,Nydia,
V1,2010-11-10,P5,.,Nada,.,.,.,.,.,.,.,.,.,.,.,.,.,.,.,.,.,Nydia,
V1,2010-11-10,P5,p0003,zuc.pun,1,170,.,.,.,.,.,.,.,.,.,.,.,.,.,.,170,Nydia,
V1,2010-11-10,P5,p0006,men.dec,11,1,1,2,7,1,.,.,.,.,.,.,.,.,.,.,26.4,Nydia,
V1,2010-11-10,P5,p0034,lar.div,12,120,7000,2000,2500,700,.,.,.,.,.,.,.,.,.,.,29568,Nydia,
V1,2010-11-10,P6,p0003,zuc.pun,7,140,60,4,600,42,.,.,.,.,.,.,.,.,.,.,1184.4,Nydia,
V1,2010-11-10,P6,p0003,zuc.pun,4,25,3,7,60,.,.,.,.,.,.,.,.,.,.,.,95,Nydia,
V1,2010-11-10,P6,p0006,men.dec,132,7,38,2,4,2,.,.,.,.,.,.,.,.,.,.,1399.2,Nydia,
V1,2010-11-10,P6,p0009,sen.aph,3,22,78,90,.,.,.,.,.,.,.,.,.,.,.,.,190,Nydia,
V1,2010-11-10,P6,p0009,sen.aph,1,1,.,.,.,.,.,.,.,.,.,.,.,.,.,.,1,Nydia,
V1,2010-11-10,P6,p0038,pro.fle,3,1300,6000,14400,.,.,.,.,.,.,.,.,.,.,.,.,21700,Nydia,
V1,2010-11-10,P6,p0051,mon.aph,1,520,.,.,.,.,.,.,.,.,.,.,.,.,.,.,520,Nydia,
V1,2010-11-10,T1,p0003,zuc.pun,2,35,150,.,.,.,.,.,.,.,.,.,.,.,.,.,185,Nydia,
V1,2010-11-10,T1,p0003,zuc.pun,2,3,14,.,.,.,.,.,.,.,.,.,.,.,.,.,17,Nydia,
V1,2010-11-10,T1,p0006,men.dec,173,17,15,7,4,36,.,.,.,.,.,.,.,.,.,.,2733.4,Nydia,
V1,2010-11-10,T1,p0009,sen.aph,13,705,2,10,21,3,.,.,.,.,.,.,.,.,.,.,1926.6,Nydia,
V1,2010-11-10,T1,p0051,mon.aph,2,15,47,.,.,.,.,.,.,.,.,.,.,.,.,.,62,Nydia,
V1,2010-11-10,T2,p0034,lar.div,1,32,.,.,.,.,.,.,.,.,.,.,.,.,.,.,32,Nydia,
V4,2010-11-10,P1,p0003,zuc.pun,5,11.25,380,24,10,1,.,.,.,.,.,.,.,.,.,.,426.25,Nydia,
V4,2010-11-10,P1,p0003,zuc.pun,1,4,.,.,.,.,.,.,.,.,.,.,.,.,.,.,4,Nydia,
V4,2010-11-10,P1,p0019,aca.ser,98,12,5,25,8,6,.,.,.,.,.,.,.,.,.,.,1097.6,Nydia,
V4,2010-11-10,P1,p0025,thy.pen,.,.,.,.,.,.,.,.,.,.,.,.,.,.,.,22,22,Nydia,
V4,2010-11-10,P1,p0034,lar.div,24,25,60,119,14,23,.,.,.,.,.,.,.,.,.,.,1156.8,Nydia,
V4,2010-11-10,P1,p0054,sph.min,.,.,.,.,.,.,.,.,.,.,.,.,.,.,.,2,2,Nydia,
V4,2010-11-10,P2,p0006,men.dec,31,9,17,2,2,7,.,.,.,.,.,.,.,.,.,.,229.4,Nydia,
V4,2010-11-10,P2,p0019,aca.ser,58,2400,15,6,12,48,.,.,.,.,.,.,.,.,.,.,28779.6,Nydia,
V4,2010-11-10,P2,p0021,sch.fas,1,240,.,.,.,.,.,.,.,.,.,.,.,.,.,.,240,Nydia,
V4,2010-11-10,P2,p0025,thy.pen,.,.,.,.,.,.,.,.,.,.,.,.,.,.,.,2,2,Nydia,
V4,2010-11-10,P2,p0034,lar.div,9,34,86,14,1025,9.8,.,.,.,.,.,.,.,.,.,.,2103.84,Nydia,
V4,2010-11-10,P2,p0037,opu.sul,2,2,1,.,.,.,.,.,.,.,.,.,.,.,.,.,3,Nydia,
V4,2010-11-10,P2,p0054,sph.min,.,.,.,.,.,.,.,.,.,.,.,.,.,.,.,10,10,Nydia,
V4,2010-11-10,P2,p0072,pla.pat,.,.,.,.,.,.,.,.,.,.,.,.,.,.,.,3,3,Nydia,espigas
V4,2010-11-10,P5,p0003,zuc.pun,3,36,185,2000,.,.,.,.,.,.,.,.,.,.,.,.,2221,Nydia,
V4,2010-11-10,P5,p0003,zuc.pun,1,15,.,.,.,.,.,.,.,.,.,.,.,.,.,.,15,Nydia,
V4,2010-11-10,P5,p0004,hel.don,1,1,.,.,.,.,.,.,.,.,.,.,.,.,.,.,1,Nydia,
V4,2010-11-10,P5,p0006,men.dec,35,14,5,27,9,12,.,.,.,.,.,.,.,.,.,.,469,Nydia,
V4,2010-11-10,P5,p0019,aca.ser,4,47,19,34,3,.,.,.,.,.,.,.,.,.,.,.,103,Nydia,
V4,2010-11-10,P5,p0034,lar.div,14,19,1000,15,600,105,.,.,.,.,.,.,.,.,.,.,4869.2,Nydia,
V4,2010-11-10,P6,p0003,zuc.pun,11,620,4,12.5,570,470,.,.,.,.,.,.,.,.,.,.,3688.3,Nydia,
V4,2010-11-10,P6,p0003,zuc.pun,1,3,.,.,.,.,.,.,.,.,.,.,.,.,.,.,3,Nydia,
V4,2010-11-10,P6,p0006,men.dec,147,12,3,2,13,5,.,.,.,.,.,.,.,.,.,.,1029,Nydia,
V4,2010-11-10,P6,p0019,aca.ser,64,2,43,20,5,70,.,.,.,.,.,.,.,.,.,.,1792,Nydia,
V4,2010-11-10,P6,p0025,thy.pen,.,.,.,.,.,.,.,.,.,.,.,.,.,.,.,5,5,Nydia,
V4,2010-11-10,P6,p0034,lar.div,1,18,.,.,.,.,.,.,.,.,.,.,.,.,.,.,18,Nydia,
V4,2010-11-10,P6,p0037,opu.sul,1,1,.,.,.,.,.,.,.,.,.,.,.,.,.,.,1,Nydia,
V4,2010-11-10,P6,p0050,hys.jas,.,.,.,.,.,.,.,.,.,.,.,.,.,.,.,37,37,Nydia,
V4,2010-11-10,T1,p0006,men.dec,27,5,20,64,23,5,.,.,.,.,.,.,.,.,.,.,631.8,Nydia,
V4,2010-11-10,T1,p0019,aca.ser,20,5,70,50,40,20,.,.,.,.,.,.,.,.,.,.,740,Nydia,
V4,2010-11-10,T1,p0025,thy.pen,.,.,.,.,.,.,.,.,.,.,.,.,.,.,.,3,3,Nydia,
V4,2010-11-10,T1,p0034,lar.div,19,90,15,200,260,23,.,.,.,.,.,.,.,.,.,.,2234.4,Nydia,
V4,2010-11-10,T1,p0037,opu.sul,4,1,1,1,2,.,.,.,.,.,.,.,.,.,.,.,5,Nydia,
V4,2010-11-10,T2,p0004,hel.don,1,3,.,.,.,.,.,.,.,.,.,.,.,.,.,.,3,Nydia,
V4,2010-11-10,T2,p0006,men.dec,113,2,3,16,9,2,.,.,.,.,.,.,.,.,.,.,723.2,Nydia,
V4,2010-11-10,T2,p0019,aca.ser,49,5,7,3,8,2,.,.,.,.,.,.,.,.,.,.,245,Nydia,
V4,2010-11-10,T2,p0025,thy.pen,.,.,.,.,.,.,.,.,.,.,.,.,.,.,.,4,4,Nydia,
V4,2010-11-10,T2,p0034,lar.div,17,1800,1,9,13,35.25,.,.,.,.,.,.,.,.,.,.,6318.05,Nydia,
V4,2010-11-10,T2,p0037,opu.sul,2,1,1,.,.,.,.,.,.,.,.,.,.,.,.,.,2,Nydia,
V4,2010-11-10,T2,p0047,dyp.gla,1,15,.,.,.,.,.,.,.,.,.,.,.,.,.,.,15,Nydia,
V4,2010-11-10,T2,p0050,hys.jas,.,.,.,.,.,.,.,.,.,.,.,.,.,.,.,4,4,Nydia,
V4,2010-11-10,T2,p0101,hof.er2,.,.,.,.,.,.,.,.,.,.,.,.,.,.,.,8,8,Nydia,
V1,2010-11-19,P1,p0034,lar.div,8,300,50,50,20,250,750,300,100,.,.,.,.,.,.,.,1820,Diego,
V1,2010-11-19,P1,p0037,opu.sul,2,3,3,.,.,.,.,.,.,.,.,.,.,.,.,.,6,Diego,
V1,2010-11-19,P2,p0003,zuc.pun,3,25,500,300,.,.,.,.,.,.,.,.,.,.,.,.,825,Diego,
V1,2010-11-19,P2,p0003,zuc.pun,2,16.5,34,.,.,.,.,.,.,.,.,.,.,.,.,.,50.5,Silvia ,
V1,2010-11-19,P2,p0004,hel.don,2,1,2,.,.,.,.,.,.,.,.,.,.,.,.,.,3,Diego,
V1,2010-11-19,P2,p0004,hel.don,1,2,.,.,.,.,.,.,.,.,.,.,.,.,.,.,2,Silvia ,
V1,2010-11-19,P2,p0006,men.dec,10,2,1,6,1,2,5,4,4,6,2,.,.,.,.,.,33,Diego,
V1,2010-11-19,P2,p0006,men.dec,35,15,8,3,4,6,18,.,.,.,.,.,.,.,.,.,315,Silvia ,
V1,2010-11-19,P2,p0009,sen.aph,10,50,10,25,35,70,50,150,15,15,5,50,.,.,.,.,431.82,Diego,
V1,2010-11-19,P2,p0009,sen.aph,1,84,.,.,.,.,.,.,.,.,.,.,.,.,.,.,84,Silvia ,
V1,2010-11-19,P2,p0034,lar.div,3,10,250,90,.,.,.,.,.,.,.,.,.,.,.,.,350,Diego,
V1,2010-11-19,P2,p0034,lar.div,12,125,4.25,15,33,54,.,.,.,.,.,.,.,.,.,.,555,Silvia ,
V1,2010-11-19,P2,p0038,pro.fle,3,200,25,10,.,.,.,.,.,.,.,.,.,.,.,.,235,Diego,inflorescencias
V1,2010-11-19,P2,p0038,pro.fle,1,300,.,.,.,.,.,.,.,.,.,.,.,.,.,.,300,Silvia ,
V1,2010-11-19,P5,p0003,zuc.pun,1,70,.,.,.,.,.,.,.,.,.,.,.,.,.,.,70,Silvia ,
V1,2010-11-19,P5,p0034,lar.div,8,12,30,56,7.5,11.22,12,.,.,.,.,.,.,.,.,.,171.63,Silvia ,
V1,2010-11-19,P5,p0037,opu.sul,11,.,.,.,.,.,.,.,.,.,.,.,.,.,.,.,33,Silvia ,Revisar numero de flores a partir de promedios
V1,2010-11-19,P6,p0003,zuc.pun,6,300,30,60,50,31,.,.,.,.,.,.,.,.,.,.,565.2,Silvia ,
V1,2010-11-19,P6,p0006,men.dec,79,7,10,3,2,2,.,.,.,.,.,.,.,.,.,.,379.2,Silvia ,
V1,2010-11-19,P6,p0009,sen.aph,3,42.5,29.7,41,.,.,.,.,.,.,.,.,.,.,.,.,113.2,Silvia ,
V1,2010-11-19,P6,p0034,lar.div,1,1,.,.,.,.,.,.,.,.,.,.,.,.,.,.,1,Silvia ,
V1,2010-11-19,P6,p0038,pro.fle,3,2000,5000,300,.,.,.,.,.,.,.,.,.,.,.,.,7300,Silvia ,
V1,2010-11-19,P6,p0051,mon.aph,1,70,.,.,.,.,.,.,.,.,.,.,.,.,.,.,70,Silvia ,
V1,2010-11-19,T1,p0003,zuc.pun,1,300,.,.,.,.,.,.,.,.,.,.,.,.,.,.,300,Diego,
V1,2010-11-19,T1,p0006,men.dec,35,4,4,1,1,1,1,1,1,5,12,.,.,.,.,.,108.5,Diego,
V1,2010-11-19,T1,p0009,sen.aph,4,40,25,175,150,200,.,.,.,.,.,.,.,.,.,.,472,Diego,
V1,2010-11-19,T1,p0034,lar.div,1,30,.,.,.,.,.,.,.,.,.,.,.,.,.,.,30,Diego,
V18,2010-11-19,P1,p0003,zuc.pun,7,150,40,200,50,100,200,600,.,.,.,.,.,.,.,.,1340,Diego,
V18,2010-11-19,P1,p0034,lar.div,1,50,.,.,.,.,.,.,.,.,.,.,.,.,.,.,50,Diego,
V18,2010-11-19,P2,p0003,zuc.pun,7,100,200,200,200,100,200,100,.,.,.,.,.,.,.,.,1100,Diego,
V18,2010-11-19,P2,p0034,lar.div,3,10,100,150,.,.,.,.,.,.,.,.,.,.,.,.,260,Diego,
V18,2010-11-19,P5,p0003,zuc.pun,4,100,800,100,1000,.,.,.,.,.,.,.,.,.,.,.,2000,Diego,
V18,2010-11-19,P5,p0006,men.dec,2,3,7,.,.,.,.,.,.,.,.,.,.,.,.,.,10,Diego,
V18,2010-11-19,P5,p0034,lar.div,4,25,100,20,20,.,.,.,.,.,.,.,.,.,.,.,165,Diego,
V18,2010-11-19,P5,p0037,opu.sul,2,1,2,.,.,.,.,.,.,.,.,.,.,.,.,.,3,Diego,
V18,2010-11-19,P6,p0003,zuc.pun,2,200,1000,.,.,.,.,.,.,.,.,.,.,.,.,.,1200,Diego,
V18,2010-11-19,P6,p0034,lar.div,5,100,300,50,40,300,.,.,.,.,.,.,.,.,.,.,790,Diego,
V18,2010-11-19,P6,p0038,pro.fle,1,400,.,.,.,.,.,.,.,.,.,.,.,.,.,.,400,Diego,inflorescencias
V18,2010-11-19,T1,p0003,zuc.pun,8,150,50,250,1000,200,200,150,150,.,.,.,.,.,.,.,2150,Diego,
V18,2010-11-19,T1,p0006,men.dec,17,4,1,1,2,2,5,2,2,2,1,.,.,.,.,.,37.4,Diego,
V18,2010-11-19,T1,p0037,opu.sul,1,1,.,.,.,.,.,.,.,.,.,.,.,.,.,.,1,Diego,
V18,2010-11-19,T2,p0003,zuc.pun,15,25,50,50,200,150,150,150,50,200,50,10,.,.,.,.,1479.55,Diego,
V4,2010-11-19,P1,p0003,zuc.pun,2,35,150,.,.,.,.,.,.,.,.,.,.,.,.,.,185,Diego,
V4,2010-11-19,P1,p0004,hel.don,1,2,.,.,.,.,.,.,.,.,.,.,.,.,.,.,2,Diego,
V4,2010-11-19,P1,p0025,thy.pen,.,.,.,.,.,.,.,.,.,.,.,.,.,.,.,5,5,Diego,
V4,2010-11-19,P1,p0034,lar.div,10,300,100,10,900,400,25,100,5,5,20,.,.,.,.,.,1865,Diego,
V4,2010-11-19,P1,p0037,opu.sul,5,1,2,1,2,11,.,.,.,.,.,.,.,.,.,.,17,Diego,
V4,2010-11-19,P1,p0061,phi.gil,1,90,.,.,.,.,.,.,.,.,.,.,.,.,.,.,90,Diego,
V4,2010-11-19,P2,p0006,men.dec,8,4,5,4,3,12,6,2,18,8,.,.,.,.,.,.,55.11,Diego,
V4,2010-11-19,P2,p0034,lar.div,7,90,50,10,50,300,120,100,.,.,.,.,.,.,.,.,720,Diego,
V4,2010-11-19,P2,p0037,opu.sul,1,1,.,.,.,.,.,.,.,.,.,.,.,.,.,.,1,Diego,
V4,2010-11-19,P2,p0038,pro.fle,1,20,.,.,.,.,.,.,.,.,.,.,.,.,.,.,20,Diego,inflorescencias
V4,2010-11-19,P5,p0003,zuc.pun,2,50,50,.,.,.,.,.,.,.,.,.,.,.,.,.,100,Diego,
V4,2010-11-19,P5,p0004,hel.don,3,2,2,1,.,.,.,.,.,.,.,.,.,.,.,.,5,Diego,
V4,2010-11-19,P5,p0006,men.dec,14,2,10,2,6,.,.,.,.,.,.,.,.,.,.,.,70,Diego,
V4,2010-11-19,P5,p0034,lar.div,6,500,100,100,200,400,100,.,.,.,.,.,.,.,.,.,1400,Diego,
V4,2010-11-19,P5,p0037,opu.sul,6,4,1,1,2,11,8,.,.,.,.,.,.,.,.,.,27,Diego,
V4,2010-11-19,P6,p0003,zuc.pun,8,500,50,250,25,500,100,100,50,.,.,.,.,.,.,.,1575,Diego,
V4,2010-11-19,P6,p0004,hel.don,3,1,1,1,.,.,.,.,.,.,.,.,.,.,.,.,3,Diego,
V4,2010-11-19,P6,p0006,men.dec,56,.,.,.,.,.,.,.,.,.,.,.,.,.,.,.,313.6,Diego,Revisar numero de flores a partir de promedios
V4,2010-11-19,P6,p0037,opu.sul,2,6,2,.,.,.,.,.,.,.,.,.,.,.,.,.,8,Diego,
V4,2010-11-19,T1,p0006,men.dec,17,3,4,10,6,15,19,3,7,3,4,.,.,.,.,.,125.8,Diego,
V4,2010-11-19,T1,p0034,lar.div,11,50,175,100,100,25,166.67,75,25,75,12.5,50,.,.,.,.,854.17,Diego,
V4,2010-11-19,T1,p0037,opu.sul,5,2,3,7,2,1,.,.,.,.,.,.,.,.,.,.,15,Diego,
V4,2010-11-19,T2,p0006,men.dec,60,3,3,2,14,9,4,1,9,5,6,.,.,.,.,.,336,Diego,
V4,2010-11-19,T2,p0019,aca.ser,2,100,100,.,.,.,.,.,.,.,.,.,.,.,.,.,200,Diego,
V4,2010-11-19,T2,p0034,lar.div,9,600,40,50,1,200,.,.,.,.,.,.,.,.,.,.,1603.8,Diego,
V4,2010-11-19,T2,p0037,opu.sul,1,1,.,.,.,.,.,.,.,.,.,.,.,.,.,.,1,Diego,
V4,2010-11-19,T2,p0048,fab.pec,1,75,.,.,.,.,.,.,.,.,.,.,.,.,.,.,75,Diego,
V1,2010-11-26,P1,p0034,lar.div,5,3,160,6,540,.,.,.,.,.,.,.,.,.,.,.,886.25,Nydia y Georgina,
V1,2010-11-26,P1,p0037,opu.sul,2,5,3,.,.,.,.,.,.,.,.,.,.,.,.,.,8,Nydia y Georgina,
V1,2010-11-26,P2,p0003,zuc.pun,2,58,22,.,.,.,.,.,.,.,.,.,.,.,.,.,80,Nydia y Georgina,
V1,2010-11-26,P2,p0004,hel.don,3,1,3,1,.,.,.,.,.,.,.,.,.,.,.,.,5,Nydia y Georgina,
V1,2010-11-26,P2,p0006,men.dec,1,1,.,.,.,.,.,.,.,.,.,.,.,.,.,.,1,Nydia y Georgina,
V1,2010-11-26,P2,p0009,sen.aph,11,3,27,6,9,5,.,.,.,.,.,.,.,.,.,.,110,Nydia y Georgina,
V1,2010-11-26,P2,p0034,lar.div,2,1,112,.,.,.,.,.,.,.,.,.,.,.,.,.,113,Nydia y Georgina,
V1,2010-11-26,P2,p0038,pro.fle,3,3000,4400,120000,.,.,.,.,.,.,.,.,.,.,.,.,127400,Nydia y Georgina,
V1,2010-11-26,P5,p0034,lar.div,8,5,150,7,2,3,.,.,.,.,.,.,.,.,.,.,267.2,Nydia y Georgina,
V1,2010-11-26,P5,p0037,opu.sul,4,11,4,2,3,.,.,.,.,.,.,.,.,.,.,.,20,Nydia y Georgina,
V1,2010-11-26,P6,p0003,zuc.pun,7,29,13,20,9,50,.,.,.,.,.,.,.,.,.,.,169.4,Nydia y Georgina,
V1,2010-11-26,P6,p0006,men.dec,34,4,6,1,1,9,.,.,.,.,.,.,.,.,.,.,142.8,Nydia y Georgina,
V1,2010-11-26,P6,p0009,sen.aph,3,2,22,62,.,.,.,.,.,.,.,.,.,.,.,.,86,Nydia y Georgina,
V1,2010-11-26,P6,p0038,pro.fle,3,1100000,12650,77000,.,.,.,.,.,.,.,.,.,.,.,.,1189650,Nydia y Georgina,
V1,2010-11-26,P6,p0051,mon.aph,1,30,.,.,.,.,.,.,.,.,.,.,.,.,.,.,30,Nydia y Georgina,
V1,2010-11-26,T1,p0003,zuc.pun,2,2,140,.,.,.,.,.,.,.,.,.,.,.,.,.,142,Nydia y Georgina,
V1,2010-11-26,T1,p0006,men.dec,14,2,1,2,1,1,.,.,.,.,.,.,.,.,.,.,19.6,Nydia y Georgina,
V1,2010-11-26,T1,p0009,sen.aph,8,37,21,19,29,17,.,.,.,.,.,.,.,.,.,.,196.8,Nydia y Georgina,
V1,2010-11-26,T1,p0051,mon.aph,1,3,.,.,.,.,.,.,.,.,.,.,.,.,.,.,3,Nydia y Georgina,
V1,2010-11-26,T2,p0003,zuc.pun,3,3,30,25,.,.,.,.,.,.,.,.,.,.,.,.,58,Nydia y Georgina,
V1,2010-11-26,T2,p0004,hel.don,1,2,.,.,.,.,.,.,.,.,.,.,.,.,.,.,2,Nydia y Georgina,
V1,2010-11-26,T2,p0006,men.dec,12,6,5,7,6,16,.,.,.,.,.,.,.,.,.,.,96,Nydia y Georgina,
V1,2010-11-26,T2,p0009,sen.aph,1,861,.,.,.,.,.,.,.,.,.,.,.,.,.,.,861,Nydia y Georgina,
V1,2010-11-26,T2,p0034,lar.div,9,800,26,31,49,5,.,.,.,.,.,.,.,.,.,.,1639.8,Nydia y Georgina,
V18,2010-11-26,P1,p0003,zuc.pun,2,100,200,.,.,.,.,.,.,.,.,.,.,.,.,.,300,Diego,
V18,2010-11-26,P2,p0003,zuc.pun,1,30,.,.,.,.,.,.,.,.,.,.,.,.,.,.,30,Diego,
V18,2010-11-26,P2,p0034,lar.div,1,20,.,.,.,.,.,.,.,.,.,.,.,.,.,.,20,Diego,
V18,2010-11-26,P5,p0003,zuc.pun,3,250,100,600,50,.,.,.,.,.,.,.,.,.,.,.,750,Diego,
V18,2010-11-26,P5,p0037,opu.sul,2,1,1,.,.,.,.,.,.,.,.,.,.,.,.,.,2,Diego,
V18,2010-11-26,P6,p0003,zuc.pun,2,50,500,.,.,.,.,.,.,.,.,.,.,.,.,.,550,Diego,
V18,2010-11-26,P6,p0038,pro.fle,1,1000,.,.,.,.,.,.,.,.,.,.,.,.,.,.,1000,Diego,inflorescencias
V18,2010-11-26,T1,p0003,zuc.pun,3,200,50,25,.,.,.,.,.,.,.,.,.,.,.,.,275,Diego,
V18,2010-11-26,T1,p0006,men.dec,1,3,.,.,.,.,.,.,.,.,.,.,.,.,.,.,3,Diego,
V18,2010-11-26,T1,p0038,pro.fle,1,60,.,.,.,.,.,.,.,.,.,.,.,.,.,.,60,Diego,
V18,2010-11-26,T2,p0003,zuc.pun,12,15,20,10,25,10,50,50,200,25,60,.,.,.,.,.,558,Diego,
V19,2010-11-26,P1,p0009,sen.aph,1,2,.,.,.,.,.,.,.,.,.,.,.,.,.,.,2,Diego,
V19,2010-11-26,P2,p0006,men.dec,37,.,.,.,.,.,.,.,.,.,.,.,.,.,.,.,296,Diego,Revisar numero de flores a partir de promedios
V19,2010-11-26,P2,p0129,hya.arg,10,.,.,.,.,.,.,.,.,.,.,.,.,.,.,.,34.29,Diego,Revisar numero de flores a partir de promedios
V19,2010-11-26,P5,p0006,men.dec,51,5,3,1,2,1,2,1,5,7,10,.,.,.,.,.,188.7,Diego,
V19,2010-11-26,P5,p0037,opu.sul,1,1,.,.,.,.,.,.,.,.,.,.,.,.,.,.,1,Diego,
V19,2010-11-26,P6,p0132,zep.fil,1,1,.,.,.,.,.,.,.,.,.,.,.,.,.,.,1,Diego,
V19,2010-11-26,P6,p0006,men.dec,26,8,3,6,10,4,15,10,.,.,.,.,.,.,.,.,208,Diego,
V19,2010-11-26,P6,p0017,sal.gil,1,4,.,.,.,.,.,.,.,.,.,.,.,.,.,.,4,Diego,
V19,2010-11-26,P6,p0129,hya.arg,7,5,4,4,2,5,1,3,.,.,.,.,.,.,.,.,24,Diego,
V19,2010-11-26,T1,p0006,men.dec,19,1,4,8,5,3,9,3,1,1,2,.,.,.,.,.,70.3,Diego,
V19,2010-11-26,T1,p0069,sen.gil,1,1,.,.,.,.,.,.,.,.,.,.,.,.,.,.,1,Diego,
V19,2010-11-26,T2,p0006,men.dec,4,1,2,1,1,.,.,.,.,.,.,.,.,.,.,.,5,Diego,
V19,2010-11-26,T2,p0009,sen.aph,2,6,5,.,.,.,.,.,.,.,.,.,.,.,.,.,11,Diego,
V19,2010-11-26,T2,p0037,opu.sul,1,4,.,.,.,.,.,.,.,.,.,.,.,.,.,.,4,Diego,
V19,2010-11-26,T2,p0038,pro.fle,1,5,.,.,.,.,.,.,.,.,.,.,.,.,.,.,5,Diego,inflorescencias
V20,2010-11-26,P1,.,bacch.,1,150,.,.,.,.,.,.,.,.,.,.,.,.,.,.,150,Diego,
V20,2010-11-26,P1,p0006,men.dec,1,1,.,.,.,.,.,.,.,.,.,.,.,.,.,.,1,Diego,
V20,2010-11-26,P1,p0040,ros.rub,1,20,.,.,.,.,.,.,.,.,.,.,.,.,.,.,20,Diego,
V20,2010-11-26,P2,.,bacch.,2,.,.,.,.,.,.,.,.,.,.,.,.,.,.,.,70,Diego,Revisar numero de flores a partir de promedios
V20,2010-11-26,P5,.,bacch.,1,180,.,.,.,.,.,.,.,.,.,.,.,.,.,.,180,Diego,
V20,2010-11-26,P5,.,bacch.,2,6,12,.,.,.,.,.,.,.,.,.,.,.,.,.,18,Diego,
V20,2010-11-26,P5,p0006,men.dec,3,80,1,9,.,.,.,.,.,.,.,.,.,.,.,.,90,Diego,
V20,2010-11-26,P5,p0015,cer.arv,.,.,.,.,.,.,.,.,.,.,.,.,.,.,.,30,30,Diego,
V20,2010-11-26,P5,p0004,hel.don,5,3,1,1,1,1,.,.,.,.,.,.,.,.,.,.,7,Diego,
V20,2010-11-26,P5,p0040,ros.rub,1,20,.,.,.,.,.,.,.,.,.,.,.,.,.,.,20,Diego,
V20,2010-11-26,P5,p0010,ste.gil,8,150,15,70,40,40,50,30,.,.,.,.,.,.,.,.,451.43,Diego,
V20,2010-11-26,T1,p0017,sal.gil,1,8,.,.,.,.,.,.,.,.,.,.,.,.,.,.,8,Diego,
V20,2010-11-26,T1,p0040,ros.rub,3,6,6,50,.,.,.,.,.,.,.,.,.,.,.,.,62,Diego,
V20,2010-11-26,T2,.,bacch.,5,30,20,15,20,90,.,.,.,.,.,.,.,.,.,.,175,Diego,
V20,2010-11-26,T2,p0021,sch.fas,2,300,50,.,.,.,.,.,.,.,.,.,.,.,.,.,350,Diego,
V21,2010-11-26,P1,p0006,men.dec,2,9,90,.,.,.,.,.,.,.,.,.,.,.,.,.,99,Diego,
V21,2010-11-26,P1,p0006,men.dec,4,.,.,.,.,.,.,.,.,.,.,.,.,.,.,.,316.8,Diego,Revisar numero de flores a partir de promedios
V21,2010-11-26,P1,p0018,bud.men,1,200,.,.,.,.,.,.,.,.,.,.,.,.,.,.,200,Diego,
V21,2010-11-26,P1,p0047,dyp.gla,5,120,45,80,326,40,.,.,.,.,.,.,.,.,.,.,611,Diego,
V21,2010-11-26,P1,p0098,ant.maj,3,3,2,2,.,.,.,.,.,.,.,.,.,.,.,.,7,Diego,
V21,2010-11-26,P1,p0040,ros.rub,1,20,.,.,.,.,.,.,.,.,.,.,.,.,.,.,20,Diego,
V21,2010-11-26,P1,p0040,ros.rub,1,6,.,.,.,.,.,.,.,.,.,.,.,.,.,.,6,Diego,
V21,2010-11-26,P1,p0069,sen.gil,2,1,2,.,.,.,.,.,.,.,.,.,.,.,.,.,3,Diego,
V21,2010-11-26,P5,p0006,men.dec,16,3,12,1,1,2,6,35,4,32,7,.,.,.,.,.,164.8,Diego,
V21,2010-11-26,P5,p0047,dyp.gla,1,60,.,.,.,.,.,.,.,.,.,.,.,.,.,.,60,Diego,
V21,2010-11-26,P6,p0004,hel.don,1,2,.,.,.,.,.,.,.,.,.,.,.,.,.,.,2,Diego,
V21,2010-11-26,P6,p0006,men.dec,15,10,7,3,18,30,40,7,15,3,1,3,55,1,6.75,.,214.02,Diego,
V21,2010-11-26,P6,p0069,sen.gil,1,21,.,.,.,.,.,.,.,.,.,.,.,.,.,.,21,Diego,
V21,2010-11-26,T1,p0006,men.dec,5,51,320,18,2,5,.,.,.,.,.,.,.,.,.,.,396,Diego,
V21,2010-11-26,T1,p0056,phr.sp1,1,1,.,.,.,.,.,.,.,.,.,.,.,.,.,.,1,Diego,
V21,2010-11-26,T2,p0006,men.dec,10,1,2,6,18,9,7,12,2,1,70,.,.,.,.,.,128,Diego,
V4,2010-11-26,P1,p0003,zuc.pun,2,14.5,8,.,.,.,.,.,.,.,.,.,.,.,.,.,22.5,Nydia y Georgina,
V4,2010-11-26,P1,p0034,lar.div,12,35,15,6,3,1,.,.,.,.,.,.,.,.,.,.,144,Nydia y Georgina,
V4,2010-11-26,P1,p0037,opu.sul,8,1,1,1,2,1,.,.,.,.,.,.,.,.,.,.,9.6,Nydia y Georgina,
V4,2010-11-26,P1,p0061,phi.gil,1,12,.,.,.,.,.,.,.,.,.,.,.,.,.,.,12,Nydia y Georgina,
V4,2010-11-26,P2,p0006,men.dec,12,2,1,4,3,3,.,.,.,.,.,.,.,.,.,.,31.2,Nydia y Georgina,
V4,2010-11-26,P2,p0034,lar.div,8,15,10,65,23,4,.,.,.,.,.,.,.,.,.,.,187.2,Nydia y Georgina,
V4,2010-11-26,P2,p0037,opu.sul,5,2,1,1,3,2,.,.,.,.,.,.,.,.,.,.,9,Nydia y Georgina,
V4,2010-11-26,P2,p0038,pro.fle,1,1,.,.,.,.,.,.,.,.,.,.,.,.,.,.,1,Nydia y Georgina,vaina
V4,2010-11-26,P5,p0003,zuc.pun,2,200,9,.,.,.,.,.,.,.,.,.,.,.,.,.,209,Nydia y Georgina,
V4,2010-11-26,P5,p0004,hel.don,1,1,.,.,.,.,.,.,.,.,.,.,.,.,.,.,1,Nydia y Georgina,
V4,2010-11-26,P5,p0006,men.dec,7,16,1,1,2,1,.,.,.,.,.,.,.,.,.,.,29.4,Nydia y Georgina,
V4,2010-11-26,P5,p0034,lar.div,7,3,27,35,2,160,.,.,.,.,.,.,.,.,.,.,317.8,Nydia y Georgina,
V4,2010-11-26,P5,p0037,opu.sul,8,5,4,1,1,1,.,.,.,.,.,.,.,.,.,.,19.2,Nydia y Georgina,
V4,2010-11-26,P6,p0003,zuc.pun,13,380,90,26,60,185,.,.,.,.,.,.,.,.,.,.,1926.6,Nydia y Georgina,
V4,2010-11-26,P6,p0006,men.dec,105,21,8,5,7,1,.,.,.,.,.,.,.,.,.,.,882,Nydia y Georgina,
V4,2010-11-26,P6,p0034,lar.div,2,2,5,.,.,.,.,.,.,.,.,.,.,.,.,.,7,Nydia y Georgina,
V4,2010-11-26,P6,p0037,opu.sul,1,2,.,.,.,.,.,.,.,.,.,.,.,.,.,.,2,Nydia y Georgina,
V4,2010-11-26,T1,p0006,men.dec,12,5,2,3,2,4,.,.,.,.,.,.,.,.,.,.,38.4,Nydia y Georgina,
V4,2010-11-26,T1,p0034,lar.div,11,2.1,6,21.5,54,17,.,.,.,.,.,.,.,.,.,.,221.32,Nydia y Georgina,
V4,2010-11-26,T1,p0037,opu.sul,8,1,1,1,1,3,.,.,.,.,.,.,.,.,.,.,11.2,Nydia y Georgina,
V4,2010-11-26,T2,p0006,men.dec,40,12,15,2,23,1,.,.,.,.,.,.,.,.,.,.,424,Nydia y Georgina,
V4,2010-11-26,T2,p0034,lar.div,10,32,4,13,3,140,.,.,.,.,.,.,.,.,.,.,384,Nydia y Georgina,
V4,2010-11-26,T2,p0037,opu.sul,4,1,2,1,1,.,.,.,.,.,.,.,.,.,.,.,5,Nydia y Georgina,
V1,2010-12-03,P1,p0034,lar.div,2,2,3,.,.,.,.,.,.,.,.,.,.,.,.,.,5,Nydia,
V1,2010-12-03,P1,p0037,opu.sul,2,3,4,.,.,.,.,.,.,.,.,.,.,.,.,.,7,Nydia,
V1,2010-12-03,P2,p0003,zuc.pun,1,45,.,.,.,.,.,.,.,.,.,.,.,.,.,.,45,Nydia,
V1,2010-12-03,P2,p0004,hel.don,2,1,2,.,.,.,.,.,.,.,.,.,.,.,.,.,3,Nydia,
V1,2010-12-03,P2,p0009,sen.aph,4,5,2,4,5,.,.,.,.,.,.,.,.,.,.,.,16,Nydia,
V1,2010-12-03,P2,p0037,opu.sul,1,2,.,.,.,.,.,.,.,.,.,.,.,.,.,.,2,Nydia,
V1,2010-12-03,P2,p0038,pro.fle,3,5000,19200,200000,.,.,.,.,.,.,.,.,.,.,.,.,224200,Nydia,
V1,2010-12-03,P5,p0034,lar.div,2,1,34,.,.,.,.,.,.,.,.,.,.,.,.,.,35,Nydia,
V1,2010-12-03,P5,p0037,opu.sul,3,1,1,2,.,.,.,.,.,.,.,.,.,.,.,.,4,Nydia,
V1,2010-12-03,P6,p0003,zuc.pun,6,6,4,19,45,140,.,.,.,.,.,.,.,.,.,.,256.8,Nydia,
V1,2010-12-03,P6,p0006,men.dec,1,2,.,.,.,.,.,.,.,.,.,.,.,.,.,.,2,Nydia,
V1,2010-12-03,P6,p0009,sen.aph,4,2,5,7,11,.,.,.,.,.,.,.,.,.,.,.,25,Nydia,
V1,2010-12-03,P6,p0038,pro.fle,3,22800,16000,450000,.,.,.,.,.,.,.,.,.,.,.,.,488800,Nydia,
V1,2010-12-03,P6,p0051,mon.aph,1,8,.,.,.,.,.,.,.,.,.,.,.,.,.,.,8,Nydia,
V1,2010-12-03,T1,p0003,zuc.pun,1,8,.,.,.,.,.,.,.,.,.,.,.,.,.,.,8,Nydia,
V1,2010-12-03,T1,p0009,sen.aph,3,10,2,15,.,.,.,.,.,.,.,.,.,.,.,.,27,Nydia,
V1,2010-12-03,T2,p0003,zuc.pun,3,5,7,15,.,.,.,.,.,.,.,.,.,.,.,.,27,Nydia,
V1,2010-12-03,T2,p0004,hel.don,1,1,.,.,.,.,.,.,.,.,.,.,.,.,.,.,1,Nydia,
V1,2010-12-03,T2,p0009,sen.aph,1,2,.,.,.,.,.,.,.,.,.,.,.,.,.,.,2,Nydia,
V1,2010-12-03,T2,p0034,lar.div,7,600,15,5,1,90,.,.,.,.,.,.,.,.,.,.,995.4,Nydia,
V18,2010-12-03,P1,p0003,zuc.pun,1,50,.,.,.,.,.,.,.,.,.,.,.,.,.,.,50,Diego,
V18,2010-12-03,P2,p0003,zuc.pun,1,80,50,.,.,.,.,.,.,.,.,.,.,.,.,.,65,Diego,
V18,2010-12-03,P2,p0043,tri.can,1,1,.,.,.,.,.,.,.,.,.,.,.,.,.,.,1,Diego,
V18,2010-12-03,P5,p0037,opu.sul,1,1,.,.,.,.,.,.,.,.,.,.,.,.,.,.,1,Diego,
V18,2010-12-03,P6,p0034,lar.div,1,5,.,.,.,.,.,.,.,.,.,.,.,.,.,.,5,Diego,
V18,2010-12-03,T1,p0003,zuc.pun,3,50,50,20,.,.,.,.,.,.,.,.,.,.,.,.,120,Diego,
V18,2010-12-03,T1,p0038,pro.fle,2,200,2,.,.,.,.,.,.,.,.,.,.,.,.,.,202,Diego,
V18,2010-12-03,T2,p0003,zuc.pun,3,15,5,15,.,.,.,.,.,.,.,.,.,.,.,.,35,Diego,
V19,2010-12-03,P1,p0037,opu.sul,1,1,.,.,.,.,.,.,.,.,.,.,.,.,.,.,1,Diego,
V19,2010-12-03,P2,p0006,men.dec,18,2,3,6,4,1,5,7,4,1,1,.,.,.,.,.,61.2,Diego,
V19,2010-12-03,P2,p0129,hya.arg,.,.,.,.,.,.,.,.,.,.,.,.,.,.,.,13,13,Diego,
V19,2010-12-03,P2,p0069,sen.gil,1,11,.,.,.,.,.,.,.,.,.,.,.,.,.,.,11,Diego,
V19,2010-12-03,P5,p0006,men.dec,31,2,1,3,5,4,2,14,4,9,3,.,.,.,.,.,145.7,Diego,
V19,2010-12-03,P6,p0006,men.dec,4,2,3,3,4,.,.,.,.,.,.,.,.,.,.,.,12,Diego,
V19,2010-12-03,P6,p0129,hya.arg,15,6,4,2,1,3,3,1,1,1,1,.,.,.,.,.,34.5,Diego,
V19,2010-12-03,T1,p0006,men.dec,2,1,1,.,.,.,.,.,.,.,.,.,.,.,.,.,2,Diego,
V19,2010-12-03,T1,p0129,hya.arg,1,3,.,.,.,.,.,.,.,.,.,.,.,.,.,.,3,Diego,
V19,2010-12-03,T1,p0069,sen.gil,1,2,.,.,.,.,.,.,.,.,.,.,.,.,.,.,2,Diego,
V19,2010-12-03,T2,p0037,opu.sul,1,1,.,.,.,.,.,.,.,.,.,.,.,.,.,.,1,Diego,
V20,2010-12-03,P1,p0004,hel.don,5,2,2,2,1,2,.,.,.,.,.,.,.,.,.,.,9,Diego,
V20,2010-12-03,P1,.,bacch.,4,6,120,60,50,.,.,.,.,.,.,.,.,.,.,.,236,Diego,
V20,2010-12-03,P2,.,bacch.,2,20,15,.,.,.,.,.,.,.,.,.,.,.,.,.,35,Diego,
V20,2010-12-03,P2,p0126,mut.sp,1,1.33,.,.,.,.,.,.,.,.,.,.,.,.,.,.,1.33,Diego,
V20,2010-12-03,P5,.,bacch.,2,120,15,20,.,.,.,.,.,.,.,.,.,.,.,.,103.33,Diego,
V20,2010-12-03,P5,p0047,dyp.gla,1,250,.,.,.,.,.,.,.,.,.,.,.,.,.,.,250,Diego,
V20,2010-12-03,P5,p0040,ros.rub,3,2,10,1,.,.,.,.,.,.,.,.,.,.,.,.,13,Diego,
V20,2010-12-03,P5,p0010,ste.gil,2,22,10,.,.,.,.,.,.,.,.,.,.,.,.,.,32,Diego,
V20,2010-12-03,P6,p0004,hel.don,1,1,.,.,.,.,.,.,.,.,.,.,.,.,.,.,1,Diego,Revisar numero de flores a partir de promedios
V20,2010-12-03,P6,p0006,men.dec,7,60,15,25,4,15,10,15,.,.,.,.,.,.,.,.,144,Diego,
V20,2010-12-03,T1,.,bacch.,1,13,.,.,.,.,.,.,.,.,.,.,.,.,.,.,13,Diego,
V20,2010-12-03,T1,p0032,con.mic,1,800,.,.,.,.,.,.,.,.,.,.,.,.,.,.,800,Diego,
V20,2010-12-03,T1,p0040,ros.rub,1,1,.,.,.,.,.,.,.,.,.,.,.,.,.,.,1,Diego,
V20,2010-12-03,T2,.,bacch.,1,15,.,.,.,.,.,.,.,.,.,.,.,.,.,.,15,Diego,
V20,2010-12-03,T2,p0021,sch.fas,1,60,.,.,.,.,.,.,.,.,.,.,.,.,.,.,60,Diego,
V21,2010-12-03,P1,p0006,men.dec,3,70,60,.,.,.,.,.,.,.,.,.,.,.,.,.,195,Diego,
V21,2010-12-03,P1,p0040,ros.rub,1,3,.,.,.,.,.,.,.,.,.,.,.,.,.,.,3,Diego,
V21,2010-12-03,P1,p0047,dyp.gla,6,60,90,40,30,30,20,.,.,.,.,.,.,.,.,.,270,Diego,
V21,2010-12-03,P1,p0069,sen.gil,2,2,2,.,.,.,.,.,.,.,.,.,.,.,.,.,4,Diego,
V21,2010-12-03,P2,p0006,men.dec,2,200,20,.,.,.,.,.,.,.,.,.,.,.,.,.,220,Diego,
V21,2010-12-03,P2,p0069,sen.gil,1,2,.,.,.,.,.,.,.,.,.,.,.,.,.,.,2,Diego,
V21,2010-12-03,P5,p0006,men.dec,16,10,4,30,4,25,20,8,8,11,15,.,.,.,.,.,216,Diego,
V21,2010-12-03,P6,p0006,men.dec,20,45,20,1,12,32,2,3,2,12,25,.,.,.,.,.,308,Diego,
V21,2010-12-03,P6,p0069,senecio,1,15,.,.,.,.,.,.,.,.,.,.,.,.,.,.,15,Diego,CHEQUEAR SP. 
V21,2010-12-03,T1,p0006,men.dec,2,300,20,.,.,.,.,.,.,.,.,.,.,.,.,.,320,Diego,
V21,2010-12-03,T2,p0006,men.dec,10,4,6,6,1,5,1,2,1,35,35,.,.,.,.,.,96,Diego,
V4,2010-12-03,P1,p0003,zuc.pun,1,15,.,.,.,.,.,.,.,.,.,.,.,.,.,.,15,Nydia,
V4,2010-12-03,P1,p0034,lar.div,2,7,4,.,.,.,.,.,.,.,.,.,.,.,.,.,11,Nydia,
V4,2010-12-03,P1,p0037,opu.sul,5,1,1,3,1,1,.,.,.,.,.,.,.,.,.,.,7,Nydia,
V4,2010-12-03,P2,p0006,men.dec,12,3,1,7,3,1,.,.,.,.,.,.,.,.,.,.,36,Nydia,
V4,2010-12-03,P2,p0034,lar.div,5,3,6,1,10,3,.,.,.,.,.,.,.,.,.,.,23,Nydia,
V4,2010-12-03,P2,p0037,opu.sul,9,1,1,1,1,3,.,.,.,.,.,.,.,.,.,.,12.6,Nydia,
V4,2010-12-03,P5,p0003,zuc.pun,4,65,80,130,5,.,.,.,.,.,.,.,.,.,.,.,280,Nydia,
V4,2010-12-03,P5,p0004,hel.don,3,6,2,1,.,.,.,.,.,.,.,.,.,.,.,.,9,Nydia,
V4,2010-12-03,P5,p0006,men.dec,1,10,.,.,.,.,.,.,.,.,.,.,.,.,.,.,10,Nydia,
V4,2010-12-03,P5,p0034,lar.div,1,2,.,.,.,.,.,.,.,.,.,.,.,.,.,.,2,Nydia,
V4,2010-12-03,P5,p0037,opu.sul,11,6,6,3,10,3,.,.,.,.,.,.,.,.,.,.,61.6,Nydia,
V4,2010-12-03,P6,p0003,zuc.pun,12,8,3,13,375,15,.,.,.,.,.,.,.,.,.,.,993.6,Nydia,
V4,2010-12-03,P6,p0006,men.dec,5,10,1,2,1,1,.,.,.,.,.,.,.,.,.,.,15,Nydia,
V4,2010-12-03,P6,p0037,opu.sul,3,2,1,1,.,.,.,.,.,.,.,.,.,.,.,.,4,Nydia,
V4,2010-12-03,T1,p0006,men.dec,1,2,.,.,.,.,.,.,.,.,.,.,.,.,.,.,2,Nydia,
V4,2010-12-03,T1,p0034,lar.div,8,1,3,6,29,123,.,.,.,.,.,.,.,.,.,.,259.2,Nydia,
V4,2010-12-03,T1,p0037,opu.sul,7,1,3,2,2,1,.,.,.,.,.,.,.,.,.,.,12.6,Nydia,
V4,2010-12-03,T2,p0004,hel.don,1,16,.,.,.,.,.,.,.,.,.,.,.,.,.,.,16,Nydia,
V4,2010-12-03,T2,p0006,men.dec,2,1,1,.,.,.,.,.,.,.,.,.,.,.,.,.,2,Nydia,
V4,2010-12-03,T2,p0034,lar.div,4,30,15,32,117,.,.,.,.,.,.,.,.,.,.,.,194,Nydia,
V4,2010-12-03,T2,p0037,opu.sul,4,3,1,1,2,.,.,.,.,.,.,.,.,.,.,.,7,Nydia,
V1,2010-12-17,P1,.,Nada,.,.,.,.,.,.,.,.,.,.,.,.,.,.,.,.,.,Nydia,
V1,2010-12-17,P1,p0038,pro.fle,3,6000,600,5200,.,.,.,.,.,.,.,.,.,.,.,.,11800,Nydia,
V1,2010-12-17,P5,.,Nada,.,.,.,.,.,.,.,.,.,.,.,.,.,.,.,.,.,Nydia,
V1,2010-12-17,P6,p0003,zuc.pun,1,6,.,.,.,.,.,.,.,.,.,.,.,.,.,.,6,Nydia,
V1,2010-12-17,P6,p0038,pro.fle,3,9200,7000,72000,.,.,.,.,.,.,.,.,.,.,.,.,88200,Nydia,
V1,2010-12-17,T1,.,Nada,.,.,.,.,.,.,.,.,.,.,.,.,.,.,.,.,.,Nydia,
V1,2010-12-17,T2,.,Nada,.,.,.,.,.,.,.,.,.,.,.,.,.,.,.,.,.,Nydia,
V18,2010-12-17,P1,.,Nada,.,.,.,.,.,.,.,.,.,.,.,.,.,.,.,.,.,Nydia,
V18,2010-12-17,P2,p0037,opu.sul,1,1,.,.,.,.,.,.,.,.,.,.,.,.,.,.,1,Nydia,flor blanca
V18,2010-12-17,P5,p0003,zuc.pun,1,4.5,.,.,.,.,.,.,.,.,.,.,.,.,.,.,4.5,Nydia,
V18,2010-12-17,P6,.,Nada,.,.,.,.,.,.,.,.,.,.,.,.,.,.,.,.,.,Nydia,
V18,2010-12-17,T1,p0003,zuc.pun,1,5,.,.,.,.,.,.,.,.,.,.,.,.,.,.,5,Nydia,
V18,2010-12-17,T2,.,Nada,.,.,.,.,.,.,.,.,.,.,.,.,.,.,.,.,.,Nydia,
V4,2010-12-17,P1,.,Nada,.,.,.,.,.,.,.,.,.,.,.,.,.,.,.,.,.,Nydia,
V4,2010-12-17,P2,.,Nada,.,.,.,.,.,.,.,.,.,.,.,.,.,.,.,.,.,Nydia,
V4,2010-12-17,P5,.,Nada,.,.,.,.,.,.,.,.,.,.,.,.,.,.,.,.,.,Nydia,
V4,2010-12-17,P6,.,Nada,.,.,.,.,.,.,.,.,.,.,.,.,.,.,.,.,.,Nydia,
V4,2010-12-17,T1,p0037,opu.sul,1,2,.,.,.,.,.,.,.,.,.,.,.,.,.,.,2,Nydia,
V4,2010-12-17,T2,.,Nada,.,.,.,.,.,.,.,.,.,.,.,.,.,.,.,.,.,Nydia,
V1,2011-01-27,.,p0032,con.mic,.,.,.,.,.,.,.,.,.,.,.,.,.,.,.,.,.,Diego y Nydia,fuera de transecta y parcela
V1,2011-01-27,P1,p0034,lar.div,4,3,4,3,5,.,.,.,.,.,.,.,.,.,.,.,15,Diego y Nydia,
V1,2011-01-27,P1,p0034,lar.div,4,3,4,5,3,.,.,.,.,.,.,.,.,.,.,.,15,Diego y Nydia,
V1,2011-01-27,P2,p0004,hel.don,7,1,4,9,3,1,.,.,.,.,.,.,.,.,.,.,25.2,Diego y Nydia,
V1,2011-01-27,P2,p0006,men.dec,9,2,1,1,1,2,.,.,.,.,.,.,.,.,.,.,12.6,Diego y Nydia,
V1,2011-01-27,P2,p0009,sen.aph,15,215,30,8,220,375,.,.,.,.,.,.,.,.,.,.,2544,Diego y Nydia,
V1,2011-01-27,P2,p0019,aca.ser,92,130,240,1500,80,100,.,.,.,.,.,.,.,.,.,.,37720,Diego y Nydia,
V1,2011-01-27,P2,p0025,thy.pen,.,.,.,.,.,.,.,.,.,.,.,.,.,.,.,72,72,Diego y Nydia,31 individuos
V1,2011-01-27,P2,p0034,lar.div,1,225,.,.,.,.,.,.,.,.,.,.,.,.,.,.,225,Diego y Nydia,
V1,2011-01-27,P2,p0050,hys.jas,24,1,13,4,2,6,.,.,.,.,.,.,.,.,.,.,124.8,Diego y Nydia,
V1,2011-01-27,P2,p0131,gut.sp1,1,1,.,.,.,.,.,.,.,.,.,.,.,.,.,.,1,Diego y Nydia,
V1,2011-01-27,P5,p0003,zuc.pun,1,5,.,.,.,.,.,.,.,.,.,.,.,.,.,.,5,Diego y Nydia,
V1,2011-01-27,P5,p0034,lar.div,3,.,.,.,.,.,.,.,.,.,.,.,.,.,.,.,144,Diego y Nydia,Revisar numero de flores a partir de promedios
V1,2011-01-27,P5,p0034,lar.div,3,15,20,25,.,.,.,.,.,.,.,.,.,.,.,.,60,Diego y Nydia,
V1,2011-01-27,T1,p0004,hel.don,19,.,.,.,.,.,.,.,.,.,.,.,.,.,.,.,68.4,Diego y Nydia,Revisar numero de flores a partir de promedios
V1,2011-01-27,T1,p0006,men.dec,13,.,.,.,.,.,.,.,.,.,.,.,.,.,.,.,18.2,Diego y Nydia,Revisar numero de flores a partir de promedios
V1,2011-01-27,T1,p0009,sen.aph,2,.,.,.,.,.,.,.,.,.,.,.,.,.,.,.,339.2,Diego y Nydia,Revisar numero de flores a partir de promedios
V1,2011-01-27,T1,p0011,lyc.chi,2,.,.,.,.,.,.,.,.,.,.,.,.,.,.,.,4,Diego y Nydia,Revisar numero de flores a partir de promedios
V1,2011-01-27,T1,p0019,aca.ser,32,.,.,.,.,.,.,.,.,.,.,.,.,.,.,.,13120,Diego y Nydia,Revisar numero de flores a partir de promedios
V1,2011-01-27,T1,p0025,thy.pen,.,.,.,.,.,.,.,.,.,.,.,.,.,.,.,8,8,Diego y Nydia,Revisar numero de flores a partir de promedios
V1,2011-01-27,T1,p0064,pol.sp1,1,.,.,.,.,.,.,.,.,.,.,.,.,.,.,.,13.5,Diego y Nydia,Revisar numero de flores a partir de promedios
V1,2011-01-27,T1,p0101,hof.er2,.,.,.,.,.,.,.,.,.,.,.,.,.,.,.,2,2,Diego y Nydia,
V1,2011-01-27,T1,p0101,hof.er2,.,.,.,.,.,.,.,.,.,.,.,.,.,.,.,2,2,Diego y Nydia,
V1,2011-01-27,T2,p0052,oxy.ova,1,21,.,.,.,.,.,.,.,.,.,.,.,.,.,.,21,Diego y Nydia,Revisar numero de flores a partir de promedios
V1,2011-01-27,T2,p0003,zuc.pun,1,.,.,.,.,.,.,.,.,.,.,.,.,.,.,.,8,Diego y Nydia,Revisar numero de flores a partir de promedios
V1,2011-01-27,T2,p0004,hel.don,8,.,.,.,.,.,.,.,.,.,.,.,.,.,.,.,28.8,Diego y Nydia,Revisar numero de flores a partir de promedios
V1,2011-01-27,T2,p0006,men.dec,14,.,.,.,.,.,.,.,.,.,.,.,.,.,.,.,19.6,Diego y Nydia,Revisar numero de flores a partir de promedios
V1,2011-01-27,T2,p0009,sen.aph,2,.,.,.,.,.,.,.,.,.,.,.,.,.,.,.,339.2,Diego y Nydia,Revisar numero de flores a partir de promedios
V1,2011-01-27,T2,p0019,aca.ser,40,.,.,.,.,.,.,.,.,.,.,.,.,.,.,.,16400,Diego y Nydia,Revisar numero de flores a partir de promedios
V1,2011-01-27,T2,p0025,thy.pen,7,.,.,.,.,.,.,.,.,.,.,.,.,.,.,.,8,Diego y Nydia,Revisar numero de flores a partir de promedios
V1,2011-01-27,T2,p0034,lar.div,1,.,.,.,.,.,.,.,.,.,.,.,.,.,.,.,48,Diego y Nydia,Revisar numero de flores a partir de promedios
V1,2011-01-27,T2,p0101,hof.er2,.,.,.,.,.,.,.,.,.,.,.,.,.,.,.,2,2,Diego y Nydia,
V1,2011-01-27,T2,p0101,hof.er2,.,.,.,.,.,.,.,.,.,.,.,.,.,.,.,2,2,Diego y Nydia,
V1,2011-01-27,T2,p0052,oxy.ova,.,.,.,.,.,.,.,.,.,.,.,.,.,.,.,1,1,Diego y Nydia,
V18,2011-01-27,P1,p0019,aca.ser,.,.,.,.,.,.,.,.,.,.,.,.,.,.,.,.,.,Diego y Nydia,Revisar numero de flores a partir de promedios
V18,2011-01-27,P1,p0002,jun.asp,.,.,.,.,.,.,.,.,.,.,.,.,.,.,.,.,.,Diego y Nydia,Revisar numero de flores a partir de promedios
V18,2011-01-27,P1,p0034,lar.div,.,.,.,.,.,.,.,.,.,.,.,.,.,.,.,.,.,Diego y Nydia,Revisar numero de flores a partir de promedios
V18,2011-01-27,P1,p0036,lec.het,.,.,.,.,.,.,.,.,.,.,.,.,.,.,.,.,.,Diego y Nydia,Revisar numero de flores a partir de promedios
V18,2011-01-27,P1,p0038,pro.fle,.,.,.,.,.,.,.,.,.,.,.,.,.,.,.,.,.,Diego y Nydia,Revisar numero de flores a partir de promedios
V18,2011-01-27,P1,p0025,thy.pen,.,.,.,.,.,.,.,.,.,.,.,.,.,.,.,.,.,Diego y Nydia,Revisar numero de flores a partir de promedios
V18,2011-01-27,P2,p0002,jun.asp,1,.,.,.,.,.,.,.,.,.,.,.,.,.,.,.,1103.2,Diego y Nydia,Revisar numero de flores a partir de promedios
V18,2011-01-27,P2,p0004,hel.don,1,2,.,.,.,.,.,.,.,.,.,.,.,.,.,.,2,Diego y Nydia,
V18,2011-01-27,P2,p0011,lyc.chi,3,.,.,.,.,.,.,.,.,.,.,.,.,.,.,.,9,Diego y Nydia,Revisar numero de flores a partir de promedios
V18,2011-01-27,P2,p0019,aca.ser,10,.,.,.,.,.,.,.,.,.,.,.,.,.,.,.,15730,Diego y Nydia,Revisar numero de flores a partir de promedios
V18,2011-01-27,P2,p0036,lec.het,1,1,.,.,.,.,.,.,.,.,.,.,.,.,.,.,1,Diego y Nydia,
V18,2011-01-27,P6,p0019,aca.ser,10,.,.,.,.,.,.,.,.,.,.,.,.,.,.,.,15730,Diego y Nydia,Revisar numero de flores a partir de promedios
V18,2011-01-27,P6,p0034,lar.div,2,.,.,.,.,.,.,.,.,.,.,.,.,.,.,.,160,Diego y Nydia,Revisar numero de flores a partir de promedios
V18,2011-01-27,P6,p0045,lar.cun,1,.,.,.,.,.,.,.,.,.,.,.,.,.,.,.,.,Diego y Nydia,Revisar numero de flores a partir de promedios
V18,2011-01-27,T1,p0002,jun.asp,5,10,56,230,5200,20,.,.,.,.,.,.,.,.,.,.,5516,Diego y Nydia,
V18,2011-01-27,T1,p0006,men.dec,2,1,4,.,.,.,.,.,.,.,.,.,.,.,.,.,5,Diego y Nydia,
V18,2011-01-27,T1,p0011,lyc.chi,3,3,5,1,.,.,.,.,.,.,.,.,.,.,.,.,9,Diego y Nydia,
V18,2011-01-27,T1,p0019,aca.ser,39,2000,900,150,115,4700,.,.,.,.,.,.,.,.,.,.,61347,Diego y Nydia,
V18,2011-01-27,T1,p0025,thy.pen,.,.,.,.,.,.,.,.,.,.,.,.,.,.,.,2,2,Diego y Nydia,
V18,2011-01-27,T1,p0034,lar.div,1,80,.,.,.,.,.,.,.,.,.,.,.,.,.,.,80,Diego y Nydia,
V18,2011-01-27,T2,p0019,aca.ser,18,.,.,.,.,.,.,.,.,.,.,.,.,.,.,.,28314,Diego y Nydia,Revisar numero de flores a partir de promedios
V4,2011-01-27,P1,p0007,lyc.ten,2,2,3,.,.,.,.,.,.,.,.,.,.,.,.,.,5,Diego y Nydia,
V4,2011-01-27,P1,p0019,aca.ser,46,50,150,100,200,120,.,.,.,.,.,.,.,.,.,.,5704,Diego y Nydia,
V4,2011-01-27,P1,p0061,phi.gil,3,90,15,45,.,.,.,.,.,.,.,.,.,.,.,.,150,Diego y Nydia,enredadera
V4,2011-01-27,P2,p0006,men.dec,1,1,.,.,.,.,.,.,.,.,.,.,.,.,.,.,1,Diego y Nydia,
V4,2011-01-27,P2,p0011,lyc.chi,1,4,.,.,.,.,.,.,.,.,.,.,.,.,.,.,4,Diego y Nydia,
V4,2011-01-27,P2,p0017,sal.gil,9,12,14,65,11,80,.,.,.,.,.,.,.,.,.,.,327.6,Diego y Nydia,
V4,2011-01-27,P2,p0025,thy.pen,.,.,.,.,.,.,.,.,.,.,.,.,.,.,.,31,31,Diego y Nydia,3 individuos
V4,2011-01-27,P2,p0034,lar.div,2,3,2,.,.,.,.,.,.,.,.,.,.,.,.,.,5,Diego y Nydia,
V4,2011-01-27,P2,p0054,sph.min,5,1,13,6,5,13,.,.,.,.,.,.,.,.,.,.,38,Diego y Nydia,
V4,2011-01-27,P2,p0052,oxy.ova,1,21,.,.,.,.,.,.,.,.,.,.,.,.,.,.,21,Diego y Nydia,
V4,2011-01-27,P5,p0004,hel.don,3,1,2,2,.,.,.,.,.,.,.,.,.,.,.,.,5,Diego y Nydia,Revisar numero de flores a partir de promedios
V4,2011-01-27,P5,p0019,aca.ser,36,.,.,.,.,.,.,.,.,.,.,.,.,.,.,.,4464,Diego y Nydia,Revisar numero de flores a partir de promedios
V4,2011-01-27,P5,p0037,opu.sul,1,1,.,.,.,.,.,.,.,.,.,.,.,.,.,.,1,Diego y Nydia,
V4,2011-01-27,P5,p0052,oxy.ova,1,30,.,.,.,.,.,.,.,.,.,.,.,.,.,.,30,Diego y Nydia,Revisar numero de flores a partir de promedios
V4,2011-01-27,P6,p0003,zuc.pun,1,8,.,.,.,.,.,.,.,.,.,.,.,.,.,.,8,Diego y Nydia,
V4,2011-01-27,P6,p0006,men.dec,5,2,1,1,4,5,.,.,.,.,.,.,.,.,.,.,13,Diego y Nydia,
V4,2011-01-27,P6,p0011,lyc.chi,1,2,.,.,.,.,.,.,.,.,.,.,.,.,.,.,2,Diego y Nydia,
V4,2011-01-27,P6,p0019,aca.ser,139,79,99,326,35,1130,.,.,.,.,.,.,.,.,.,.,46398.2,Diego y Nydia,
V4,2011-01-27,P6,p0025,thy.pen,.,.,.,.,.,.,.,.,.,.,.,.,.,.,.,29,29,Diego y Nydia,6 individuos
V4,2011-01-27,P6,p0050,hys.jas,46,1,2,3,2,2,.,.,.,.,.,.,.,.,.,.,92,Diego y Nydia,
V4,2011-01-27,P6,p0061,phi.gil,1,69,.,.,.,.,.,.,.,.,.,.,.,.,.,.,69,Diego y Nydia,
V4,2011-01-27,T1,p0006,men.dec,2,1,3,.,.,.,.,.,.,.,.,.,.,.,.,.,4,Diego y Nydia,
V4,2011-01-27,T1,p0017,sal.gil,44,8,43,12,13,25,.,.,.,.,.,.,.,.,.,.,888.8,Diego y Nydia,
V4,2011-01-27,T1,p0019,aca.ser,32,10000,37000,1030,900,15000,.,.,.,.,.,.,.,.,.,.,409152,Diego y Nydia,
V4,2011-01-27,T1,p0025,thy.pen,.,.,.,.,.,.,.,.,.,.,.,.,.,.,.,11,11,Diego y Nydia,2 individuos
V4,2011-01-27,T1,p0034,lar.div,5,14.5,6,4,1,8,.,.,.,.,.,.,.,.,.,.,33.5,Diego y Nydia,
V4,2011-01-27,T1,p0039,pro.cun,1,25,.,.,.,.,.,.,.,.,.,.,.,.,.,.,25,Diego y Nydia,
V4,2011-01-27,T1,p0052,oxy.ova,1,8,.,.,.,.,.,.,.,.,.,.,.,.,.,.,8,Diego y Nydia,
V4,2011-01-27,T2,p0006,men.dec,12,1,1,1,1,4,1,3,2,.,.,.,.,.,.,.,21,Diego y Nydia,
V4,2011-01-27,T2,p0019,aca.ser,46,.,.,.,.,.,.,.,.,.,.,.,.,.,.,.,5704,Diego y Nydia,Revisar numero de flores a partir de promedios
V4,2011-01-27,T2,p0061,phi.gil,3,.,.,.,.,.,.,.,.,.,.,.,.,.,.,.,207,Diego y Nydia,Revisar numero de flores a partir de promedios. Enredadera
V19,2011-02-04,total,p0052,oxy.ova,.,.,.,.,.,.,.,.,.,.,.,.,.,.,.,.,.,Nydia y Georgina,Solo se registra para especie en flor
V19,2011-02-04,total,p0004,hel.don,.,.,.,.,.,.,.,.,.,.,.,.,.,.,.,.,.,Nydia y Georgina,Solo se registra para especie en flor
V19,2011-02-04,total,p0006,men.dec,.,.,.,.,.,.,.,.,.,.,.,.,.,.,.,.,.,Nydia y Georgina,Solo se registra para especie en flor
V19,2011-02-04,total,p0009,sen.aph,.,.,.,.,.,.,.,.,.,.,.,.,.,.,.,.,.,Nydia y Georgina,Solo se registra para especie en flor
V19,2011-02-04,total,p0010,ste.gil,.,.,.,.,.,.,.,.,.,.,.,.,.,.,.,.,.,Nydia y Georgina,Solo se registra para especie en flor
V19,2011-02-04,total,p0011,lyc.chi,.,.,.,.,.,.,.,.,.,.,.,.,.,.,.,.,.,Nydia y Georgina,Solo se registra para especie en flor
V19,2011-02-04,total,p0017,sal.gil,.,.,.,.,.,.,.,.,.,.,.,.,.,.,.,.,.,Nydia y Georgina,Solo se registra para especie en flor
V19,2011-02-04,total,p0018,bud.men,.,.,.,.,.,.,.,.,.,.,.,.,.,.,.,.,.,Nydia y Georgina,Solo se registra para especie en flor
V19,2011-02-04,total,p0019,aca.ser,.,.,.,.,.,.,.,.,.,.,.,.,.,.,.,.,.,Nydia y Georgina,Solo se registra para especie en flor
V19,2011-02-04,total,p0025,thy.pen,.,.,.,.,.,.,.,.,.,.,.,.,.,.,.,.,.,Nydia y Georgina,Solo se registra para especie en flor
V19,2011-02-04,total,p0028,sol.ela,.,.,.,.,.,.,.,.,.,.,.,.,.,.,.,.,.,Nydia y Georgina,Solo se registra para especie en flor
V19,2011-02-04,total,p0036,lec.het,.,.,.,.,.,.,.,.,.,.,.,.,.,.,.,.,.,Nydia y Georgina,Solo se registra para especie en flor
V19,2011-02-04,total,p0048,fab.pec,.,.,.,.,.,.,.,.,.,.,.,.,.,.,.,.,.,Nydia y Georgina,Solo se registra para especie en flor
V19,2011-02-04,total,p0054,sph.min,.,.,.,.,.,.,.,.,.,.,.,.,.,.,.,.,.,Nydia y Georgina,Solo se registra para especie en flor
V19,2011-02-04,total,p0061,phi.gil,.,.,.,.,.,.,.,.,.,.,.,.,.,.,.,.,.,Nydia y Georgina,Solo se registra para especie en flor
V19,2011-02-04,total,p0088,lip.tur,.,.,.,.,.,.,.,.,.,.,.,.,.,.,.,.,.,Nydia y Georgina,Solo se registra para especie en flor
V19,2011-02-04,total,p0097,mon.dyc,.,.,.,.,.,.,.,.,.,.,.,.,.,.,.,.,.,Nydia y Georgina,Solo se registra para especie en flor
V19,2011-02-04,total,p0101,hof.er2,.,.,.,.,.,.,.,.,.,.,.,.,.,.,.,.,.,Nydia y Georgina,Solo se registra para especie en flor
V20,2011-02-04,total,p0006,men.dec,.,.,.,.,.,.,.,.,.,.,.,.,.,.,.,.,.,Nydia y Georgina,Solo se registra para especie en flor
V20,2011-02-04,total,p0010,ste.gil,.,.,.,.,.,.,.,.,.,.,.,.,.,.,.,.,.,Nydia y Georgina,Solo se registra para especie en flor
V20,2011-02-04,total,p0019,aca.ser,.,.,.,.,.,.,.,.,.,.,.,.,.,.,.,.,.,Nydia y Georgina,Solo se registra para especie en flor
V20,2011-02-04,total,p0025,thy.pen,.,.,.,.,.,.,.,.,.,.,.,.,.,.,.,.,.,Nydia y Georgina,Solo se registra para especie en flor
V20,2011-02-04,total,p0040,ros.sp1,.,.,.,.,.,.,.,.,.,.,.,.,.,.,.,.,.,Nydia y Georgina,Solo se registra para especie en flor
V20,2011-02-04,total,p0043,tri.can,.,.,.,.,.,.,.,.,.,.,.,.,.,.,.,.,.,Nydia y Georgina,Solo se registra para especie en flor
V20,2011-02-04,total,p0047,dyp.gla,.,.,.,.,.,.,.,.,.,.,.,.,.,.,.,.,.,Nydia y Georgina,flor rosa muy perfumada. Solo se registra para especie en flor
V20,2011-02-04,total,p0047,dyp.gla,.,.,.,.,.,.,.,.,.,.,.,.,.,.,.,.,.,Nydia y Georgina,Solo se registra para especie en flor
V20,2011-02-04,total,p0050,hys.jas,.,.,.,.,.,.,.,.,.,.,.,.,.,.,.,.,.,Nydia y Georgina,Solo se registra para especie en flor
V20,2011-02-04,total,p0053,sol.atr,.,.,.,.,.,.,.,.,.,.,.,.,.,.,.,.,.,Nydia y Georgina,Solo se registra para especie en flor
V20,2011-02-04,total,p0088,lip.tur,.,.,.,.,.,.,.,.,.,.,.,.,.,.,.,.,.,Nydia y Georgina,Solo se registra para especie en flor
V20,2011-02-04,total,p0098,ant.maj,.,.,.,.,.,.,.,.,.,.,.,.,.,.,.,.,.,Nydia y Georgina,Solo se registra para especie en flor
V20,2011-02-04,total,p0069,senecio sp,.,.,.,.,.,.,.,.,.,.,.,.,.,.,.,.,.,Nydia y Georgina,Solo se registra para especie en flor
V20,2011-02-04,total,p0134,tag.sp1,.,.,.,.,.,.,.,.,.,.,.,.,.,.,.,.,.,Nydia y Georgina,Solo se registra para especie en flor
V1,2011-03-11,P1,p0025,thy.pen,.,.,.,.,.,.,.,.,.,.,.,.,.,.,.,5,5,Diego,
V1,2011-03-11,P1,p0025,thy.pen,5,.,.,.,.,.,.,.,.,.,.,.,.,.,.,.,.,Diego y Nydia,Revisar numero de flores a partir de promedios
V1,2011-03-11,P1,p0127,sol.kur,10,.,.,.,.,.,.,.,.,.,.,.,.,.,.,.,.,Diego,Revisar numero de flores a partir de promedios
V1,2011-03-11,P1,p0127,sol.kur,.,.,.,.,.,.,.,.,.,.,.,.,.,.,.,10,10,Diego y Nydia,
V1,2011-03-11,P2,p0003,zuc.pun,7,.,.,.,.,.,.,.,.,.,.,.,.,.,.,.,.,Nydia,Revisar numero de flores a partir de promedios
V1,2011-03-11,P2,p0004,hel.don,2,3,1,.,.,.,.,.,.,.,.,.,.,.,.,.,4,Nydia,
V1,2011-03-11,P2,p0006,men.dec,3,5,3,1,.,.,.,.,.,.,.,.,.,.,.,.,9,Nydia,
V1,2011-03-11,P2,p0014,art.men,23,120,40,180,1300,2000,.,.,.,.,.,.,.,.,.,.,16744,Nydia,
V1,2011-03-11,P2,p0019,aca.ser,29,15,32,132,20,320,.,.,.,.,.,.,.,.,.,.,3010.2,Nydia,
V1,2011-03-11,P2,p0025,thy.pen,.,.,.,.,.,.,.,.,.,.,.,.,.,.,.,369,369,Nydia,20 individuos
V1,2011-03-11,P2,p0050,hys.jas,20,3,4,1,2,3,.,.,.,.,.,.,.,.,.,.,52,Nydia,
V1,2011-03-11,P2,p0131,gut.sp1,5,15,6,12,2,10,.,.,.,.,.,.,.,.,.,.,45,Nydia,
V1,2011-03-11,P2,p0128,lig.cun,1,5,.,.,.,.,.,.,.,.,.,.,.,.,.,.,5,Nydia,papas
V1,2011-03-11,P2,p0053,sol.atr,.,.,.,.,.,.,.,.,.,.,.,.,.,.,.,29,29,Nydia,
V1,2011-03-11,P2,p0052,oxy.ova,1,7,.,.,.,.,.,.,.,.,.,.,.,.,.,.,7,Nydia,
V1,2011-03-11,P5,p0128,lig.cun,2,3,10,.,.,.,.,.,.,.,.,.,.,.,.,.,13,Diego,
V1,2011-03-11,P5,p0128,lig.cun,2,3,10,.,.,.,.,.,.,.,.,.,.,.,.,.,13,Diego y Nydia,
V1,2011-03-11,P5,p0127,sol.kur,.,.,.,.,.,.,.,.,.,.,.,.,.,.,.,.,.,Diego,Muchas
V1,2011-03-11,P5,p0127,sol.kur,.,.,.,.,.,.,.,.,.,.,.,.,.,.,.,.,.,Diego y Nydia,muchas
V1,2011-03-11,P6,p0003,zuc.pun,2,130,10,.,.,.,.,.,.,.,.,.,.,.,.,.,140,Nydia,
V1,2011-03-11,P6,p0004,hel.don,2,3,2,.,.,.,.,.,.,.,.,.,.,.,.,.,5,Nydia,
V1,2011-03-11,P6,p0006,men.dec,2,1,1,.,.,.,.,.,.,.,.,.,.,.,.,.,2,Nydia,
V1,2011-03-11,P6,p0019,aca.ser,80,300,2020,140,310,350,.,.,.,.,.,.,.,.,.,.,49920,Nydia,
V1,2011-03-11,P6,p0025,thy.pen,.,.,.,.,.,.,.,.,.,.,.,.,.,.,.,109,109,Nydia,20 individuos
V1,2011-03-11,P6,p0050,hys.jas,39,2,1,1,2,1,.,.,.,.,.,.,.,.,.,.,54.6,Nydia,
V1,2011-03-11,T1,p0003,zuc.pun,2,30,5,.,.,.,.,.,.,.,.,.,.,.,.,.,35,Nydia,
V1,2011-03-11,T1,p0004,hel.don,5,3,1,7,3,4,.,.,.,.,.,.,.,.,.,.,18,Nydia,
V1,2011-03-11,T1,p0006,men.dec,11,5,1,1,2,2,.,.,.,.,.,.,.,.,.,.,24.2,Nydia,
V1,2011-03-11,T1,p0011,lyc.chi,3,6,2,10,.,.,.,.,.,.,.,.,.,.,.,.,18,Nydia,
V1,2011-03-11,T1,p0019,aca.ser,97,5,32,140,300,18,.,.,.,.,.,.,.,.,.,.,9603,Nydia,
V1,2011-03-11,T1,p0025,thy.pen,.,.,.,.,.,.,.,.,.,.,.,.,.,.,.,70,70,Nydia,36 individuos
V1,2011-03-11,T1,p0036,lec.het,1,1,.,.,.,.,.,.,.,.,.,.,.,.,.,.,1,Nydia,
V1,2011-03-11,T1,p0050,hys.jas,105,8,9,6,3,4,.,.,.,.,.,.,.,.,.,.,630,Nydia,
V1,2011-03-11,T1,p0133,bac.sal,1,17,.,.,.,.,.,.,.,.,.,.,.,.,.,.,17,Nydia,
V1,2011-03-11,T2,p0004,hel.don,3,3,3,9,.,.,.,.,.,.,.,.,.,.,.,.,15,Nydia,
V1,2011-03-11,T2,p0006,men.dec,30,1,1,1,1,1,.,.,.,.,.,.,.,.,.,.,30,Nydia,
V1,2011-03-11,T2,p0011,lyc.chi,1,12,.,.,.,.,.,.,.,.,.,.,.,.,.,.,12,Nydia,
V1,2011-03-11,T2,p0019,aca.ser,115,136,12,170,300,350,.,.,.,.,.,.,.,.,.,.,22264,Nydia,
V1,2011-03-11,T2,p0025,thy.pen,.,.,.,.,.,.,.,.,.,.,.,.,.,.,.,83,83,Nydia,24 individuos
V1,2011-03-11,T2,p0050,hys.jas,32,2,2,2,3,4,.,.,.,.,.,.,.,.,.,.,83.2,Nydia,
V1,2011-03-11,T2,p0053,sol.atr,2,5,9,.,.,.,.,.,.,.,.,.,.,.,.,.,14,Nydia,
V4,2011-03-11,P1,p0003,zuc.pun,1,50,.,.,.,.,.,.,.,.,.,.,.,.,.,.,50,Diego,
V4,2011-03-11,P1,p0003,zuc.pun,1,50,.,.,.,.,.,.,.,.,.,.,.,.,.,.,50,Diego y Nydia,
V4,2011-03-11,P1,p0015,cer.arv,2,12,15,.,.,.,.,.,.,.,.,.,.,.,.,.,27,Diego,
V4,2011-03-11,P1,p0019,aca.ser,20,.,.,.,.,.,.,.,.,.,.,.,.,.,.,.,2000,Diego,Revisar numero de flores a partir de promedios
V4,2011-03-11,P1,p0019,aca.ser,20,.,.,.,.,.,.,.,.,.,.,.,.,.,.,.,.,Diego y Nydia,Revisar numero de flores a partir de promedios
V4,2011-03-11,P1,p0025,thy.pen,.,.,.,.,.,.,.,.,.,.,.,.,.,.,.,50,50,Diego,
V4,2011-03-11,P1,p0025,thy.pen,.,.,.,.,.,.,.,.,.,.,.,.,.,.,.,50,50,Diego y Nydia,
V4,2011-03-11,P1,p0050,hys.jas,1,4,.,.,.,.,.,.,.,.,.,.,.,.,.,.,4,Diego,
V4,2011-03-11,P1,p0050,hys.jas,1,4,.,.,.,.,.,.,.,.,.,.,.,.,.,.,4,Diego y Nydia,
V4,2011-03-11,P1,p0131,gut.sp1,2,12,15,.,.,.,.,.,.,.,.,.,.,.,.,.,27,Diego y Nydia,
V4,2011-03-11,P1,p0127,sol.kur,3,10,5,16,.,.,.,.,.,.,.,.,.,.,.,.,31,Diego,
V4,2011-03-11,P1,p0127,sol.kur,3,10,5,16,.,.,.,.,.,.,.,.,.,.,.,.,31,Diego y Nydia,
V4,2011-03-11,P2,p0011,lyc.chi,1,10,.,.,.,.,.,.,.,.,.,.,.,.,.,.,10,Diego y Nydia,
V4,2011-03-11,P2,p0017,sal.gil,11,40,30,85,15,10,.,.,.,.,.,.,.,.,.,.,396,Diego y Nydia,
V4,2011-03-11,P2,p0019,aca.ser,4,70,50,30,150,.,.,.,.,.,.,.,.,.,.,.,300,Diego y Nydia,
V4,2011-03-11,P2,p0025,thy.pen,.,.,.,.,.,.,.,.,.,.,.,.,.,.,.,85,85,Diego y Nydia,7 individuos
V4,2011-03-11,P2,p0054,sph.min,8,6,5,3,12,5,17,.,.,.,.,.,.,.,.,.,64,Diego y Nydia,
V4,2011-03-11,P2,p0053,sol.atr,.,.,.,.,.,.,.,.,.,.,.,.,.,.,.,66,66,Diego y Nydia,
V4,2011-03-11,P2,p0052,oxy.ova,.,.,.,.,.,.,.,.,.,.,.,.,.,.,.,50,50,Diego y Nydia,
V4,2011-03-11,P2,p0127,sol.kur,.,.,.,.,.,.,.,.,.,.,.,.,.,.,.,230,230,Diego y Nydia,
V4,2011-03-11,P5,p0014,art.men,3,.,.,.,.,.,.,.,.,.,.,.,.,.,.,.,.,Diego y Nydia,Revisar numero de flores a partir de promedios
V4,2011-03-11,P5,p0019,aca.ser,20,.,.,.,.,.,.,.,.,.,.,.,.,.,.,.,2000,Diego,Revisar numero de flores a partir de promedios
V4,2011-03-11,P5,p0019,aca.ser,20,.,.,.,.,.,.,.,.,.,.,.,.,.,.,.,.,Diego y Nydia,Revisar numero de flores a partir de promedios
V4,2011-03-11,P5,p0054,sph.min,1,3,.,.,.,.,.,.,.,.,.,.,.,.,.,.,3,Diego,
V4,2011-03-11,P5,p0054,sph.min,1,3,.,.,.,.,.,.,.,.,.,.,.,.,.,.,3,Diego y Nydia,
V4,2011-03-11,P5,p0014,art.men,3,.,.,.,.,.,.,.,.,.,.,.,.,.,.,.,2184,Diego,Revisar numero de flores a partir de promedios
V4,2011-03-11,P5,p0004,hel.don,.,.,.,.,.,.,.,.,.,.,.,.,.,.,.,.,.,Diego,
V4,2011-03-11,P5,p0052,oxy.ova,5,.,.,.,.,.,.,.,.,.,.,.,.,.,.,.,.,Diego,Revisar numero de flores a partir de promedios
V4,2011-03-11,P5,p0052,oxy.ova,5,.,.,.,.,.,.,.,.,.,.,.,.,.,.,.,.,Diego y Nydia,Revisar numero de flores a partir de promedios
V4,2011-03-11,P5,p0127,sol.kur,1,3,.,.,.,.,.,.,.,.,.,.,.,.,.,.,3,Diego,
V4,2011-03-11,P5,p0127,sol.kur,8,.,.,.,.,.,.,.,.,.,.,.,.,.,.,.,.,Diego y Nydia,Revisar numero de flores a partir de promedios
V4,2011-03-11,P6,p0003,zuc.pun,1,60,.,.,.,.,.,.,.,.,.,.,.,.,.,.,60,Diego y Nydia,
V4,2011-03-11,P6,p0006,men.dec,4,1,2,3,6,.,.,.,.,.,.,.,.,.,.,.,12,Diego y Nydia,
V4,2011-03-11,P6,p0019,aca.ser,54,14,27,16,7,11,.,.,.,.,.,.,.,.,.,.,810,Diego y Nydia,
V4,2011-03-11,P6,p0025,thy.pen,.,.,.,.,.,.,.,.,.,.,.,.,.,.,.,24,24,Diego y Nydia,7 individuos
V4,2011-03-11,P6,p0050,hys.jas,40,1,4,1,2,8,.,.,.,.,.,.,.,.,.,.,128,Diego y Nydia,
V4,2011-03-11,P6,p0131,gut.sp1,1,18,.,.,.,.,.,.,.,.,.,.,.,.,.,.,18,Diego y Nydia,
V4,2011-03-11,T1,p0006,men.dec,2,1,2,.,.,.,.,.,.,.,.,.,.,.,.,.,3,Diego y Nydia,
V4,2011-03-11,T1,p0011,lyc.chi,2,20,36,.,.,.,.,.,.,.,.,.,.,.,.,.,56,Diego y Nydia,
V4,2011-03-11,T1,p0017,sal.gil,37,25,10,6,125,99,.,.,.,.,.,.,.,.,.,.,1961,Diego y Nydia,
V4,2011-03-11,T1,p0019,aca.ser,66,320,50,150,30,350,.,.,.,.,.,.,.,.,.,.,11880,Diego y Nydia,
V4,2011-03-11,T1,p0025,thy.pen,.,.,.,.,.,.,.,.,.,.,.,.,.,.,.,3,3,Diego y Nydia,
V4,2011-03-11,T1,p0053,sol.atr,8,7,15,5,8,2,.,.,.,.,.,.,.,.,.,.,59.2,Diego y Nydia,
V4,2011-03-11,T1,p0052,oxy.ova,.,.,.,.,.,.,.,.,.,.,.,.,.,.,.,16,16,Diego y Nydia,
V4,2011-03-11,T1,p0127,sol.kur ,.,.,.,.,.,.,.,.,.,.,.,.,.,.,.,1438,1438,Diego y Nydia,manchon grande
,,,,,,,,,,,,,,,,,,,,,,,
,,,,,,,,,,,,,,,,,,,,,,,
,,,,,,,,,,,,,,,,,,,,,,,
,,,,,,,,,,,,,,,,,,,,.,,,
