;Acalyptrate_sp;Achaea_finita_Guenée;Acopsis_viridicans_Amyot&Serville;Aganais_borbonica _Boisduval;Agrostis_atritegulator_Hampson;Ahasverus_advena_Waltle;Allograpta_nasuta_Marquart;Allograpta_sp1;Allograpta_sp2;Anthomyia_faciata_Walker;Apis_mellifera_Linnaeus;Atherigona_sp1;Bactrocera_cucurbitae_Coquillett;Brachymyrmex_sp ;Calcidoidae_sp1;Campopleginae_sp1;Cephonodes_trochilus_Guého ;Cerambycidae_sp1;Cerambycidae_sp3;Ceratitis_roas_Karsch;Chaetocnema_sp1;Cheloninae_sp1;Cheloninae_sp2;Chironomidae_sp1;Chrysomya_megacephala_Fabricius;Cicadellidae_sp2;Condica_capensis;Conocephalus_sp1;Cryptinae_sp;Dasytinae_sp1;Dioxyna_sororcula_Wiedemann;Diptera_sp1;Dolichopodidae_sp1;Drosophila_sp1;Drosophila_sp2;Drosophila_sp3;Dysauxes_florida_Joan;Eilema_squalida_Viette;Episyrphus_sp._near_circularis_Hull;Eristalinus_flaveolus_Bigot;Eumolpinae_sp1;Fannia_pusio_Wiedemann;Foudia_madagascariense_Linnaeus;Gelechioidea_sp1;Goniurellia_or_Dectodes_sp;Graphomya_maculata_Scopoli;Henotesia_narcissus_Fabricius;Hippotion_eson_Cramer;Homoneura_quadrivittata_Walker;Homoneura_sp2;Homoneura_sp3;Hyadina_sp ;Hydrillodes_sp;Hyperaspis_hottentota_Mulsant;Ischiodon_aegyptius_Wiedemann;Lauxania_sp;Lecithoceridae_sp1;Lecithoceridae_sp2;Leptotes_pirithous_Linnaeus;Limnophora_quaterna_Loew;Limonia_(Dycranomia)sp;Limoniidae_sp;Lygaeidae_sp1;Lygaeidae_sp4;Lygaeidae_sp5;Lygistorrhina_sp;Macroglossum_milvus_Boisduval;Mauritiborium_undulatus;Melanagromyza_sojae_Zehntner;Melanostoma_annulipes_Macquart;Melanostoma_bituberculatum_Loew;Miridae_sp1;Mordellidae_sp1;Mordellidae_sp2;Musca_domestica_Linnaeus;Mythimna_sp1;Nacoleia_sp1;Nacoleia_sp2;Nogodinidae_sp;Nyctemera_insulare_Boisduval;Ophyra_capensis_Wiedemann;Orchisia_costata_Meigen;Ornidia_obesa_Fabricius;Orthellia_albigena_Stein;Pachycerina_crinicornis_Thomson;Paleorhiza_sp1;Panara_naso_Fabricius;Papillio_manlius_Fabricius;Paragus_borbonicus_Macquart;Pelecophora_intemipta_All;Peribaea_sp;Phalanta_phalantha_Drury;Pheidole_megacephala_Fabricius;Phelsuma_cepediana_Merrem;Phorinia_sp;Polistes_hebraeus_Fabricius;Psilopa_iceryae_Cresson;Psyllidae_sp1;Psyllidae_sp2;Pteromalidae_sp1;Pterophoridae_sp1;Pycnonotus_jocosus_Linnaeus;Remigia_frugalis_Fabricius ;Sapromyza_sp_near_nudiuscula_Lamb.;Sarcophaga_arno_Curran ;Sarrothripinae_sp;Scatopsidae_sp;Scirtidae_sp1;Scirtidae_sp2;Scolia_carniflex_Coquillett;Scolia_oryctophaga_Coquillett;Scopariinae_sp;Sepsis_lateralis_Wiedemann;Simulium_(Byssodon) _sp2;Simulium_sp1;Siphona_sp;Spilogona_sp ;Spodoptera_littoralis_Boisduval;Stomorhina_lunata_Fabricius;Stomoxys_calcitrans_Linnaeus;Stomoxys_niger_Macquart;Strictopterinae_sp1;Syritta_nigrofemorata_Macquart;Syritta_sp_(near abyssinica Rondani);Tarundia_servillei_Spinola;Technomyrmex_albipes_Smith;Tettigoniidae_sp1;Thelairodrino_sp;Trichoplusia_indicator_Walker ;Trirhithrum_sp_near_nigerrimum_Bezzi;Villa_unifasciata_Macquart;Zaprionus_tuberculatus_Malloch;Zaprionus_vittiger_Coquillett;Zizeeria_knysa_Trimen;Zosterops_mauritianus_Gmelin
Agauria_salicifolia;0,0000;0,0000;0,0000;0,0000;0,0000;0,0000;0,0000;0,0000;0,0000;0,0000;0,6000;0,0000;0,0000;0,0000;0,0000;0,0000;0,0000;0,0000;0,0000;0,0000;0,0000;0,0000;0,0000;0,0000;0,0000;0,0000;0,0000;0,0000;0,0000;0,0000;0,0000;0,0000;0,0000;0,0000;0,0000;0,0000;0,0000;0,0000;0,0000;0,0000;0,0000;0,0000;0,0000;0,0000;0,0000;0,0000;0,0000;0,0000;0,0000;0,0000;0,0000;0,0000;0,0000;0,0000;0,0000;0,0000;0,0000;0,0000;0,0000;0,0000;0,0000;0,0000;0,0000;0,0000;0,0000;0,0000;0,0000;0,0000;0,0000;0,0000;0,0000;0,0000;0,0000;0,0000;0,0000;0,0000;0,9672;0,2400;0,0000;0,0000;0,0000;0,0000;0,0000;0,0000;0,1538;0,0000;0,0000;0,0000;0,0000;0,0000;0,0000;0,0000;0,0000;0,0000;0,0000;0,0000;0,0000;0,0000;0,0000;0,0000;0,0000;0,0000;0,0000;0,0000;0,0000;0,0000;0,0000;0,0000;0,0000;0,0000;0,0000;0,0000;0,0000;0,0000;0,0000;0,0000;0,0000;0,0000;0,1667;0,1667;0,0000;0,0000;0,0000;0,3333;0,0000;0,0000;0,0000;0,0000;0,0000;0,0000;0,0000;0,0000;0,0000;0,0000;0,0000
Antidesma_madagascariense;0,0000;0,0000;0,0000;0,0000;0,0000;0,0000;0,0000;0,0000;0,0000;0,0000;0,0000;0,0000;0,0000;0,0000;0,0000;0,0000;0,0000;0,0000;0,0000;0,0000;0,0000;0,0000;0,0000;0,0000;0,0000;0,0000;0,0000;0,0000;0,0000;0,0000;0,0000;0,0000;0,0000;0,0000;0,0000;0,0000;0,0000;0,0000;0,0000;0,0000;0,0000;0,3333;0,0000;0,0000;0,0000;0,0000;0,0000;0,0000;0,0000;0,0000;0,3333;0,1667;0,0000;0,0000;0,0000;0,0000;0,0000;0,1538;0,0000;0,0000;0,0000;0,0000;0,0000;0,0000;0,0000;0,0000;0,0000;0,3333;0,0000;0,0000;0,0000;0,0000;0,0000;0,0000;0,0000;0,0000;0,0000;0,0000;0,0000;0,0000;0,0000;0,0000;0,0000;0,0000;2,7279;0,0000;0,2500;0,0000;0,0000;0,1667;0,0000;0,0000;0,0000;0,0000;0,0000;0,0000;0,5556;0,0000;0,0000;0,0000;0,0000;0,0000;0,0000;0,0000;0,0000;0,0000;0,3333;0,0000;0,0000;0,0000;0,0000;0,0000;0,0000;0,0000;0,0000;0,0000;0,0000;0,0000;0,6190;0,0000;0,0741;0,0000;0,0000;0,0000;0,0000;0,6500;0,0000;0,0000;0,0000;0,0000;0,0000;0,0000;0,0000;0,0000;0,0000
Antirhea_borbonica;0,0000;0,0000;0,0000;0,0000;0,0000;0,0000;0,0000;0,0000;0,0000;0,0000;0,0000;0,0000;0,0000;0,0000;0,0000;0,0000;0,0000;0,0000;0,0000;0,0000;0,0000;0,0000;0,0000;0,0000;0,0000;0,0000;0,0000;0,0000;0,0000;0,0000;0,0000;0,0000;0,0000;0,0000;0,0000;0,0000;0,0000;0,0952;0,0000;0,0000;0,0000;0,0000;0,0000;0,0000;0,0000;0,1333;0,0000;0,0000;0,0000;0,0000;0,0000;0,0000;0,0000;0,0000;0,0000;0,0000;0,0000;0,0000;0,0200;0,0000;0,0000;0,0000;0,0000;0,0000;0,0000;0,0000;0,0000;0,0000;0,0000;0,1818;0,0000;0,0000;0,0000;0,0000;0,0000;0,0000;5,4865;0,0000;0,0000;0,0000;0,0000;0,0000;0,0000;0,0000;0,0800;0,0000;0,0000;0,0000;0,0000;0,0000;0,0000;0,0000;0,0000;0,0000;0,0000;0,0000;0,0800;0,0000;0,0000;0,0000;0,0000;0,0000;0,1429;0,0000;0,0000;0,0000;0,0000;0,0000;0,0000;0,0000;0,0000;0,0000;0,0000;0,0000;0,0000;0,0000;0,0000;0,0000;0,0000;0,0556;0,0000;0,0000;0,0000;0,0000;0,0000;0,0800;0,0000;0,0000;0,0000;0,0000;0,0000;0,0000;0,0000;0,0000;0,0000
Aphloia_theiformis;0,0000;0,0000;0,0000;0,0000;0,0000;0,0000;0,1435;0,0000;0,1739;0,0000;12,9301;0,0000;0,0000;4,7844;0,0000;0,0000;0,0000;0,0000;0,1111;0,0000;0,0000;0,2667;0,0000;0,0000;0,7623;0,0000;0,0000;0,0000;0,0000;0,0000;0,0000;0,0000;0,0000;0,1333;0,0000;0,0000;0,0000;0,0000;0,5000;1,5878;0,0000;0,5357;0,0000;0,0000;0,0000;0,0000;0,0435;0,0000;0,0000;0,1176;0,0000;0,0000;0,0000;0,0000;0,0800;0,0000;0,1429;0,0000;0,0435;0,0870;0,0000;0,0000;0,0000;0,0000;0,0000;0,0000;0,0000;0,0000;0,0000;2,8954;0,0000;0,0000;0,0000;0,0000;2,8863;0,0000;1,8298;0,4095;0,0000;0,2500;0,2105;0,0000;0,1853;0,0000;0,6406;0,0000;0,1600;0,0000;0,3275;0,3727;0,0000;0,0000;0,0000;0,0000;0,5036;0,8867;0,0000;0,0000;0,0000;0,0000;0,0000;0,0000;0,0000;0,0000;0,0000;0,0000;0,0000;0,0000;0,0000;0,1053;0,0769;0,0000;0,0000;0,0000;0,0000;0,0000;0,0000;0,0000;9,0167;0,8273;0,9359;0,0000;0,2333;0,0000;0,0000;9,4202;0,0000;0,0000;0,0000;0,0000;1,2722;0,0000;0,0000;0,0000;0,5686
Badula_insularis;0,0000;0,0000;0,0000;0,0000;0,0000;0,0000;0,0000;0,0000;0,0000;0,0000;0,0526;0,0000;0,0000;0,0000;0,0000;0,0000;0,0000;0,0000;0,0000;0,0000;0,0000;0,0000;0,0000;0,0000;0,0625;0,0000;0,0000;0,0000;0,0000;0,0000;0,0000;0,0000;0,0000;0,0000;0,0000;0,0000;0,0000;0,0000;0,0000;0,0800;0,0000;0,0000;0,0000;0,0000;0,0000;0,0000;0,0000;0,0000;0,0000;0,0000;0,0000;0,0000;0,0000;0,0000;0,0000;0,0000;0,0000;0,0000;0,0000;0,0000;0,0000;0,0000;0,0000;0,0000;0,0000;0,0000;0,0000;0,0000;0,0000;0,0000;0,0000;0,0000;0,0000;0,0000;0,0800;0,0000;0,0000;0,0000;0,0000;0,0000;0,0000;0,0000;0,3376;0,0000;0,0000;0,0000;0,0000;0,0000;0,0000;0,0000;0,0000;0,0000;0,0000;0,0000;0,0625;0,0000;0,0000;0,0000;0,0000;0,0000;0,0000;0,0000;0,0000;0,0000;0,0000;0,0000;0,0000;0,0000;0,0000;0,0000;0,0000;0,0000;0,0000;0,0000;0,0000;0,0000;0,0000;0,0000;0,7199;0,0000;0,0000;0,0000;0,0000;0,0000;0,0000;0,0000;0,0000;0,0000;0,0000;0,0625;0,0000;0,0000;0,0000;0,0526;0,0000
Badula_platiphylla;0,0000;0,0000;0,0000;0,0000;0,0000;0,1333;0,0000;0,0000;0,0000;0,0000;0,0000;0,0000;0,0000;0,8333;0,0000;0,0000;0,0000;0,0000;0,0000;0,0000;0,0000;0,0000;0,0000;0,0000;0,0000;0,0000;0,0000;0,0000;0,0000;0,0000;0,0000;0,0000;0,0000;0,0000;0,0000;0,0000;0,0000;0,0000;0,0000;0,0000;0,0000;0,0000;0,0000;0,0000;0,0000;0,0000;0,0000;0,0000;0,0000;0,0000;0,0000;0,0000;0,0000;0,0000;0,0000;0,0000;0,0000;0,0000;0,0000;0,0000;0,0000;0,0000;0,0000;0,0000;0,0000;0,0000;0,0000;0,0000;0,0000;0,0000;0,0000;0,0000;0,2222;0,0556;0,0000;0,0000;0,0000;0,0000;0,0000;0,0000;0,0000;0,0000;0,0000;0,0000;0,0000;0,0000;0,0000;0,0000;0,0000;0,0000;0,0000;0,0000;0,0000;0,0000;0,0000;0,0000;0,0000;0,0000;0,0000;0,0000;0,0000;0,0000;0,0000;0,0000;0,0000;0,0000;0,0000;0,0000;0,0000;0,0000;0,0000;0,0000;0,0000;0,0000;0,0000;0,0000;0,0000;0,0000;0,4000;0,0000;0,0000;0,0000;0,0000;0,0000;0,0000;0,1429;0,0000;0,0000;0,0000;0,0000;0,0000;0,0000;0,0000;0,0000;0,0000
Bakerella_hoyifolia_ssp_bojeri;0,0000;0,0000;0,0000;0,0000;0,0000;0,0000;0,0000;0,0000;0,0000;0,0000;0,4190;0,0000;0,0000;0,0000;0,0000;0,0000;0,0000;0,0000;0,0000;0,0000;0,0000;0,0000;0,0000;0,0000;0,4000;0,0000;0,0000;0,0000;0,0000;0,0000;0,0000;0,0000;0,0000;0,0000;0,0000;0,0000;0,0000;0,0000;0,0000;0,0000;0,0000;0,0000;0,0000;0,0000;0,0000;0,0000;0,0000;0,0000;0,0000;0,0000;0,0000;0,0000;0,0000;0,0000;0,0000;0,0000;0,0000;0,0000;0,0000;0,0000;0,0000;0,0000;0,0000;0,0000;0,0000;0,0000;0,0000;0,0000;0,0000;0,0000;0,0000;0,0000;0,0000;0,0000;0,0000;0,0000;0,0000;0,0000;0,0000;0,0000;0,0000;0,0000;0,0000;0,0000;0,0000;0,0000;0,0000;0,0000;0,0000;0,0000;0,0000;0,0000;0,0000;0,0000;0,0000;0,0000;0,0000;0,0000;0,0000;0,0000;0,0000;0,0000;0,0000;0,0000;0,0000;0,0000;0,0000;0,0000;0,0000;0,0000;0,0000;0,0000;0,0000;0,0000;0,0000;0,0000;0,0000;0,0000;0,0000;0,0000;0,0000;0,0000;0,0000;0,0000;0,0000;2,8571;0,0000;0,0000;0,0000;0,0000;0,0000;0,0000;0,0000;0,0000;0,0000
Bertiera_zaluzania ;0,0000;0,0000;0,0000;0,0000;0,0000;0,0000;0,2576;0,0000;0,0000;0,0000;2,4364;0,0000;0,0000;0,0000;0,0000;0,0000;0,0000;0,0000;0,0000;0,0000;0,0000;0,0000;0,0000;0,0000;0,9231;0,0000;0,0000;0,0000;0,0000;0,0000;0,0000;0,0000;0,0000;0,0000;0,0000;0,0000;0,0000;0,0000;0,1667;0,0000;0,0000;0,0000;0,0000;0,0000;0,0000;0,0000;0,0000;0,0000;0,0000;0,0000;0,0000;0,0000;0,0000;0,0000;0,1000;0,0000;0,0000;0,0000;0,0000;0,0000;0,0000;0,0000;0,0000;0,0000;0,0000;0,0000;0,0000;0,0000;0,0000;0,0000;0,0000;0,0000;0,0000;0,0000;0,0000;0,0000;0,0000;0,0000;0,0000;0,0000;0,0000;0,0000;0,0000;0,0000;0,1429;0,0000;0,0000;0,0000;0,0000;0,0000;0,0000;0,0000;0,0000;0,2333;0,0000;0,1538;0,0000;0,0000;0,0000;0,0000;0,0000;0,0000;0,0000;0,0000;0,0000;0,0000;0,0000;0,0000;0,0000;0,0000;0,0000;0,0000;0,0000;0,0000;0,0000;0,0000;0,0000;0,0000;0,1667;0,0000;0,0000;0,0000;0,0000;0,0000;0,0000;0,9984;0,0000;0,0000;0,0000;0,0000;0,0000;0,0000;0,0000;0,0000;0,1909
Calophyllum_eputamen_var_eputamen;0,0000;0,0000;0,0000;0,0000;0,0000;0,0000;0,0000;0,0000;0,0000;0,0000;1,4603;0,0000;0,0000;0,0000;0,0000;0,0000;0,0000;0,0000;0,0000;0,0000;3,8000;0,0000;0,0000;0,0000;0,2000;0,0000;0,0000;0,0000;0,0000;0,0000;0,0000;0,0000;0,0000;0,0000;0,0000;0,0000;0,0000;0,0000;0,4000;0,4000;0,0000;0,0000;0,0000;0,0000;0,0000;0,0000;0,0000;0,0000;0,0000;0,0000;0,0000;0,0000;0,0000;0,0000;0,0000;0,0000;0,0000;0,0000;0,0000;0,0000;0,0000;0,0000;0,0000;0,0000;0,0000;0,0000;0,0000;0,0000;0,0000;0,0000;0,0000;0,0000;0,0000;0,0000;0,0000;0,0000;0,0000;0,0000;0,0000;0,0000;0,2857;0,0000;0,0000;0,5000;0,0000;0,0000;0,0000;0,0000;0,0000;0,0000;0,0000;0,0000;0,0000;0,0000;0,0000;0,2857;0,0000;0,0000;0,0000;0,0000;0,0000;0,0000;0,0000;0,0000;0,0000;0,0000;0,0000;0,0000;0,0000;0,0000;0,0000;0,0000;0,0000;0,0000;0,0000;0,0000;0,0000;0,0000;0,6857;0,0000;0,0000;0,0000;0,0000;0,0000;0,0000;0,4000;0,0000;0,0000;0,0000;0,0000;0,4000;0,0000;0,0000;0,0000;0,0000
Casearia_coriacea;0,0000;0,0000;0,0000;0,0000;0,0000;0,0000;0,0000;0,0000;0,0000;0,0000;0,0000;0,0000;0,0000;0,1429;0,0000;0,0000;0,0000;0,0000;0,0000;0,0000;0,0000;0,0000;0,0000;0,0000;0,0000;0,0000;0,0000;0,0000;0,0000;0,0000;0,0000;0,0000;0,0000;0,0000;0,0000;0,0000;0,0000;0,0000;0,0000;0,0000;0,0000;0,0000;0,0000;0,0000;0,0000;0,0000;0,0000;0,0000;0,0000;0,0000;0,0000;0,0000;0,0000;0,0000;0,0000;0,0000;0,0000;0,0000;0,0000;0,0000;0,0000;0,0000;0,0000;0,0000;0,0000;0,0000;0,0000;0,0000;0,0000;0,0000;0,0000;0,0000;0,0000;0,0000;0,0000;0,0000;0,0000;0,0000;0,0000;0,0000;0,0000;0,0000;0,0000;0,0000;0,0000;0,0000;0,0000;0,0000;0,0000;0,0000;0,0000;0,0000;0,0000;0,0000;0,0000;0,0000;0,0000;0,0000;0,0000;0,0000;0,0000;0,0000;0,0000;0,0000;0,0000;0,0000;0,0000;0,0000;0,0000;0,0000;0,0000;0,0000;0,0000;0,0000;0,0000;0,0000;0,0000;0,0000;0,0000;0,0000;0,0000;0,0000;0,0000;0,0000;0,0000;5,8330;0,0000;0,0000;0,0000;0,0000;0,0000;0,0000;0,0000;0,0000;0,0000
Chassalia_coriacea_var_coriacea;0,0000;0,0000;0,0000;0,0000;0,0000;0,0000;0,1429;0,0000;0,0000;0,0000;0,0000;0,0000;0,0000;0,0000;0,0000;0,0000;0,1000;0,0000;0,0000;0,0000;0,0000;0,0000;0,0000;0,0000;0,0000;0,0000;0,0000;0,0000;0,0000;0,0000;0,0000;0,0000;0,0000;0,0000;0,0000;0,0000;0,0000;0,0000;0,0000;0,0000;0,0000;0,0000;0,0000;0,0000;0,0000;0,0000;0,0000;0,0000;0,0000;0,0000;0,0000;0,0000;0,0000;0,0000;0,0000;0,0000;0,0000;0,0000;0,2222;0,0000;0,0000;0,0000;0,0000;0,0000;0,0000;0,0000;0,0364;0,0000;0,0000;0,0000;0,0000;0,0000;0,0000;0,0000;0,1429;0,0000;0,0000;0,0000;0,0000;0,0000;0,0000;0,0000;0,0000;0,0000;0,2222;0,0000;1,0661;0,0000;0,0000;0,0000;0,0000;0,0000;0,0000;0,0000;0,0000;0,0000;0,0000;0,0000;0,0000;0,0000;0,0000;0,0000;0,0000;0,0000;0,0000;0,0000;0,0000;0,0000;0,0000;0,0000;0,0000;0,0000;0,0000;0,0000;0,0000;0,0000;0,0000;0,0000;0,6190;0,0000;0,0000;0,0000;0,0800;0,0000;0,2222;0,0000;0,0000;0,0000;0,0000;0,0000;0,0000;0,0000;0,0000;0,0000;0,0000
Claoxylon_linostachys_ssp_brachyphyllum;0,0000;0,0000;0,1333;0,0000;0,0000;0,0000;0,2143;0,0000;0,0000;0,0000;0,0000;0,0000;0,0000;1,8573;0,0000;0,0000;0,0000;0,0000;0,0000;0,0000;0,1818;0,0000;0,0000;0,0000;0,0000;0,0000;0,0000;0,0000;0,0000;0,0000;0,0000;0,0000;0,0000;0,0000;0,0000;0,0000;0,0000;0,0000;0,0000;0,0000;0,0000;0,1818;0,0000;0,0000;0,0000;0,0000;0,0000;0,0000;0,0000;0,0000;0,0000;0,0000;0,0000;0,0000;0,2400;0,0000;0,0000;0,0000;0,0000;0,0000;0,0000;0,0000;0,0000;0,0000;0,1333;0,2000;0,0000;0,0000;0,0444;0,8810;0,0000;0,2467;0,0000;0,0000;0,1250;0,0000;0,0000;0,0000;0,0000;0,0000;0,0000;0,0000;0,0000;0,0000;0,2000;0,0000;0,0000;0,0000;0,0000;0,0000;0,0000;0,0000;0,0000;0,0000;0,0000;0,0000;0,0000;0,0000;0,0000;0,0000;0,0000;0,0000;0,0000;0,0000;0,0333;0,0000;0,0000;0,0000;0,0000;0,0000;0,0000;0,0000;0,0000;0,0000;0,0000;0,0000;0,0000;0,0000;0,0000;0,0000;0,2000;0,0000;0,0333;0,0333;0,0000;0,2444;0,0000;0,0000;0,0000;0,0000;0,0000;0,0000;0,0000;0,0000;0,0000
Coffea_macrocarpa;0,0000;0,0000;0,0000;0,0000;0,0000;0,0000;0,0000;0,0000;0,0000;0,0000;0,2000;0,0000;0,0000;0,0000;0,0000;0,0000;0,0000;0,0000;0,0000;0,0000;0,0000;0,0000;0,0000;0,0000;0,1600;0,0000;0,0000;0,0000;0,0000;0,0000;0,0000;0,0000;0,0000;0,0000;0,0000;0,0000;0,0000;0,1870;0,0000;0,1600;0,0000;0,0000;0,0000;0,0769;0,0000;0,0000;0,0000;0,0000;0,0000;0,0000;0,0000;0,0000;0,0000;0,0000;0,0000;0,0000;0,0000;0,0000;0,0000;0,0000;0,0000;0,0000;0,0000;0,0000;0,0000;0,0000;0,0000;0,0000;0,0000;0,0000;0,0000;0,0000;0,0000;0,0000;0,0000;0,0870;2,2617;0,0000;0,0000;0,0000;0,0000;0,0000;0,0000;0,0000;0,1818;0,0000;0,0000;0,0000;0,0000;0,0000;0,0000;0,0000;0,0000;0,0000;0,0000;0,0000;0,2000;0,0000;0,0000;0,0000;0,0000;0,0000;0,0000;0,0000;0,0000;0,0000;0,0000;0,0000;0,0000;0,0000;0,0000;0,0000;0,0000;0,0000;0,0000;0,0000;0,0000;0,0000;0,0800;0,0000;0,0000;0,0000;0,0000;0,0000;0,0000;0,2000;0,0000;0,0000;0,0000;0,0000;0,0000;0,0000;0,0000;0,0000;0,0000
Coffea_mauritiana;0,0000;0,0000;0,0000;0,0000;0,0000;0,0000;0,6906;0,0000;0,0000;0,0000;1,8269;0,0000;0,0000;1,6000;0,0000;0,0000;0,0000;0,0000;0,0000;0,0000;0,2857;0,0000;0,0000;0,0000;0,0000;0,0000;0,0000;0,0000;0,0000;0,0000;0,0000;0,0000;0,0000;0,0000;0,0000;0,7273;0,0000;0,0000;0,1818;0,0000;0,0000;0,0000;0,0000;0,0000;0,0000;0,0000;0,0000;0,0000;0,0000;0,0000;0,0000;0,0000;0,2000;0,0000;0,0000;0,0000;0,0000;0,0000;0,0000;0,0000;0,1667;0,0000;0,0000;0,0000;0,0000;0,1429;0,0000;0,0000;0,0000;0,0000;0,0000;0,0000;0,0000;0,0000;0,0000;0,0000;2,3152;0,5000;0,0000;0,0000;0,0000;0,0000;0,0000;0,0000;1,4312;0,0000;0,0000;0,0000;0,0000;0,0000;0,0000;0,0000;0,0000;0,0000;0,0000;0,0000;0,0000;0,0000;0,0000;0,0000;0,0000;0,0000;0,0000;0,0000;0,0000;0,0000;0,0000;0,0000;0,0000;0,0000;0,0000;0,0000;0,0000;0,0000;0,0000;0,0000;0,0000;0,0000;0,1818;0,0000;0,0000;0,0000;0,0000;0,0000;0,0000;2,4273;0,0000;0,0000;0,0000;0,0000;0,0000;0,0000;0,0000;0,0000;0,0000
Colea_colei;0,0000;0,0000;0,0000;0,0000;0,0000;0,0000;0,0000;0,0000;0,0000;0,0000;0,0000;0,0000;0,0000;0,0000;0,0000;0,0000;0,0000;0,0000;0,0000;0,0000;0,0000;0,0000;0,0000;0,0000;0,0000;0,0000;0,0000;0,0000;0,0000;0,0000;0,0000;0,0000;0,0000;0,0000;0,0000;0,0000;0,0000;0,0000;0,0000;0,0000;0,0000;0,0000;0,0000;0,0000;0,0000;0,0000;0,0000;0,0000;0,0000;0,0000;0,0000;0,0000;0,0000;0,0000;0,0000;0,0000;0,0000;0,0000;0,0000;0,0000;0,0000;0,0000;0,0000;0,0000;0,0000;0,0000;0,0000;0,0000;0,0000;0,0000;0,0000;0,0000;0,0000;0,0000;0,0000;0,0000;0,0000;0,0000;0,0000;0,0000;0,0000;0,0000;0,0000;0,0000;0,0000;0,0000;0,0000;0,0000;0,0000;0,0000;0,0000;0,0000;0,0000;0,0000;0,0000;0,0000;0,0000;0,0000;0,0000;0,0000;0,0000;0,0000;0,0000;0,0000;0,0000;0,0000;0,0000;0,0000;0,0000;0,0000;0,0000;0,0000;0,0000;0,0000;0,0000;0,0000;0,0000;0,0000;0,0000;0,0000;0,0000;0,0000;0,0000;0,0000;0,0000;0,0000;0,0000;0,0000;0,0000;0,0000;0,0000;0,0000;0,0000;0,0000;0,0000
Cordemoya_integrifolia;0,0000;0,0000;0,0000;0,0000;0,0000;0,0000;0,0000;0,0000;0,0000;0,0000;1,1316;0,0000;0,0000;0,0000;0,0000;0,0000;0,0000;0,0000;0,0000;0,0000;0,1667;0,0000;0,0000;0,0000;0,0000;0,0000;0,0000;0,0000;0,0000;0,0000;0,0000;0,0000;0,0000;0,0000;0,0000;0,0000;0,0000;0,0000;0,0000;0,0000;0,0000;0,0000;0,0000;0,0000;0,0000;0,0000;0,0000;0,0000;0,0000;0,0000;0,0000;0,0000;0,0000;0,0000;0,0000;0,0000;0,0000;0,0000;0,0000;0,0000;0,0000;0,0000;0,0000;0,0000;0,0000;0,0000;0,0000;0,0000;0,0000;0,0000;0,0000;0,0000;0,0000;0,0000;0,0000;0,0000;0,0000;0,0000;0,0000;0,0000;0,0000;0,0000;0,0000;0,0000;0,3636;0,0000;0,0000;0,0000;0,0000;0,0000;0,0000;0,0000;0,0000;0,0000;0,0000;0,0000;0,0000;0,0000;0,0000;0,0000;0,0000;0,0000;0,0000;0,0000;0,0000;0,0000;0,0000;0,0000;0,0000;0,0000;0,0000;0,0000;0,0000;0,0000;0,0000;0,0000;0,0000;0,0000;0,0000;0,0000;0,0000;0,0000;0,0000;0,0000;0,0000;0,8910;0,0000;0,0000;0,0000;0,0000;0,0000;0,0000;0,0000;0,0000;0,0000
Croton_fothergillifolius;0,0000;0,0000;0,0000;0,0000;0,0000;0,0000;0,1667;0,0000;0,0000;0,0000;0,0250;0,0000;0,0000;0,5833;0,0000;0,0000;0,0000;0,0000;0,0000;0,0000;0,4117;0,0000;0,0000;0,0000;0,2511;0,0000;0,0000;0,0000;0,0000;0,1000;0,1683;0,0000;0,0000;0,0000;0,0000;0,0000;0,1541;0,0000;0,0267;0,2733;0,0000;0,0000;0,0000;0,0000;0,0833;0,0177;0,0000;0,0000;0,0000;0,0000;0,0000;0,0000;0,0000;0,0000;0,2786;0,0000;0,0000;0,0000;0,1089;0,0000;0,0000;0,0000;0,0000;0,0000;0,0000;0,0000;0,0000;0,0000;0,0000;0,0129;0,0000;0,0000;0,0000;0,0000;0,6640;0,0000;0,0929;0,0000;0,0000;0,0000;0,0000;0,0000;0,0129;0,0000;1,4575;0,0000;0,0000;0,0000;0,0267;0,0000;0,0000;0,0000;0,0000;0,0000;0,0000;0,0000;0,0000;0,0286;0,0000;0,0000;0,0000;0,0000;0,0000;0,0000;0,0267;0,0000;0,0000;0,0000;0,0000;0,0000;0,0000;0,0000;0,0000;0,0000;0,0000;0,0000;0,0000;0,0000;1,8635;0,5916;0,1210;0,0000;0,0463;0,0556;0,0000;0,5540;0,0000;0,0000;0,0000;0,0000;0,0177;0,0000;0,0000;0,0000;0,0000
Diospyros_revaughanii;0,0000;0,0000;0,0000;0,0000;0,0000;0,0000;0,0000;0,5000;0,0000;0,0000;16,5155;0,0000;0,0000;0,6667;0,0000;0,0000;0,0000;0,0000;0,0000;0,0000;0,0000;0,0000;0,0000;0,0000;0,0000;0,0000;0,0000;0,0000;0,0000;0,0000;0,0000;0,0000;0,0000;0,0000;0,0000;0,0000;0,0000;0,0000;0,0000;0,0000;0,0000;0,0000;0,0000;0,0000;0,0000;0,0000;0,0000;0,0000;0,0000;0,0000;0,0000;0,0000;0,0000;0,0000;0,0000;0,0000;0,4000;0,0000;0,0000;0,0000;0,0000;0,0000;0,0000;0,0000;0,0000;0,0000;0,0000;0,0000;0,0000;0,0000;0,0000;0,0000;0,0000;0,0000;0,0000;0,0000;7,8857;0,0000;0,0000;0,0000;0,0000;0,0000;0,1250;0,0000;0,0000;0,0000;0,0000;0,0000;0,0000;0,0000;0,0000;0,0000;0,0000;1,9000;0,0000;0,0000;0,0000;0,0000;0,0000;0,0000;0,0000;0,0000;0,0000;0,0000;0,0000;0,0000;0,0000;0,0000;0,0000;0,0000;0,0000;0,0000;0,0000;0,0000;0,0000;0,0000;0,0000;0,0000;0,1250;0,0000;0,0000;0,0000;0,0000;0,0000;0,0000;2,0000;0,0000;0,0000;0,0000;0,0000;0,0000;0,0000;0,0000;0,0000;0,0000
Dodonaea_viscosa ;0,0000;0,0000;0,0000;0,0000;0,0000;0,0000;0,0000;0,0000;0,0000;0,0000;0,0000;0,0000;0,0000;0,0000;0,0000;0,0000;0,0000;0,0000;0,0000;0,0000;0,0000;0,0000;0,0000;0,0000;0,0000;0,0000;0,0000;0,0000;0,0000;0,0000;0,0000;0,0000;0,0000;0,0000;0,0000;0,0000;0,0000;0,0000;0,0000;0,0000;0,0000;0,0000;0,0000;0,0000;0,0000;0,0000;0,0000;0,0000;0,0000;0,0000;0,0000;0,0000;0,0000;0,0000;0,0000;0,0000;0,0000;0,0000;0,0000;0,0000;0,0000;0,0000;0,0000;0,0000;0,0000;0,0000;0,0000;0,0000;0,0000;0,0000;0,0000;0,0000;0,0000;0,0000;0,0000;0,0000;0,0000;0,0000;0,0000;0,0000;0,0000;0,0000;0,0000;0,0000;0,6800;0,0000;0,0000;0,0000;0,0333;0,0000;0,0000;0,0000;0,0000;0,0000;0,0000;0,0000;0,0000;0,0000;0,0000;0,0000;0,0000;0,0000;0,0000;0,0000;0,0000;0,0000;0,0000;0,0000;0,0000;0,0000;0,0000;0,0000;0,0000;0,0000;0,0000;0,0000;0,0000;0,0000;0,0000;0,0000;0,0000;0,0000;0,0000;0,0000;0,0000;0,0000;0,0000;0,0000;0,0000;0,0000;0,0000;0,0000;0,0000;0,0000;0,0000
Doratoxylon_apetalum_var_apetalum;0,0000;0,0000;0,0000;0,0000;0,0000;0,0000;0,0000;0,0000;0,0000;0,0000;0,0000;0,0000;0,0000;0,2857;0,0000;0,0000;0,0000;0,0000;0,0000;0,0000;0,0000;0,0000;0,0000;0,0000;0,0000;0,0000;0,0000;0,0000;0,0000;0,0000;0,0000;0,0000;0,0000;0,0000;0,0000;0,0000;0,0000;0,0000;0,0000;0,0000;0,0000;0,0000;0,0000;0,0000;0,0000;0,0000;0,0000;0,0000;0,0000;0,0000;0,0000;0,0000;0,0000;0,0000;0,0000;0,0000;0,0000;0,0000;0,0000;0,0000;0,0000;0,0000;0,0000;0,0000;0,0000;0,2857;0,0000;0,0000;0,0000;0,0000;0,0000;0,0000;0,0000;0,0000;0,0000;0,0000;0,0000;0,0000;0,0000;0,0000;0,0000;0,0000;0,4444;0,0000;0,0000;0,0000;0,0000;0,0000;0,0000;0,0000;0,0000;0,0000;0,0000;0,0000;0,0000;0,0000;0,0000;0,0000;0,0000;0,0000;0,0000;0,0000;0,0000;0,0000;0,0000;0,0000;0,0000;0,0000;0,0000;0,0000;0,0000;0,0000;0,0000;0,0000;0,0000;0,0000;0,0000;0,0000;0,0000;0,0000;0,0000;0,0000;0,0000;0,0000;0,0000;1,7460;0,0000;0,0000;0,0000;0,0000;0,0000;0,0000;0,0000;0,0000;0,0000
Dracaena reflexa_var_angustifolia;0,0000;0,0000;0,0000;0,0000;0,0000;0,0000;0,1637;0,0000;0,0000;0,0000;0,4085;0,0000;0,0000;0,0000;0,0000;0,0000;0,1611;0,0000;0,0000;0,0000;0,0000;0,0000;0,0000;0,0000;0,0000;0,0000;0,0000;0,0000;0,0000;0,0000;0,0000;0,0000;0,0000;0,0000;0,0000;0,0000;0,0000;0,0000;0,0000;0,0000;0,0000;0,0000;0,0000;0,0000;0,0000;0,0000;0,0000;0,0000;0,0000;0,0000;0,0000;0,0000;0,0000;0,0000;0,1111;0,0000;0,0000;0,0500;0,0000;0,0000;0,0000;0,0000;0,0000;0,0000;0,0000;0,0000;0,0000;0,0000;0,0000;0,0000;0,0000;0,0000;0,0000;0,0000;0,0667;0,0000;0,0000;0,0000;0,0000;0,0000;0,0000;0,0000;0,0526;0,0000;0,0667;0,0000;0,1111;0,0000;0,0000;0,0000;0,0000;0,0000;0,0000;0,0000;0,0000;0,0000;0,0000;0,0000;0,0000;0,0000;0,0000;0,0000;0,0000;0,0000;0,0000;0,0000;0,0000;0,0000;0,0000;0,0000;0,0000;0,0000;0,0000;0,0000;0,0000;0,0000;0,0000;0,0000;0,6387;0,0000;0,0000;0,0000;0,1111;0,0000;0,0000;1,0000;0,0000;0,0000;0,0500;0,0000;0,0000;0,0000;0,0000;0,0000;0,0000
Embelia_angustifolia;0,0000;0,0000;0,0000;0,0000;0,0000;0,0000;0,0000;0,0000;0,0000;0,0000;0,0000;0,0000;0,0000;2,3687;0,0000;0,0000;0,0000;0,0000;0,0000;0,0000;0,0000;0,0000;0,0000;0,0000;0,0000;0,0000;0,0000;0,0000;0,0000;0,0000;0,0000;0,0000;0,0000;0,0000;0,0000;0,0000;0,0000;0,0000;0,0000;0,0000;0,0000;0,0000;0,0000;0,0000;0,0000;0,0000;0,0000;0,0000;0,0000;0,0000;0,0000;0,0000;0,0000;0,0000;0,0000;0,0000;0,0000;0,0000;0,0000;0,0000;0,0000;0,0000;0,0000;0,0000;0,0000;0,0000;0,0000;0,0000;0,0000;0,0000;0,0000;0,0000;0,0000;0,0000;0,0000;0,0000;0,0000;0,0000;0,0000;0,0000;0,0000;0,0000;0,0000;0,0000;0,0833;0,0000;0,0000;0,0000;0,0625;0,0000;0,0000;0,0000;0,0000;0,0000;0,1000;0,0000;0,0000;0,0000;0,0000;0,0000;0,0000;0,0000;0,0000;0,0000;0,0000;0,0000;0,0000;0,0000;0,0000;0,0000;0,0000;0,0000;0,0000;0,0000;0,0000;0,0000;0,0000;0,0000;0,1000;0,0000;0,0000;0,0000;0,0000;0,0000;0,0000;0,0000;0,0000;0,0000;0,0000;0,0000;0,0000;0,0000;0,0000;0,0000;0,0000
Erythrospermum_monticolum_var_monticolum;0,0000;0,0000;0,0000;0,0000;0,0000;0,0800;0,1667;0,0000;0,0000;0,0000;0,0000;0,0000;0,0000;0,0000;0,0000;0,0000;0,0000;0,0000;0,0000;0,0000;0,0000;0,0000;0,0000;0,0000;0,0000;0,0000;0,0000;0,0000;0,0000;0,0000;0,0000;0,0000;0,0000;0,0000;0,0000;0,0000;0,0000;0,0000;0,0000;0,0000;0,0000;0,0000;0,0000;0,0000;0,0000;0,0000;0,0000;0,0000;0,0000;0,0000;0,0000;0,0000;0,0000;0,0000;0,0000;0,0000;0,0000;0,0000;0,0000;0,0000;0,0000;0,0000;0,0000;0,0000;0,0000;0,0000;0,0000;0,0000;0,0000;0,0000;0,1538;0,0000;0,0000;0,0000;0,0000;0,0000;0,0000;0,0000;0,0000;0,0000;0,0000;0,0000;0,0000;0,0000;0,1538;0,0000;0,1429;0,0000;0,1667;0,0000;0,0000;0,0000;0,0000;0,0000;0,0000;0,0000;0,1600;0,0000;0,0000;0,0000;0,0000;0,0000;0,0000;0,0000;0,0000;0,0000;0,0000;0,0000;0,0000;0,0000;0,0000;0,0000;0,0000;0,0000;0,0000;0,0000;0,0000;0,0000;0,2353;0,0000;0,0000;0,0000;0,0000;0,1176;0,0000;0,0000;0,0000;0,0000;0,0000;0,0000;0,0000;0,0000;0,0000;0,0000;0,0000
Erythroxylum_macrocarpum;0,0000;0,0000;0,0000;0,0000;0,0000;0,0000;0,3636;0,0000;0,0000;0,0000;0,3333;0,0000;0,0000;3,2000;0,0000;0,0000;0,0000;0,0000;0,0000;0,0870;1,6353;0,0000;0,0000;0,0000;0,1538;0,0000;0,0000;0,0000;0,0000;0,0000;0,0000;0,0000;0,0000;0,0000;0,0000;0,0000;0,0000;0,0000;0,1818;0,5455;0,0000;0,0000;0,0000;0,0000;0,0000;0,2667;0,0000;0,0000;0,0000;0,0000;0,0000;0,0000;0,0000;0,0000;0,1818;0,0000;0,0000;0,0000;0,0769;0,3000;0,0000;0,0000;0,0000;0,0000;0,0000;0,0000;0,0000;0,1818;0,0000;1,1008;0,0000;0,0870;0,0000;0,0000;0,4857;0,0000;0,0000;0,0000;0,0000;0,0000;0,1429;0,0000;0,0000;0,0000;0,7000;0,0000;0,3333;0,0000;0,0000;0,0000;0,0000;0,0000;0,0000;0,0000;0,0769;0,1176;0,0000;0,0000;0,0000;0,0000;0,0000;0,0000;0,0000;0,0000;0,0000;0,0000;0,0000;0,0000;0,0000;0,0000;0,0000;0,0000;0,0000;0,0000;0,0000;0,0000;0,0000;0,0000;1,6899;0,7163;0,3556;0,0000;0,4636;0,0000;0,0000;0,7302;0,0000;0,0000;0,0000;0,0000;0,0000;0,0000;0,0000;0,0000;0,4034
Eugenia_orbiculata;0,0000;0,0000;0,0000;0,0000;0,0000;0,0000;0,0000;0,0000;0,0000;0,0000;1,0000;0,0000;0,0000;0,0000;0,0000;0,0000;0,0000;1,0000;0,0000;0,0000;0,0000;0,0000;0,0000;0,0000;0,0000;0,0000;0,0000;0,0000;0,0000;0,0000;0,0000;0,0000;0,0000;0,0000;0,0000;0,0000;0,0000;0,0000;0,0000;0,0000;0,0000;0,0000;0,0000;0,0000;0,0000;0,0000;0,0000;0,0000;0,0000;0,0000;0,0000;0,0000;0,0000;0,0000;0,0000;0,0000;0,0000;0,0000;0,0000;0,0000;0,0000;0,0000;0,0000;0,0000;0,0000;0,0000;0,0000;0,0000;0,0000;0,0000;0,0000;0,0000;0,0000;0,0000;0,0000;0,0000;0,0000;0,0000;0,0000;0,0000;0,0000;0,0000;0,0000;0,0000;0,0000;0,0000;0,0000;0,0000;0,0000;0,0000;0,0000;0,0000;0,0000;0,0000;0,0000;0,0000;0,0000;0,0000;0,0000;0,0000;0,0000;0,0000;0,0000;0,0000;0,0000;0,0000;0,0000;0,0000;0,0000;0,0000;0,0000;0,0000;0,0000;0,0000;0,0000;0,0000;0,0000;0,0000;0,0000;0,0000;0,0000;0,0000;0,0000;0,0000;0,0000;3,0000;0,0000;0,0000;0,0000;0,0000;3,0000;0,0000;0,0000;0,0000;0,0000
Euodia_chapelieri_var_chapelieri;0,0000;0,0000;0,0000;0,0000;0,0000;0,0000;0,0000;0,0000;0,0000;0,0000;0,3500;0,0000;0,0000;0,0000;0,0000;0,0000;0,0000;0,0000;0,0000;0,0000;0,0000;0,0000;0,0000;0,0000;0,1053;0,0000;0,0000;0,0000;0,0000;0,0000;0,0000;0,0000;0,0000;0,0000;0,0000;0,0000;0,0000;0,0000;0,0000;0,0000;0,0000;0,0000;0,0000;0,1250;0,0000;0,0000;0,0000;0,0000;0,0000;0,0000;0,0000;0,0000;0,0000;0,0000;0,0000;0,0000;0,0000;0,0000;0,0000;0,0000;0,0000;0,0000;0,0000;0,0000;0,0000;0,0000;0,0000;0,0000;0,0000;0,0000;0,0000;0,0000;0,0000;0,0000;0,0000;0,0000;0,0000;0,0000;0,0000;0,0000;0,0000;0,0000;0,0000;0,0000;0,4333;0,0000;0,0000;0,0000;0,2436;0,0000;0,0000;0,0000;0,0000;0,0000;0,0000;0,0000;0,0000;0,0000;0,0000;0,0000;0,0000;0,0000;0,0000;0,0000;0,0000;0,0000;0,0000;0,0000;0,0000;0,0000;0,0000;0,0000;0,0000;0,0000;0,0000;0,0000;0,0000;0,0000;0,0000;0,0667;0,0000;0,0000;0,0000;0,0000;0,0000;0,2667;0,0000;0,0000;0,0000;0,0000;0,0769;0,0000;0,0000;0,0000;0,0000
Euodia_obtusifolia_ssp_gigas_var_brachypoda;0,0000;0,0000;0,0000;0,0000;0,0000;0,0000;0,0000;0,0000;0,0000;0,0000;0,0000;0,0000;0,0000;0,0000;0,0000;0,0000;0,0000;0,0000;0,0000;0,0000;0,0000;0,0000;0,0000;0,0000;0,1538;0,0000;0,0000;0,0000;0,0000;0,0000;0,0000;0,0000;0,0000;0,0000;0,0000;0,0000;0,0000;0,0000;0,0909;0,0000;0,0000;0,0000;0,0000;0,0000;0,0000;0,0000;0,0000;0,0000;0,0000;0,0000;0,0000;0,0000;0,0000;0,0000;0,0000;0,0000;0,0000;0,0000;0,0000;0,0000;0,0000;0,0000;0,0000;0,0000;0,0000;0,0000;0,0000;0,0000;0,0000;0,1250;0,0000;0,0000;0,0000;0,0000;0,0000;0,0000;0,0000;0,0000;0,0000;0,0000;0,0000;0,0000;0,0000;0,0000;0,0000;0,0000;0,0000;0,0000;0,0645;0,0000;0,0000;0,0000;0,0000;0,0000;0,0000;0,0000;0,0000;0,0000;0,0000;0,0000;0,0000;0,0000;0,0000;0,0000;0,0000;0,0000;0,0000;0,0000;0,0000;0,0000;0,0000;0,0000;0,0000;0,0000;0,0000;0,0000;0,0000;0,0000;0,0000;0,0000;0,0000;0,0000;0,0000;0,0000;0,0000;0,0000;0,0000;0,0000;0,0000;0,0000;0,0000;0,0000;0,0000;0,0000;0,0000
Euodia_obtusifolia_ssp_gigas_var_ gigas;0,0000;0,0000;0,0000;0,0000;0,0000;0,0000;0,0000;0,0000;0,0000;0,0000;0,0714;0,0000;0,0000;0,0000;0,0000;0,0000;0,0000;0,0000;0,0000;0,0000;0,0000;0,0000;0,0000;0,0000;0,0000;0,0000;0,0000;0,0000;0,0000;0,0000;0,0000;0,0000;0,0000;0,0000;0,0000;0,0000;0,0000;0,0000;0,0000;0,0000;0,0000;0,0000;0,0000;0,0000;0,0000;0,0000;0,0000;0,0000;0,0000;0,0000;0,0000;0,0000;0,0000;0,0000;0,0000;0,0000;0,0000;0,0000;0,0000;0,0000;0,0000;0,0000;0,0000;0,0000;0,0000;0,0000;0,0000;0,0000;0,0000;0,0000;0,0000;0,0000;0,0000;0,0000;0,0000;0,0000;0,0000;0,0000;0,0000;0,0000;0,0000;0,0000;0,0000;0,0000;0,1333;0,0000;0,0000;0,0000;0,1333;0,0000;0,0000;0,0000;0,0000;0,0000;0,1333;0,0000;0,0000;0,0000;0,0000;0,0000;0,0000;0,0000;0,0000;0,0000;0,0000;0,0000;0,0000;0,0000;0,0000;0,0000;0,0000;0,0000;0,0000;0,0000;0,0000;0,0000;0,0000;0,0000;0,0000;0,0000;0,0000;0,0000;0,0000;0,0000;0,0000;0,2476;0,0000;0,0000;0,0000;0,0000;0,8000;0,0000;0,0000;0,0000;0,0000
Faujasiopsis_flexuosa_ssp_erecta;0,0000;0,0000;0,0000;0,0000;0,0000;0,0000;0,0000;0,0000;0,0000;0,0000;0,0000;0,0000;0,0000;0,0000;0,0000;0,0000;0,0000;0,0000;0,0000;0,0000;0,0000;0,0000;0,0000;0,0000;0,0000;0,0000;0,0000;0,0000;0,0000;0,0000;0,0000;0,0000;0,0000;0,0000;0,0000;0,0000;0,0000;0,0000;0,0000;0,0000;0,0000;0,0000;0,0000;0,0000;0,0000;0,0000;0,0000;0,0000;0,0000;0,0000;0,0000;0,0000;0,0000;0,0000;0,0000;0,0000;0,0000;0,0000;0,0000;0,0000;0,0000;0,0000;0,1333;0,0000;0,0000;0,0000;0,0000;0,0000;0,0000;0,0000;0,0000;0,0000;0,0000;0,0000;0,0000;0,0000;0,0000;0,0000;0,0000;0,0000;0,0000;0,0000;0,0000;0,0000;0,0769;0,0000;0,0000;0,0000;0,0000;0,0000;0,0000;0,0000;0,0000;0,0000;0,0000;0,0000;0,1667;0,0000;0,0000;0,0000;0,0000;0,0000;0,0000;0,0000;0,0000;0,0000;0,0000;0,0000;0,0000;0,0000;0,0000;0,0000;0,0000;0,0000;0,0000;0,0000;0,0000;0,0000;0,2467;0,0000;0,0000;0,0000;0,0000;0,0000;0,0000;0,0000;0,0000;0,0000;0,0000;0,0000;0,0000;0,0000;0,0000;0,0000;0,0000
Flagellaria_indica;0,0000;0,0000;0,0000;0,0000;0,0000;0,0000;0,0000;0,0000;0,0000;0,0000;0,0171;0,0000;0,0000;0,0000;0,0000;0,0333;0,0000;0,0000;0,0000;0,0000;0,0000;0,0000;0,0000;0,0000;0,0000;0,0000;0,0000;0,0000;0,0000;0,0000;0,0000;0,0000;0,0000;0,0000;0,0000;0,0000;0,0000;0,0000;0,0000;0,0000;0,0000;0,0000;0,0000;0,0000;0,0000;0,0000;0,0000;0,0000;0,0000;0,0000;0,0000;0,0000;0,0000;0,0000;0,0250;0,0000;0,0000;0,0000;0,0000;0,0000;0,0000;0,0000;0,0000;0,0000;0,0000;0,0000;0,0000;0,0000;0,0000;0,0000;0,0000;0,0000;0,0000;0,0000;0,0000;0,0000;0,0000;0,0000;0,0000;0,0000;0,0000;0,0000;0,0000;0,0000;0,0954;0,0000;0,0000;0,0000;0,0000;0,0000;0,0000;0,0000;0,0000;0,0000;0,0000;0,0000;0,0000;0,0000;0,0167;0,0000;0,0000;0,0000;0,0000;0,0000;0,0000;0,0000;0,0000;0,0000;0,0000;0,0000;0,0000;0,0000;0,0000;0,0000;0,0000;0,0000;0,0000;0,0000;0,0069;0,0000;0,0000;0,0000;0,0000;0,0000;0,0000;0,0167;0,0000;0,0000;0,0000;0,0000;0,0077;0,0000;0,0000;0,0000;0,0000
Gaertnera_petrinensis;0,0000;0,0000;0,0000;0,0000;0,0000;0,0000;0,0000;0,0000;0,0000;0,0000;0,0571;0,0000;0,0000;0,0000;0,0000;0,0000;0,0000;0,0000;0,0000;0,0000;0,0000;0,0000;0,0000;0,0000;0,0000;0,0000;0,0000;0,0000;0,0000;0,0000;0,0000;0,0000;0,0000;0,0000;0,0000;0,0000;0,0000;0,0000;0,0000;0,0000;0,0000;0,0000;0,0000;0,0000;0,0000;0,0000;0,0000;0,0000;0,0000;0,0000;0,0000;0,0000;0,0000;0,0000;0,0000;0,0000;0,0000;0,0000;0,0000;0,0000;0,0000;0,0000;0,0000;0,0000;0,0000;0,0000;0,0000;0,0000;0,0000;0,0000;0,0000;0,0000;0,4000;0,0000;0,0000;0,0000;0,4286;0,2857;0,0000;0,0000;0,0000;0,0000;0,0000;0,0000;0,0000;0,0000;0,1250;0,0000;0,0000;0,0000;0,0000;0,0000;0,0000;0,0000;0,0000;0,0000;0,0000;0,0000;0,0000;0,0000;0,0000;0,0000;0,0000;0,0000;0,0000;0,0000;0,0000;0,0000;0,0000;0,0000;0,0000;0,0000;0,0000;0,0000;0,0000;0,0000;0,0000;0,0000;0,0000;0,0000;0,0000;0,0000;0,0000;0,0000;0,0000;0,2222;0,0000;0,0000;0,0000;0,0000;0,1538;0,0000;0,0000;0,0000;0,0000
Gaertnera_psychotrioides_edentata;0,0000;0,0000;0,0000;0,0000;0,0000;0,0000;0,0000;0,0000;0,0000;0,2222;0,7121;0,0000;0,0000;0,0000;0,0000;0,0000;0,4167;0,0000;0,0000;0,0000;0,0000;0,0000;0,0000;0,0000;0,3910;0,0000;0,0000;0,0000;0,0000;0,0000;0,0000;0,0000;0,0000;0,0000;0,0000;0,0000;0,0000;0,0000;0,0000;0,7143;0,0000;0,0000;0,0000;0,0000;0,0000;0,0000;0,1667;1,3300;0,0000;0,0000;0,0000;0,0000;1,1282;0,0000;0,0000;0,0000;0,0000;0,0000;0,0000;0,0000;0,0000;0,0000;0,0000;0,0000;0,0000;0,0000;0,7053;0,0000;0,0000;0,0000;0,0000;0,0000;0,0000;0,0000;0,4444;0,0000;3,0150;0,0000;0,0000;0,0000;0,0000;0,0000;0,0000;0,0000;0,0000;0,0000;0,6857;0,1667;0,0000;0,0000;0,0000;0,0000;0,0000;0,0000;0,0000;0,0000;0,0000;0,0000;0,0000;0,0000;0,0000;0,0000;0,0000;0,0000;0,0000;0,0000;0,0000;0,0000;0,0000;0,0000;0,0000;0,1538;0,0000;0,0000;0,0000;0,0000;0,0000;0,0000;0,0000;0,0000;0,0000;0,0000;0,0000;0,0000;0,0000;0,3333;0,0000;0,0000;0,0000;0,0000;0,8667;0,0000;0,0000;0,0000;0,0000
Gaertnera_rotundifolia;0,0000;0,0000;0,0000;0,0000;0,0000;0,1739;0,1333;0,0000;0,0000;0,0000;0,0000;0,0000;0,0000;0,0000;0,0000;0,0000;0,0000;0,0000;0,0000;0,0000;0,0000;0,0000;0,0000;0,0000;0,0000;0,0000;0,0000;0,0000;0,0000;0,0000;0,0000;0,0000;0,0000;0,0000;0,1739;0,0000;0,0000;0,0000;0,0000;0,0000;0,0000;0,0000;0,0000;0,0000;0,0000;0,0000;0,0000;0,0400;0,0000;0,0000;0,0000;0,0000;0,0000;0,0000;0,0000;0,0000;0,0000;0,0000;0,0000;0,0000;0,0000;0,0000;0,0000;0,0000;0,0000;0,0000;0,0000;0,0000;0,0000;0,0000;0,0000;0,0000;0,0000;0,0000;0,0000;0,0000;4,2609;0,0000;0,0000;0,0000;0,0000;0,0000;0,1333;0,0000;0,0000;0,0000;0,0000;0,0000;0,0000;0,0000;0,0000;0,0000;0,0000;0,0000;0,0000;0,0000;0,0000;0,0000;0,0000;0,0000;0,0000;0,0000;0,0000;0,0000;0,0000;0,0000;0,0000;0,0000;0,0000;0,0000;0,0000;0,0000;0,0000;0,0000;0,0000;0,0000;0,0000;0,0000;0,0000;0,0000;0,0000;0,0000;0,0000;0,0000;0,0000;0,0000;0,0000;0,0000;0,0000;0,0000;0,0000;0,0000;0,0000;0,0000;0,0000
Geniostoma_borbonicum;0,0000;0,0000;0,0000;0,0000;0,0000;0,0000;0,1600;0,0000;0,0000;0,0000;0,1290;0,0000;0,0000;0,0000;0,0000;0,0000;0,0000;0,0000;0,0000;0,1176;0,0000;0,0000;0,0000;0,0000;1,1667;0,0000;0,0000;0,0000;0,0000;0,0000;0,0000;0,0000;0,0000;0,0000;0,0000;0,0000;0,0000;0,0000;0,0000;0,0400;0,0000;0,4695;0,0000;0,0000;0,0000;0,0000;0,0323;0,0000;0,2353;0,0000;0,0000;0,0000;0,0000;0,0000;0,0000;0,0000;0,0000;0,0000;0,0000;0,0000;0,0000;0,0000;0,0000;0,0000;0,0000;0,0000;0,0000;0,0000;0,0000;1,4978;0,0000;0,0000;0,0000;0,0000;0,7467;0,0000;0,4958;0,0323;0,0000;0,2353;0,0000;0,1176;0,0000;0,4095;2,6278;0,0000;0,0000;0,0000;0,0000;0,0000;0,0000;0,0000;0,0000;0,0000;0,0000;0,0000;0,0000;0,0000;0,0000;0,0000;0,0000;0,0000;0,0000;0,0323;0,0323;0,0000;0,0000;0,0000;0,1176;0,0000;0,0000;0,0000;0,0000;0,0000;0,0000;0,0000;0,0000;0,0000;1,4572;0,3200;2,6747;0,0000;0,0000;0,0000;0,1176;0,0000;0,0000;0,0000;0,0000;0,0000;0,0000;0,0000;0,0000;0,0000;0,0000
Grangeria_borbonica;0,0000;0,0000;0,0000;0,0000;0,0000;0,0000;0,0000;0,0000;0,0000;0,0000;0,9601;0,0000;0,0000;0,0000;0,0000;0,0000;0,0000;0,0000;0,0000;0,0000;0,0000;0,0000;0,0000;0,0000;0,1429;0,0000;0,0000;0,0000;0,0000;0,0000;0,0000;0,0000;0,0000;0,0000;0,0000;0,0000;0,0000;0,0000;0,0000;0,0000;0,0000;0,0000;0,0000;0,0000;0,0000;0,0000;0,0000;0,0000;0,0000;0,0000;0,0000;0,0000;0,0000;0,0000;0,0000;0,0000;0,0000;0,0000;0,0000;0,0000;0,0000;0,0000;0,0000;0,0000;0,0000;0,0000;0,0000;0,0000;0,0000;0,0000;0,0333;0,0000;0,0000;0,0000;0,0000;0,0000;0,2333;0,0000;0,0000;0,0000;0,0000;0,0000;0,0500;0,0000;0,0333;0,0000;0,0000;0,0000;0,0000;0,0000;0,0000;0,0000;0,0000;0,0000;0,0000;0,0625;0,0000;0,0000;0,0000;0,0000;0,0000;0,0000;0,0000;0,0000;0,0000;0,0000;0,0000;0,0000;0,0000;0,0000;0,0000;0,0667;0,0000;0,0000;0,0000;0,0000;0,0000;0,0000;0,0833;0,0000;0,0000;0,0000;0,0000;0,0000;0,0000;0,4006;0,0000;0,0000;0,0000;0,0000;0,0000;0,0000;0,0000;0,0000;0,0000
Helichrysum_proteoides;0,0000;0,0000;0,0500;0,0000;0,0000;0,0000;0,0000;0,0000;0,0000;0,0000;0,4745;0,0000;0,0000;0,0500;0,0000;0,0000;0,0000;0,0000;0,0000;0,0000;0,1000;0,0000;0,0000;0,0000;0,0000;0,0000;0,0000;0,0000;0,0000;0,0000;0,0000;0,0000;0,0000;0,0000;0,0000;0,0000;0,0000;0,0000;0,0000;0,0000;0,0000;0,0000;0,0000;0,0000;0,0000;0,0000;0,0000;0,0000;0,0000;0,0000;0,0000;0,0000;0,0000;0,0000;0,0000;0,0000;0,0000;0,0000;0,0000;0,0000;0,0000;0,0000;0,0000;0,0000;0,0000;0,2500;0,0000;0,0000;0,0000;0,0000;0,0000;0,0000;0,0000;0,0000;0,0000;0,0000;0,0000;0,0000;0,0000;0,0000;0,0000;0,0000;0,0000;0,0000;0,5917;0,0000;0,0000;0,0000;0,0000;0,0000;0,0000;0,0000;0,0000;0,0000;0,0000;0,0000;0,2833;0,0000;0,0000;0,0000;0,0000;0,0000;0,0000;0,0000;0,0000;0,0000;0,0000;0,0000;0,0000;0,0000;0,0000;0,0000;0,0000;0,0000;0,0000;0,0000;0,0000;0,0000;0,0000;0,0000;0,0000;0,0000;0,0000;0,0000;0,0500;0,0000;0,0000;0,0000;0,0000;0,0000;0,0000;0,0000;0,0000;0,0000;0,0000
Labourdonnaisia_callophylloides;0,0000;0,0000;0,0000;0,0000;0,0000;0,0000;0,0000;0,0000;0,0000;0,0000;3,5843;0,0000;0,0000;0,0000;0,0000;0,0000;0,0000;0,0000;0,0000;0,0000;0,0000;0,0000;0,0000;0,0000;0,0000;0,0000;0,0000;0,0000;0,0000;0,0000;0,0000;0,0000;0,0000;0,0000;0,0000;0,0000;0,0000;0,0000;0,0000;0,0000;0,0000;0,0000;0,0000;0,0000;0,0000;0,0000;0,0000;0,0000;0,0000;0,0000;0,0000;0,0000;0,0000;0,0000;0,0000;0,0000;0,0000;0,0000;0,0000;0,0000;0,0000;0,0000;0,0000;0,0000;0,0000;0,0000;0,0000;0,0000;0,0000;0,0000;0,0000;0,0000;0,0000;0,0000;0,0000;0,0000;0,0000;0,0000;0,0000;0,0000;0,0000;0,0000;0,0000;0,0000;0,0000;0,0000;0,0000;0,0000;0,0000;0,0000;0,0000;0,0000;0,0000;0,3416;0,0000;0,0588;0,0000;0,0000;0,0000;0,0000;0,0000;0,0000;0,0000;0,0000;0,0000;0,0000;0,0000;0,0000;0,0000;0,0000;0,0000;0,0000;0,0000;0,0000;0,0000;0,0000;0,0000;0,0000;0,0000;0,0000;0,0000;0,0000;0,0000;0,0000;0,0000;2,3439;0,0000;0,0000;0,0000;0,0000;0,0952;0,0000;0,0000;0,0000;0,2952
Memecylon_ovatifolium;0,0000;0,0000;0,0000;0,0000;0,0000;0,0000;0,1459;0,0000;0,0000;0,0000;0,1944;0,0000;0,0000;0,0000;0,0000;0,0000;0,0000;0,0000;0,0000;0,0000;0,0000;0,0000;0,0000;0,0000;0,0000;0,0000;0,0000;0,0000;0,0000;0,0000;0,0000;0,0000;0,0000;0,0000;0,0000;0,0000;0,0000;0,0000;0,5547;0,0000;0,0000;0,0000;0,0000;0,0000;0,0000;0,0000;0,0000;0,0000;0,0000;0,0000;0,0000;0,0000;0,0000;0,0000;0,0000;0,0000;0,0000;0,0000;0,0000;0,0000;0,0000;0,0000;0,0000;0,0000;0,0000;0,0000;0,0000;0,0000;0,0000;0,2356;0,0000;0,0000;0,0000;0,0000;0,0833;0,0000;0,0606;0,0000;0,0000;0,0000;0,0000;0,0000;0,0000;0,0000;0,0000;0,0000;0,0000;0,0000;0,5436;0,0000;0,0000;0,0000;0,0000;0,0000;0,0000;0,0000;0,0000;0,0000;0,0000;0,0000;0,0000;0,0000;0,0000;0,0000;0,0000;0,0000;0,0000;0,0000;0,0000;0,0000;0,0000;0,0000;0,0000;0,0000;0,0000;0,0000;0,0000;0,0000;0,4713;0,0000;0,0000;0,0000;0,0000;0,0000;0,0000;0,0000;0,0000;0,0000;0,0000;0,0000;0,0000;0,0000;0,0000;0,0000;0,0000
Mimusops_erythroxylon;0,0000;0,0000;0,0000;0,0000;0,0000;0,6667;0,0000;0,0000;0,0000;0,0000;0,5714;0,0000;0,0000;0,0000;0,0000;0,0000;0,0000;0,0000;0,2000;0,0000;1,7059;0,0000;0,0000;0,0000;0,5000;0,0000;0,0000;0,0000;0,0000;0,0000;0,0000;0,0000;0,0000;0,0000;0,0000;0,0000;0,0000;0,0000;0,0000;0,0000;0,2222;0,0000;0,0000;0,0000;0,0000;0,0000;0,1667;0,0000;0,0000;0,0000;0,0000;0,0000;0,0000;0,0000;0,0000;0,0000;0,0000;0,0000;0,0000;0,0000;0,0000;0,0000;0,0000;0,0000;0,0000;0,0000;0,0000;0,0000;0,0000;0,0000;0,0000;0,0000;0,0000;0,0000;0,0000;0,0000;2,4000;0,0000;0,0000;0,0000;0,0000;0,0000;0,0000;0,3333;0,0000;0,0000;0,0000;0,0000;0,0000;0,0000;0,0000;0,0000;0,0000;0,0000;0,0000;0,0000;0,0000;0,0000;0,0000;0,0000;0,0000;0,0000;0,0000;0,0000;0,0000;0,0000;0,0000;0,0000;0,0000;0,0000;0,0000;0,0000;0,0000;0,0000;0,0000;0,0000;0,0000;0,0000;0,0000;0,0000;0,0000;0,0000;0,0000;0,0000;0,0000;0,2000;0,0000;0,0000;0,0000;0,0000;0,0000;0,0000;0,0000;0,0000;0,0000
Molinaea_alternifolia;0,0000;0,0000;0,0000;0,0000;0,0000;0,0000;0,0000;0,0000;0,0000;0,0000;0,8622;0,0000;0,0000;3,5127;0,0000;0,0000;0,0000;0,0000;0,0000;0,0000;0,0000;0,0000;0,0000;0,0000;0,2167;0,0000;0,0000;0,0000;0,0000;0,0000;0,0667;0,0000;0,0000;0,0000;0,0000;0,0000;0,2000;0,0000;0,0667;0,1417;0,0000;1,5083;0,0000;0,0000;0,0000;0,0750;0,2222;0,0000;0,0000;0,0000;0,0000;0,0000;0,0000;0,0000;0,0000;0,0000;0,0000;0,0000;0,2417;0,0000;0,0000;0,0000;0,0000;0,0000;0,0000;0,0000;0,0000;0,0000;0,0000;0,6857;1,2000;0,0000;0,0000;0,0000;0,5333;0,0000;0,5833;0,2000;0,0000;0,0000;0,8000;0,0000;0,1538;0,0000;2,3500;0,0000;0,0000;0,0000;0,1667;0,0000;0,0000;0,0000;0,0000;0,0909;0,0667;0,0000;0,0000;0,0000;0,0000;0,0000;0,0000;0,0000;0,0000;0,0000;0,0000;0,0000;0,0000;0,0000;0,0000;0,0000;0,0000;0,0000;0,0000;0,0000;0,0000;0,0000;0,0000;0,0000;2,7298;0,2333;0,1574;0,0000;0,0000;0,0000;0,0000;1,4631;0,2222;0,0000;0,0000;0,0000;0,0417;0,0000;0,0000;0,0000;0,0000
Monimiastrum_globosum;0,0000;0,0000;0,0000;0,0000;0,0000;0,0000;0,2500;0,0000;0,0000;0,0000;0,2857;0,0000;0,0000;0,0000;0,0000;0,0000;0,0000;0,0000;0,0000;0,0000;0,2500;0,0000;0,0000;0,0000;0,0000;0,0000;0,0000;0,0000;0,0000;0,0000;0,0000;0,0000;0,0000;0,0000;0,0000;0,0000;0,0000;0,0000;0,0000;0,0000;0,0000;0,0000;0,0000;0,0000;0,0000;0,0000;0,0000;0,0000;0,0000;0,0000;0,0000;0,0000;0,0000;0,0000;0,0000;0,0000;0,0000;0,0000;0,0000;0,0000;0,0000;0,0000;0,0000;0,0000;0,0000;0,0000;0,0000;0,5000;0,0000;0,0000;0,0000;0,0000;0,0000;0,0000;0,0000;0,0000;0,0000;0,0000;0,0000;0,0000;0,0000;0,0000;0,0000;0,0000;0,0000;0,0000;0,2500;0,0000;0,0000;0,0000;0,0000;0,0000;0,0000;0,0000;0,0000;0,0000;0,0000;0,0000;0,0000;0,0000;0,0000;0,0000;0,0000;0,0000;0,0000;0,0000;0,0000;0,0000;0,0000;0,0000;0,0000;0,0000;0,0000;0,0000;0,0000;0,0000;0,0000;0,0000;1,0000;0,0000;0,0000;0,0000;0,0000;0,0000;0,0000;1,3333;0,0000;0,0000;0,0000;0,0000;0,6667;0,0000;0,0000;0,0000;0,0000
Ochna_mauritiana;0,0000;0,0000;0,0000;0,0000;0,0000;0,0000;0,0000;0,0000;0,0000;0,0000;0,0000;0,0000;0,0000;0,0000;0,0000;0,0000;0,0000;0,0000;0,0000;0,0000;0,0000;0,0000;0,0000;0,0000;0,0000;0,0000;0,0000;0,0000;0,0000;0,0000;0,0000;0,0000;0,0000;0,0000;0,0000;0,0000;0,0000;0,0000;0,0000;0,0000;0,0000;0,0000;0,0000;0,0000;0,0000;0,0000;0,0000;0,0000;0,0000;0,0000;0,0000;0,0000;0,0000;0,0000;0,2222;0,0000;0,0000;0,0000;0,0000;0,0000;0,0000;0,0000;0,0000;0,0000;0,0000;0,0000;0,0000;0,0000;0,0000;0,0000;0,0000;0,0000;0,0000;0,0000;0,0000;0,0000;0,0000;0,0000;0,0000;0,0000;0,0000;0,0000;0,0000;0,0000;0,0000;0,0000;0,4510;0,0000;0,0000;0,0000;0,0000;0,0000;0,0000;0,0000;0,0000;0,0000;0,0000;0,0000;0,0000;0,0000;0,0000;0,0000;0,0000;0,0000;0,1176;0,0000;0,0000;0,0000;0,0000;0,0000;0,0000;0,0000;0,0000;0,0000;0,0000;0,0000;0,0000;0,0000;0,0000;0,0000;0,0000;0,0000;0,0000;0,0000;0,0000;0,2222;0,0000;0,0000;0,0000;0,0000;0,1538;0,0000;0,0000;0,0000;0,0000
Ocotea_laevigata;0,0000;0,0000;0,0000;0,0000;0,0000;0,0000;0,0000;0,0000;0,0000;0,0000;0,0000;0,0000;0,0000;0,0000;0,0000;0,0000;0,0000;0,0000;0,0000;0,0000;0,0000;0,0000;0,0000;0,0000;0,0714;0,0000;0,0000;0,0000;0,0000;0,0000;0,0000;0,0000;0,0000;0,0000;0,0000;0,0000;0,0000;0,0000;0,0000;0,2381;0,0000;0,0000;0,0000;0,0000;0,0000;0,0000;0,0000;0,0000;0,0000;0,0000;0,0000;0,0000;0,0000;0,0000;0,0000;0,0000;0,0000;0,0000;0,0000;0,0000;0,0000;0,0000;0,0000;0,0000;0,0000;0,0000;0,0000;0,0000;0,0000;0,0000;0,0000;0,0000;0,0000;0,0000;0,3651;0,0000;0,0000;0,0000;0,0000;0,0000;0,0000;0,0000;0,0000;0,0000;0,3761;0,0000;0,0000;0,0000;0,0000;0,0000;0,0000;0,0000;0,0000;0,0000;0,0000;0,0000;0,0000;0,0000;0,0000;0,0000;0,0000;0,0000;0,0000;0,1000;0,0000;0,0000;0,0000;0,0000;0,0000;0,0000;0,0000;0,0000;0,0000;0,0000;0,0000;0,0000;0,0000;0,0000;0,0000;0,0000;0,0000;0,0000;0,0000;0,0000;0,0000;0,0000;0,0000;0,0000;0,0000;0,0000;0,0000;0,0000;0,0000;0,0000;0,0000
Olea_lancea;0,0000;0,0000;0,0000;0,0000;0,0000;0,2667;0,0000;0,0000;0,0000;0,0000;0,1250;0,0000;0,1176;0,0000;0,0000;0,0000;0,0000;0,0556;0,0000;0,0000;0,6000;0,0000;0,0000;0,0000;0,1111;0,0000;0,0000;0,0000;0,0000;0,0000;0,0000;0,0000;0,0000;0,0000;0,0000;0,0000;0,0000;0,0000;0,0000;0,0000;0,0000;0,0000;0,0000;0,0000;0,0000;0,0000;0,0000;0,0000;0,0000;0,0000;0,0000;0,0000;0,0000;0,0000;0,0000;0,0000;0,0000;0,0000;0,0000;0,0000;0,0000;0,0000;0,0000;0,0000;0,0000;0,0000;0,0000;0,0000;0,0000;0,0000;0,0000;0,0000;0,0000;0,0000;0,0000;0,0000;0,0000;0,0000;0,0000;0,0000;0,0000;0,0000;0,0000;0,0000;0,0000;0,0000;0,0000;0,0000;0,3056;0,0000;0,0000;0,0000;0,0000;0,0000;0,0000;0,0000;0,1176;0,0000;0,0000;0,0000;0,0000;0,0000;0,0000;0,0000;0,0000;0,0000;0,0000;0,0000;0,0000;0,0000;0,0000;0,0000;0,0000;0,0000;0,0000;0,0000;0,0000;0,0000;0,0000;0,0000;0,0000;0,0000;0,0000;0,0000;0,0000;0,2353;0,0000;0,0000;0,0000;0,0000;0,0000;0,0000;0,0000;0,0000;0,0000
Pandanus_barklyi_var_barklyi;0,0000;0,0000;0,0000;0,0000;0,0000;0,0000;0,0000;0,0000;0,0000;0,0000;118,0000;0,0000;0,0000;0,0000;0,0000;0,0000;0,0000;0,0000;0,0000;0,0000;0,0000;0,0000;0,0000;0,0000;0,0000;0,0000;0,0000;0,0000;0,0000;0,0000;0,0000;0,0000;0,0000;0,0000;0,0000;0,0000;0,0000;0,0000;4,0000;0,0000;0,0000;0,0000;0,0000;0,0000;0,0000;0,0000;0,0000;0,0000;0,0000;0,0000;0,0000;0,0000;0,0000;0,0000;4,0000;0,0000;0,0000;0,0000;0,0000;0,0000;0,0000;0,0000;0,0000;0,0000;0,0000;0,0000;0,0000;0,0000;0,0000;0,0000;0,0000;0,0000;0,0000;0,0000;0,0000;0,0000;0,0000;0,0000;0,0000;0,0000;0,0000;0,0000;0,0000;0,0000;0,0000;0,0000;0,0000;0,0000;0,0000;0,0000;0,0000;0,0000;0,0000;5,0000;0,0000;0,0000;0,0000;0,0000;0,0000;0,0000;0,0000;0,0000;0,0000;0,0000;0,0000;0,0000;0,0000;0,0000;0,0000;0,0000;0,0000;0,0000;0,0000;0,0000;0,0000;0,0000;0,0000;0,0000;2,0000;0,0000;0,0000;0,0000;0,0000;0,0000;0,0000;0,0000;0,0000;0,0000;0,0000;0,0000;0,0000;0,0000;0,0000;0,0000;0,0000
Pandanus_rigidifolius;0,0000;0,0000;0,0000;0,0000;0,0000;0,0000;0,0000;0,0000;0,0000;0,0000;0,2857;0,0000;0,0000;0,0000;0,0000;0,0000;0,0000;0,0000;0,0000;0,0000;0,0000;0,0000;0,0000;0,0000;0,0000;0,0000;0,0000;0,0000;0,0000;0,0000;0,0000;0,0000;0,0000;0,0000;0,0000;0,0000;0,0000;0,0000;0,0000;0,0000;0,0000;0,0000;0,0000;0,0000;0,0000;0,0000;0,0000;0,0000;0,0000;0,0000;0,0000;0,0000;0,0000;0,0000;0,0000;0,0000;0,0000;0,0000;0,0000;0,0000;0,0000;0,0000;0,0000;0,0000;0,0000;0,0000;0,0000;0,0000;0,0000;0,0000;0,0000;0,0000;0,0000;0,0000;0,0000;0,0000;0,0000;0,0000;0,0000;0,0000;0,0000;0,0000;0,0000;0,0000;0,0000;0,0000;0,0000;0,0000;0,0000;0,0000;0,0000;0,0000;0,0000;0,3095;0,0000;0,0000;0,0000;0,0000;0,0000;0,0000;0,0000;0,0000;0,0000;0,0000;0,0000;0,0000;0,0000;0,0000;0,0000;0,0000;0,0000;0,0000;0,0000;0,0000;0,0000;0,0000;0,0000;0,0000;0,3095;0,0000;0,0000;0,0000;0,0000;0,0000;0,0000;0,0000;0,0000;0,0000;0,0000;0,0000;0,0000;0,0000;0,0000;0,0000;0,0000
Pandanus_wiehii;0,0000;0,0000;0,0000;0,0000;0,0000;0,0000;0,0000;0,0000;0,0000;0,0000;0,0000;0,0000;0,0000;0,0000;0,0000;0,0000;0,0000;0,0000;0,0000;0,0000;0,0000;0,0000;0,0000;0,0000;0,0000;0,0000;0,0000;0,0000;0,0000;0,0000;0,0000;0,0000;0,0000;0,0000;0,0000;0,0000;0,0000;0,0000;0,0000;0,0000;0,0000;0,0000;0,0000;0,0000;0,0000;0,0000;0,0000;0,0000;0,0000;0,0000;0,0000;0,0000;0,0000;0,0000;0,0000;0,0000;0,0000;0,0000;0,0000;0,0000;0,0000;0,0000;0,0000;0,0000;0,0000;0,0000;0,0000;0,0000;0,0000;0,0000;0,0000;0,0000;0,0000;0,0000;0,0000;0,0000;2,0000;0,0000;0,0000;0,0000;0,0000;0,0000;0,0000;0,0000;0,0000;0,0000;0,0000;0,0000;0,0000;0,0000;0,0000;0,0000;0,0000;4,3333;0,0000;0,1667;0,0000;0,0000;0,0000;0,0000;0,0000;0,0000;0,0000;0,0000;0,0000;0,0000;0,0000;0,0000;0,0000;0,0000;0,0000;0,0000;0,0000;0,0000;0,0000;0,0000;0,0000;0,0000;0,0000;0,0000;0,0000;0,0000;0,0000;0,0000;0,0000;0,0000;0,0000;0,0000;0,0000;0,0000;0,0000;0,0000;0,0000;0,0000;0,0000
Phyllanthus_phillyreifolius_var_telfairianus;0,0000;0,0000;0,0000;0,0000;0,0000;0,0000;0,0000;0,0000;0,0000;0,0000;0,0000;0,0000;0,0588;0,0000;0,0400;0,0000;0,0000;0,0000;0,0000;0,0000;0,0000;0,0000;0,0000;0,0000;0,0000;0,0000;0,0000;0,0000;0,0000;0,0000;0,0000;0,0000;0,0000;0,0000;0,0000;0,0000;0,0000;0,0000;0,0000;0,0000;0,0000;0,0000;0,0000;0,0000;0,0000;0,0000;0,0000;0,0000;0,0000;0,0000;0,0000;0,0000;0,0000;0,0000;0,0000;0,0000;0,0000;0,0000;0,0000;0,0000;0,0000;0,0000;0,0000;0,0000;0,0000;0,0000;0,0000;0,0000;0,0000;0,0000;0,0000;0,0000;0,0000;0,0000;0,0000;0,0000;0,0000;0,0000;0,0000;0,0000;0,0000;0,0000;0,0000;0,0000;0,0000;0,0000;0,0000;0,0000;0,1655;0,0000;0,0000;0,0000;2,3267;0,0000;0,0000;0,0000;0,0588;0,0000;0,0000;0,0000;0,0000;0,0000;0,0000;0,0000;0,0000;0,0000;0,0000;0,0000;0,0000;0,0000;0,0000;0,0000;0,0000;0,0000;0,0000;0,0571;0,0000;0,0000;0,0000;0,0000;0,0000;0,0000;0,0000;0,0000;0,0000;1,5068;0,0000;0,0000;0,0000;0,0000;0,0000;0,0000;0,0000;0,0000;0,0000
Pittosporum_senacia;0,0000;0,0000;0,0000;0,0000;0,0000;0,0000;0,0000;0,0000;0,0000;0,0000;1,0063;0,0000;0,0000;0,6667;0,0000;0,0000;0,0000;0,0000;0,0000;0,0000;0,3333;0,0000;0,0000;0,0000;0,1071;0,0000;0,0000;0,0000;0,0000;0,0000;0,0000;0,0000;0,0000;0,0000;0,0000;0,0000;0,0000;0,0000;0,0500;0,0571;0,0000;0,0000;0,0000;0,0000;0,1111;0,0000;0,0000;0,0000;0,0000;0,0000;0,0000;0,0000;0,0000;0,0000;0,0000;0,0000;0,0000;0,0000;0,0000;0,0000;0,0000;0,0000;0,0000;0,0000;0,0000;0,0000;0,0000;0,0000;0,0000;0,0000;0,0000;0,0000;0,0000;0,0000;0,0000;0,0000;2,0612;0,0000;0,0000;0,0000;0,0000;0,0000;0,0000;0,0000;0,3048;0,0000;0,3333;0,0000;0,1143;0,0000;0,0000;0,0000;0,0000;0,0000;0,1071;0,0000;0,0000;0,0000;0,0000;0,0000;0,0000;0,0000;0,0000;0,0000;0,0000;0,0000;0,0000;0,0000;0,0000;0,0000;0,0000;0,0000;0,0000;0,0000;0,0000;0,0000;0,0000;0,0000;0,0000;0,0000;0,0000;0,0000;0,0000;0,0000;0,0000;5,3483;0,0000;0,0000;0,0000;0,0000;0,3937;0,0000;0,0000;0,0000;0,0000
Pleurostylia_leucocarpa ;0,0000;0,0000;0,0000;0,0000;0,0000;0,0000;0,0000;0,0000;0,0000;0,0000;0,0000;0,0000;0,0000;0,0000;0,0000;0,0000;0,0000;0,0000;0,0000;0,0000;0,0000;0,0000;0,0000;0,0000;0,0000;0,0000;0,0000;0,0000;0,0000;0,0000;0,0000;0,0000;0,0000;0,0000;0,0000;0,0000;0,0000;0,0000;0,0000;0,0000;0,0000;0,0000;0,0000;0,0000;0,0000;0,0000;0,0000;0,0000;0,0000;0,0000;0,0000;0,0000;0,0000;0,0000;0,0000;0,0000;0,0000;0,0000;0,0000;0,0000;0,0000;0,0000;0,0000;0,0000;0,0000;0,0833;0,0000;0,0000;0,0000;0,0000;0,0000;0,0000;0,0000;0,0000;0,1250;0,0000;0,0000;0,0000;0,0000;0,0000;0,0417;0,0000;0,0000;0,0000;0,0000;0,0000;0,0000;0,0000;0,2083;0,0000;0,0000;0,0000;0,0000;0,0000;0,0000;0,0000;0,0000;0,0000;0,0000;0,0000;0,0000;0,0000;0,0000;0,0000;0,0000;0,0000;0,0000;0,0000;0,0000;0,0000;0,0000;0,0000;0,0000;0,0417;0,0000;0,0000;0,0000;0,0000;0,0417;0,0000;0,0000;0,0000;0,0000;0,0833;0,0000;0,0000;0,0000;0,0000;0,0000;0,1667;0,0000;0,0000;0,0000;0,0000;0,0000
Polyscias_mauritiana;0,0000;0,0000;0,0000;0,0000;0,0000;0,0000;0,0000;0,0000;0,0000;0,0000;0,0000;0,0000;0,0000;0,0000;0,0000;0,0000;0,0000;0,0000;0,0000;0,0000;0,0000;0,0000;0,0000;0,0000;0,3636;0,0000;0,0000;0,0000;0,0000;0,0000;0,0000;0,0000;0,0000;0,0000;0,0000;0,0000;0,0000;0,0000;0,0000;0,0000;0,0000;0,0000;0,0000;0,0000;0,0000;0,0000;0,0000;0,0000;0,0000;0,0000;0,0000;0,0000;0,0000;0,0000;0,0000;0,0000;0,0000;0,0000;0,0000;0,0000;0,0000;0,0000;0,0000;0,0000;0,4000;0,0000;0,0000;0,0000;0,0000;0,0000;0,1000;0,0000;0,0000;0,0000;0,0000;0,0000;0,0000;0,0000;0,0000;0,0000;0,0000;0,0000;0,0000;0,0000;1,9584;0,0000;0,0000;0,0000;0,0000;0,0000;0,0000;0,0000;0,0000;0,0000;0,0000;0,0000;0,0000;0,0000;0,0000;0,0000;0,0000;0,0000;0,0000;0,0000;0,0000;0,0000;0,0000;0,0000;0,0000;0,0000;0,0000;0,0000;0,0000;0,0000;0,0000;0,0000;0,2000;0,0000;0,0909;0,0000;0,0000;0,0000;0,0000;0,0000;0,0000;0,0000;0,0000;0,0000;0,0000;0,0000;0,0000;0,0000;0,0000;0,0000;0,0000
Psiadia_terebinthina;0,0000;0,0000;0,2000;0,0000;0,0000;0,0000;0,2000;0,0000;0,0000;0,0000;2,0612;0,0000;0,0000;2,8778;0,0000;0,0000;0,0000;0,0000;0,0000;0,0000;0,3500;0,0000;0,0000;0,0000;0,4505;0,1000;0,0000;0,0000;0,0000;0,0000;0,2000;0,0000;0,0000;0,0000;0,0000;0,0000;0,0000;0,0000;0,0000;0,2850;0,0000;0,5111;0,0000;0,0000;0,6600;0,0000;0,0000;0,0000;0,0000;0,0000;0,0000;0,0000;0,0000;0,0000;0,0000;0,0000;0,0000;0,0000;0,0417;0,0000;0,0000;0,0000;0,0000;0,0526;0,5967;0,1000;0,0000;0,0000;0,0000;1,0159;0,2000;0,0000;0,0000;0,0000;1,1176;0,0000;0,3889;0,0000;0,5556;0,0000;0,2500;0,0000;0,0000;0,1818;0,4621;0,0000;0,1576;0,0000;0,3111;0,1667;0,0000;0,0667;0,0000;0,0000;0,3556;0,0667;0,0556;0,0000;0,0000;0,0000;0,0667;0,0000;0,0000;0,2500;0,0000;0,0000;0,0000;0,0000;0,0000;0,0000;0,0000;0,0000;0,0000;0,0000;0,0000;0,0000;0,0000;0,0000;4,9965;0,7694;0,0667;0,0000;0,2711;0,0000;0,0000;0,1719;0,0000;0,0000;0,0000;0,0000;0,6362;0,0000;0,0000;0,0000;0,0000
Pyrostria_fasciculata;0,0000;0,0000;0,0000;0,0000;0,0000;0,0000;0,0000;0,0000;0,0000;0,0000;5,0952;0,0000;0,0000;0,0000;0,0000;0,0000;0,0000;0,0000;0,0000;0,0000;0,0000;0,0000;0,0000;0,0000;0,0000;0,0000;0,0000;0,0000;0,0000;0,0000;0,0000;0,0000;0,0000;0,0000;0,0000;0,0000;0,0000;0,0000;0,0000;0,0000;0,0000;0,0000;0,0000;0,0000;0,0000;0,0000;0,0000;0,0000;0,0000;0,0000;0,0000;0,0000;0,0000;0,0000;0,0000;0,0000;0,0000;0,0000;0,0000;0,0000;0,0000;0,0000;0,0000;0,0000;0,0000;0,0000;0,0000;0,0000;0,0000;0,0000;0,0000;0,0000;0,0000;0,0000;0,0667;0,0000;1,6667;0,0000;0,0000;0,0000;0,0000;0,0000;0,0000;0,0000;0,0000;0,0000;0,2000;0,0000;0,0000;0,0000;0,0000;0,0000;0,0000;0,0000;0,0000;0,0000;0,0000;0,0000;0,0000;0,0000;0,0000;0,0000;0,0000;0,0000;0,0000;0,0000;0,0000;0,0000;0,0000;0,0000;0,0000;0,0000;0,0000;0,0000;0,0000;0,0000;0,0000;0,0000;0,0000;0,0000;0,0000;0,0000;0,0000;0,0000;0,0000;0,0000;0,0000;0,0000;0,0000;0,0000;0,7333;0,0000;0,0000;0,0000;0,0000
Roussea_simplex ;0,0000;0,0000;0,0000;0,0000;0,0000;0,0000;0,5833;0,0000;0,0000;0,0000;2,0655;0,0000;0,0000;0,3333;0,0000;0,0000;0,0000;0,0000;0,0000;0,0000;0,0000;0,0000;0,0000;0,0000;0,0000;0,0000;0,0000;0,0000;0,0000;0,0000;0,0000;0,0000;0,0000;0,0000;0,0000;0,0000;0,0000;0,0000;0,0000;0,0000;0,0000;0,7500;0,0000;0,0000;0,0000;0,0000;3,6508;0,0000;0,0000;0,0000;0,0000;0,0000;0,0000;0,0000;0,0000;0,0000;0,0000;0,0000;0,0000;0,0000;0,0000;0,0000;0,0000;0,0000;0,0000;1,6052;0,0000;0,0000;0,0000;0,0000;0,0000;0,0000;0,0000;0,0000;0,0833;0,0000;0,0000;0,0000;0,0000;0,0000;0,0000;0,0000;0,0000;0,0000;1,5000;0,0000;0,0000;0,0000;0,0000;0,0000;0,0000;0,0000;0,0000;0,2857;0,0000;0,2500;0,0000;0,0000;0,0000;0,0000;0,0000;0,0000;0,0000;0,0000;0,0000;0,0000;0,0000;0,0000;0,0000;0,0000;0,0000;0,0000;0,0000;0,0000;0,0000;0,0000;0,0000;0,0000;0,0000;0,0000;0,0000;0,0000;0,0000;0,0000;0,0000;6,6667;0,0000;0,0000;0,0000;0,0000;0,0000;0,0000;0,0000;0,0000;1,1587
Sideroxylon_cinereum;0,0000;0,0000;0,0000;0,0000;0,0000;0,0000;0,0000;0,0000;0,0000;0,0000;4,8165;0,0250;0,0000;0,0000;0,0000;0,0000;0,0000;0,0000;0,0000;0,0000;0,0000;0,0000;0,0000;0,1333;0,5167;0,0000;0,0000;0,0000;0,0000;0,0000;0,0000;0,0000;0,0000;0,0000;0,0000;0,0000;0,0000;0,0000;0,0000;0,0000;0,0000;1,4821;0,0000;0,0000;0,0000;0,0000;0,0250;0,0000;0,0000;0,0000;0,0000;0,0000;0,0000;0,0000;0,1714;0,0000;0,0000;0,0000;0,0000;0,0000;0,0000;0,0000;0,0000;0,0000;0,0000;0,4000;0,0000;0,0000;0,0000;0,1333;0,0000;0,0000;0,0000;0,0000;0,3714;0,0000;0,0000;0,0000;0,0000;0,0000;0,3429;0,0000;0,0571;0,0571;0,8000;0,0000;0,0000;0,0000;0,0000;0,0000;0,0000;0,0000;0,0000;0,0000;0,0000;0,1850;0,0000;0,0000;0,0000;0,0000;0,0000;0,0000;0,0000;0,1333;0,1964;0,0000;0,0000;0,0000;0,0000;0,0000;0,0000;0,0000;0,0000;0,0000;0,0000;0,0000;0,0000;0,0000;1,9093;0,3048;0,3983;0,0000;0,0000;0,0000;0,0000;0,0000;0,0000;0,0000;0,0000;0,0000;0,0000;0,0000;0,0000;0,0000;0,5020
Sideroxylon_puberulum;0,0000;0,0057;0,0000;0,0057;0,0057;0,0000;0,0250;0,0000;0,0000;0,0000;3,3948;0,0000;0,0000;0,0000;0,0000;0,0000;0,0057;0,0000;0,0000;0,1067;0,0000;0,0000;0,0000;0,0000;0,3200;0,0000;0,0000;0,0000;0,0000;0,0000;0,0400;0,0000;0,0000;0,0000;0,0000;0,0000;0,1600;0,0000;0,0000;0,0667;0,0000;0,0400;0,0111;0,0000;0,0000;0,0000;0,0000;0,0057;0,0000;0,0000;0,0000;0,0000;0,0000;0,0000;0,0000;0,0000;0,0000;0,0182;0,0000;0,0000;0,0000;0,0182;0,0000;0,0000;0,0000;0,5000;0,0000;0,0000;0,0000;0,0000;0,0733;0,0000;0,0000;0,0000;0,3067;0,0000;0,1296;0,0000;0,0000;0,0000;0,0000;0,0000;0,1667;0,0400;0,0667;0,0000;0,0000;0,0000;0,0000;0,0000;0,0000;0,0000;0,0000;0,0000;0,0000;0,2333;0,0400;0,0000;0,0000;0,0000;0,0000;0,0250;0,0000;0,0000;0,0000;0,0000;0,0000;0,0000;0,0000;0,0000;0,0000;0,0000;0,0333;0,0000;0,0000;0,0000;0,0000;0,0057;0,7450;0,0667;0,0000;0,0000;0,0000;0,0000;0,0000;0,4000;0,0000;0,0000;0,0350;0,0000;0,0000;0,0000;0,0000;0,0000;0,1557
Smilax_anceps;0,0000;0,0000;0,0000;0,0000;0,0000;0,0000;0,0000;0,0000;0,0000;0,0000;0,0800;0,0000;0,0000;0,0333;0,0000;0,0000;0,0000;0,0000;0,0000;0,0000;0,0000;0,0000;0,0000;0,0000;0,0000;0,0000;0,0000;0,0000;0,0000;0,0000;0,0000;0,0000;0,0000;0,0000;0,0000;0,0000;0,0000;0,0000;0,0000;0,0000;0,0000;0,0000;0,0000;0,0000;0,0000;0,0000;0,0000;0,0000;0,0000;0,0000;0,0000;0,0000;0,0000;0,0000;0,0000;0,0000;0,0000;0,0000;0,0000;0,0000;0,0000;0,0000;0,0000;0,0000;0,0000;0,0000;0,0000;0,0000;0,0000;0,0000;0,0000;0,0000;0,0000;0,0000;0,0000;0,0000;0,1429;0,0000;0,0000;0,0000;0,0000;0,0000;0,0000;0,0000;0,0000;0,0000;0,0000;0,0000;0,1567;0,0000;0,0000;0,0000;0,0000;0,0000;0,0000;0,0000;0,0000;0,0000;0,0000;0,0000;0,0000;0,0000;0,0000;0,0000;0,0000;0,0000;0,0000;0,0000;0,0000;0,0000;0,0000;0,0000;0,0000;0,0000;0,0000;0,0000;0,0000;0,0000;0,0000;0,0000;0,0000;0,0000;0,0000;0,0000;0,0000;0,0000;0,0000;0,0000;0,0000;0,0000;0,0000;0,0000;0,0000;0,0000;0,0000
Stillingia_lineata_ssp_lineata;3,0000;0,0000;0,0000;0,0000;0,0000;0,0000;0,7000;0,0000;0,0000;0,0000;1,0000;0,0000;0,0000;5,0000;0,0000;0,0000;0,0000;0,0000;0,0000;0,0000;34,0000;0,0000;0,0000;0,0000;6,7667;0,0000;0,0000;0,0000;0,0000;0,0000;0,0000;4,6667;0,6667;0,0000;0,0000;0,0000;0,0000;0,0000;0,0000;2,2000;0,0000;5,5833;0,0000;0,0000;0,0000;3,1167;0,0000;0,0000;0,0000;0,0000;4,0000;1,0000;0,0000;0,2000;1,0000;1,0000;0,0000;0,0000;0,0000;0,0000;0,0000;0,0000;0,0000;0,0000;0,0000;0,0000;0,0000;0,0000;0,5000;0,0000;0,0000;0,0000;0,0000;0,0000;9,2492;0,0000;0,0000;0,0000;0,0000;0,0000;2,6667;0,0000;0,0000;0,6667;21,9444;0,0000;0,0000;0,0000;5,7381;0,0000;0,6667;0,0000;0,0000;0,0000;2,5000;0,0000;0,0000;0,0000;0,0000;1,1111;0,0000;0,0000;0,0000;0,2000;0,0000;0,0000;0,0000;0,0000;0,0000;0,0000;0,0000;0,0000;2,6667;0,0000;0,6667;0,4000;0,0000;0,0000;2,2500;1,6667;0,0000;0,0000;0,0000;0,5000;1,0000;9,2857;0,0000;0,5000;0,0000;3,3333;0,0000;0,0000;0,0000;0,0000;0,0000
Syzygium_commersonii;0,0000;0,0000;0,0000;0,0000;0,0000;0,0000;0,0000;0,0000;0,0000;0,0000;0,0000;0,0000;0,0000;0,0000;0,0000;0,0000;0,0000;0,0000;0,0000;0,0000;0,0000;0,0000;0,0000;0,0000;0,0000;0,0000;0,0000;0,0000;0,0000;0,0000;0,0000;0,0000;0,0000;0,0000;0,0000;0,0000;0,0000;0,0000;0,0000;0,0000;0,0000;0,0000;0,0000;0,0000;0,0000;0,0000;0,0000;0,0000;0,0000;0,0000;0,0000;0,0000;0,0000;0,0000;0,0000;0,0000;0,0000;0,0000;0,0000;0,0000;0,0000;0,0000;0,0000;0,0000;0,0000;0,0000;0,0000;0,0000;0,0000;0,0000;0,0000;0,0000;0,0000;0,0000;0,0000;0,0000;0,0000;0,0000;0,0000;0,0000;0,0000;0,0000;0,0000;0,0000;0,0000;0,0000;0,0000;0,0000;0,0000;0,0000;0,0000;0,0000;0,0000;3,6667;0,0000;0,0000;0,0000;0,0000;0,0000;0,0000;0,0000;0,0000;0,0000;0,0000;0,0000;0,0000;0,0000;0,0000;0,0000;0,0000;0,0000;0,0000;0,0000;0,0000;0,0000;0,0000;0,0000;0,0000;0,0000;0,0000;0,0000;0,0000;0,0000;0,0000;0,0000;1,0000;0,0000;0,0000;0,0000;0,0000;0,0000;0,0000;0,0000;0,0000;0,0000
Syzygium_coriaceum;0,0000;0,0000;0,0000;0,0000;0,0000;0,0000;0,0000;0,0000;0,0000;0,0000;0,0000;0,0000;0,0000;1,2143;0,0000;0,0000;0,0000;0,0000;0,0000;0,0000;0,3176;0,0000;0,0000;0,0000;1,7436;0,0000;0,0000;0,0000;0,0000;0,0000;0,0000;0,0000;0,0000;0,0000;0,0000;0,0000;0,0000;0,0000;0,0000;0,1143;0,0000;0,0000;0,0000;0,0000;0,0000;0,3818;0,0000;0,0000;0,0000;0,0000;0,0000;0,0000;0,0000;0,0000;0,0000;0,0000;0,0000;0,0000;0,0000;0,0000;0,0000;0,0000;0,0000;0,0000;0,0000;0,0000;0,0000;0,0000;0,1176;0,0000;0,0000;0,0000;0,0000;0,0000;2,0000;0,0000;0,3247;0,0571;0,0000;0,0000;0,0000;0,0000;0,2857;0,0000;0,1714;0,0000;0,0000;0,0000;1,3574;0,0000;0,0000;0,0000;0,0000;0,0000;0,9561;0,0000;0,0000;0,0000;0,0000;0,0000;0,0000;0,0000;0,0000;0,0000;0,0769;0,0000;0,0000;0,0000;0,0000;0,0000;0,0000;0,0000;0,0000;0,0000;0,0000;0,0000;0,0000;0,0000;0,2390;0,0000;0,0000;0,0000;0,0000;0,3818;0,0000;1,9143;0,0000;0,0000;0,0000;0,0000;0,8800;0,0000;0,0000;0,0000;0,0000
Syzygium_glomeratum;0,0000;0,0000;0,0000;0,0000;0,0000;0,0000;0,0000;0,0000;0,0000;0,0000;0,0000;0,0000;0,0000;0,0000;0,0000;0,0000;0,0000;0,0000;0,0000;0,0000;0,0000;0,0000;0,0000;0,0000;0,9649;0,0000;0,0000;0,0000;0,0000;0,0000;0,0000;0,0000;0,0000;0,0000;0,0000;0,0000;0,0000;0,0000;0,3153;0,3088;0,0000;0,0000;0,0000;0,0000;0,0000;0,0000;0,0000;0,0000;0,0000;0,0000;0,0000;0,0000;0,0000;0,0000;0,0000;0,0000;0,1176;0,0000;0,0000;0,0000;0,0000;0,0000;0,0000;0,0000;0,0000;0,0000;0,0000;0,0000;0,0000;0,0000;0,0000;0,0000;0,0000;0,0000;0,6306;0,0000;0,0000;0,0000;0,0000;0,0000;0,0000;0,0000;0,0870;0,0000;0,0000;0,0000;0,0000;0,0000;0,1111;0,0000;0,0000;0,0000;0,0000;0,0000;0,4000;0,0000;0,0000;0,0000;0,0000;0,0000;0,0000;0,0000;0,0000;0,0000;0,0000;0,0000;0,0000;0,0000;0,0000;0,0000;0,0000;0,0000;0,0000;0,0000;0,0000;0,0000;0,0000;0,0000;0,3576;0,0000;0,0000;0,0000;0,0000;0,0000;0,0000;0,0000;0,0000;0,0000;0,0000;0,0000;0,0000;0,0000;0,0000;0,0000;0,0000
Syzygium_mauritianum;0,0000;0,0000;0,0000;0,0000;0,0000;0,0000;0,0000;0,0000;0,0000;0,0000;0,6667;0,0000;0,0000;0,0000;0,0000;0,0000;0,0000;0,0000;0,0000;0,0000;0,0000;0,0000;0,0000;0,0000;0,0000;0,0000;0,0000;0,0000;0,0000;0,0000;0,0000;0,0000;0,0000;0,0000;0,0000;0,0000;0,0000;0,0000;0,0000;0,0000;0,0000;0,0000;0,0000;0,0000;0,0000;0,0000;0,0000;0,0000;0,0000;0,0000;0,0000;0,0000;0,0000;0,0000;0,0000;0,0000;0,0000;0,0000;0,0000;0,0000;0,0000;0,0000;0,0000;0,0000;0,0000;0,0000;0,0000;0,0000;0,0000;0,0000;0,0000;0,0000;0,0000;0,0000;0,0000;0,0000;0,0000;0,0000;0,0000;0,0000;0,0000;0,0000;0,0000;0,0000;0,0000;0,0000;0,0000;0,0000;0,0000;0,0000;0,0000;0,0000;0,0000;0,1667;0,0000;0,0000;0,0000;0,0000;0,0000;0,0000;0,0000;0,0000;0,0000;0,0000;0,0000;0,0000;0,0000;0,0000;0,0000;0,0000;0,0000;0,0000;0,0000;0,0000;0,0000;0,0000;0,0000;0,0000;0,0000;0,0000;0,0000;0,0000;0,0000;0,0000;0,0000;0,0000;0,0000;0,0000;0,0000;0,0000;0,0000;0,0000;0,0000;0,0000;0,0000
Syzygium_petrinese;0,0000;0,0000;0,0000;0,0000;0,0000;0,0000;0,0000;0,0000;0,0000;0,0000;0,5836;0,0000;0,0000;0,0000;0,0000;0,0000;0,0000;0,0000;0,0000;0,0000;0,0000;0,0000;0,0000;0,0000;0,0000;0,0000;0,0000;0,0000;0,0000;0,0000;0,0000;0,0000;0,0000;0,0000;0,0000;0,0000;0,0000;0,0000;0,0000;0,0000;0,0000;0,0000;0,0000;0,0000;0,0000;0,0000;0,0000;0,0000;0,0000;0,0000;0,0000;0,0000;0,0000;0,0000;0,0000;0,0000;0,0000;0,0000;0,0000;0,0000;0,0000;0,0000;0,0000;0,0000;0,0000;0,0000;0,0000;0,0000;0,0000;0,0000;0,0000;0,0000;0,0000;0,0000;0,0000;0,0000;0,0000;0,0000;0,0000;0,0000;0,0000;0,0000;0,0000;0,0000;0,0000;0,0667;0,0000;0,0000;0,2690;0,0000;0,0000;0,0000;0,0000;0,8460;0,0000;0,9546;0,0000;0,0000;0,0000;0,0000;0,0000;0,0000;0,0000;0,0000;0,0000;0,0000;0,0000;0,0000;0,0000;0,0000;0,0000;0,0000;0,0000;0,0000;0,0000;0,0000;0,0000;0,0000;0,0000;0,0000;0,0000;0,0000;0,0000;0,0000;0,0000;4,4000;0,0000;0,0000;0,0000;0,0000;0,0000;0,0000;0,0000;0,0000;0,0000
Syzygium_venosum;0,0000;0,0000;0,0000;0,0000;0,0000;0,0000;0,0000;0,0000;0,0000;0,0000;0,5714;0,0000;0,0000;2,8571;0,0000;0,0000;0,0000;0,0000;0,0000;0,0000;0,0000;0,0000;0,0000;0,0000;0,0000;0,0000;0,0000;0,0000;0,0000;0,0000;0,0000;0,0000;0,0000;0,0000;0,0000;0,0000;0,0000;0,0000;0,0000;0,0000;0,0000;0,0000;0,0000;0,0000;0,0000;0,0000;0,0000;0,0000;0,0000;0,0000;0,0000;0,0000;0,0000;0,0000;0,0000;0,0000;0,0000;0,0000;0,0000;0,0000;0,0000;0,0000;0,0000;0,0000;0,0000;0,0000;0,0000;0,0000;0,0000;0,0000;0,0000;0,0000;0,0000;0,0000;0,2857;0,0000;0,0000;0,0000;0,0000;0,0000;0,0000;0,0000;0,0000;0,0000;0,0000;0,0000;0,0000;0,0000;0,0000;0,0000;0,0000;0,0000;0,0000;0,0000;0,0000;0,7363;0,0000;0,0000;0,0000;0,0000;0,0000;0,0000;0,0000;0,0000;0,0000;0,0000;0,0000;0,0000;0,0000;0,0000;0,0000;0,0000;0,0000;0,0000;0,0000;0,0000;0,0000;0,0000;1,2381;0,0000;0,0000;0,0000;0,0000;0,0000;0,0000;0,0000;0,0000;0,0000;0,0000;0,0000;0,0000;0,0000;0,0000;0,0000;0,0000
Tabernaemontana_persicarifolia;0,0000;0,0000;0,0000;0,0000;0,0000;0,0000;0,0000;0,0000;0,0000;0,0000;0,0000;0,0000;0,0000;0,0000;0,0000;0,0000;0,0000;0,0000;0,0000;0,0000;0,0000;0,0000;0,0000;0,0000;0,0000;0,0000;0,0000;0,0000;0,0000;0,0000;0,0000;0,0000;0,0000;0,0000;0,0000;0,0000;0,0000;0,0000;0,0000;0,0000;0,0000;0,0000;0,0000;0,0000;0,0000;0,0000;0,0000;0,0000;0,0000;0,0000;0,0000;0,0000;0,0000;0,0000;0,0000;0,0000;0,2000;0,0000;0,0000;0,0000;0,0000;0,0000;0,0000;0,0000;0,0000;0,0000;0,0000;0,0000;0,0000;0,0000;0,0000;0,0000;0,0000;0,0000;0,0000;0,0000;3,5374;0,0000;0,0000;0,0000;0,0000;0,0000;0,0000;0,0000;0,0000;0,0000;0,0000;0,0000;0,0000;0,0000;0,0000;0,0000;0,0000;0,0000;0,0000;0,0000;0,0000;0,0000;0,0000;0,0000;0,0000;0,0000;0,0000;0,0000;0,0000;0,1000;0,0000;0,0000;0,0000;0,0000;0,0000;0,0000;0,0000;0,0000;0,0000;0,0000;0,0000;0,0000;0,0000;0,0000;0,0000;0,1000;0,0000;0,0000;0,0000;1,0000;0,0000;0,0000;0,0000;0,0000;0,0000;0,0000;0,0000;0,0000;0,0000
Tambourissa_peltata;0,0000;0,0000;0,0000;0,0000;0,0000;0,0000;0,0000;0,0000;0,0000;0,0000;0,0000;0,0000;0,0000;0,0000;0,0000;0,0000;0,0000;0,0000;0,0000;0,0000;0,0000;0,0000;0,0000;0,0000;0,0000;0,0000;0,0000;0,0000;0,0000;0,0000;0,0000;0,0000;0,0000;0,0000;0,0000;0,2857;0,0000;0,0000;0,0000;0,0000;0,0000;0,0000;0,0000;0,0000;0,0000;0,4000;0,4000;0,0000;0,0000;0,0000;0,0000;0,0000;0,0000;0,0000;0,0000;0,0000;0,0000;0,0000;0,0000;0,0000;0,0000;0,0000;0,0000;0,0000;0,0000;0,0000;0,0000;0,0000;0,0000;0,0000;0,0000;0,0000;0,0000;0,0000;0,0000;0,0000;0,0000;0,0000;0,0000;0,0000;0,0000;0,0000;0,0000;0,0000;0,0000;0,0000;0,0000;0,0000;0,0000;0,0000;0,0000;0,0000;0,0000;0,0000;0,0000;0,0000;0,0000;0,0000;0,0000;0,0000;0,0000;0,0000;0,0000;0,0000;0,0000;0,0000;0,0000;0,0000;0,0000;0,0000;0,0000;0,0000;0,0000;0,0000;0,0000;0,0000;0,0000;0,0000;0,0000;0,0000;0,0000;0,0000;0,0000;0,0000;0,0000;0,0000;0,0000;0,0000;0,0000;0,0000;0,0000;1,0857;0,0000;0,0000;0,0000
Toddalia_asiatica;0,0000;0,0000;0,0000;0,0000;0,0000;0,0000;0,0400;0,0000;0,0000;0,0000;0,0000;0,0000;0,0000;0,2000;0,0000;0,0000;0,0000;0,0000;0,0000;0,0000;0,0739;0,0000;0,0227;0,0000;0,3288;0,0000;0,0000;0,0000;0,1000;0,0000;0,0800;0,0000;0,0000;0,0000;0,0000;0,0000;0,0000;0,0000;0,0741;0,1000;0,0000;0,2521;0,0000;0,0000;0,0000;0,0000;0,1850;0,0000;0,0000;0,0000;0,0000;0,0000;0,0000;0,0000;0,0000;0,0000;0,0000;0,0000;0,0733;0,0000;0,0000;0,0000;0,0000;0,0000;0,0000;0,0000;0,0000;0,0000;0,0533;0,3117;0,0000;0,1176;0,0000;0,0000;0,1379;0,0000;0,0000;0,0000;0,0000;0,0000;0,0000;0,0606;0,0000;0,0000;3,9020;0,0000;0,0000;0,0000;0,0000;0,1200;0,0000;0,0000;0,0000;0,0000;0,3706;0,0000;0,7379;0,0000;0,0000;0,0000;0,0000;0,0000;0,0000;0,0000;0,0000;0,0000;0,0000;0,0606;0,0000;0,0000;0,0000;0,0000;0,2063;0,0000;0,0000;0,0000;0,0000;0,0000;3,0201;0,0606;0,0227;0,0000;0,1463;0,0000;0,0000;0,7850;0,0000;0,0000;0,0000;0,0000;0,0000;0,0000;0,0000;0,0000;0,0000
Tristhema_mauritiana;0,0000;0,0000;0,0000;0,0000;0,0000;0,0000;0,0000;0,0000;0,0000;0,0000;0,0000;0,0000;0,0000;0,0000;0,0000;0,0000;0,0000;0,0000;0,0000;0,0000;0,0000;0,0000;0,0000;0,0000;0,0000;0,0000;0,0000;0,0000;0,0000;0,0000;0,0000;0,0000;0,0000;0,0000;0,0000;0,0000;0,0000;0,0000;0,0000;0,0000;0,0000;0,0000;0,0000;0,0000;0,0000;0,0000;0,0000;0,0000;0,0000;0,0000;0,0000;0,0000;0,0000;0,0000;0,0000;0,0000;0,0000;0,0000;0,0000;0,0000;0,0000;0,0000;0,0000;0,0000;0,0000;0,0000;0,0000;0,0000;0,0000;0,0000;0,0000;0,0000;0,0000;0,0000;0,0000;0,0000;0,0000;0,0000;0,0000;0,0000;0,0000;0,0000;0,0000;0,0000;0,0000;0,0000;0,0000;0,0000;0,0000;0,0000;0,0000;0,0000;0,0000;0,0000;0,0000;0,0000;0,0000;0,0000;0,0000;0,0000;0,0000;0,0000;0,0000;0,0000;0,0000;0,0000;0,0000;0,0000;0,0000;0,0000;0,0000;0,0000;0,0000;0,0000;0,0000;0,0000;0,0000;0,0000;0,0000;0,0000;0,0000;0,0000;0,0000;0,0000;0,0000;6,0000;0,0000;0,0000;0,0000;0,0000;0,0000;0,0000;0,0000;0,0000;0,0000
Trochetia_blackburniana;0,0000;0,0000;0,0000;0,0000;0,0000;0,0000;0,0000;0,0000;0,0000;0,0000;0,0000;0,0000;0,0000;0,0000;0,0000;0,0000;0,0000;0,0000;0,0000;0,0000;0,0000;0,0000;0,0000;0,0000;0,0000;0,0000;0,0000;0,0000;0,0000;0,0000;0,0000;0,0000;0,0000;0,0000;0,0000;0,0000;0,0000;0,0000;0,0000;0,0000;0,0000;0,0000;0,0000;0,0000;0,0000;0,0000;0,0000;0,0000;0,0000;0,0000;0,0000;0,0000;0,0000;0,0000;0,0000;0,0000;0,0000;0,0000;0,0000;0,0000;0,0000;0,0000;0,0000;0,0000;0,0000;0,0000;0,0000;0,0000;0,0000;0,0000;0,0000;0,0000;0,0000;0,0000;0,0000;0,0000;0,0000;0,0000;0,0000;0,0000;0,0000;0,0000;0,0000;0,0000;0,0000;0,0000;0,0000;0,0000;0,0000;0,0000;0,0000;0,0000;0,0000;0,3333;0,0000;0,0000;0,0000;0,0000;0,0000;0,0000;0,0000;0,0000;0,0000;0,0000;0,0000;0,0000;0,0000;0,0000;0,0000;0,0000;0,0000;0,0000;0,0000;0,0000;0,0000;0,0000;0,0000;0,0000;0,0000;0,0000;0,0000;0,0000;0,0000;0,0000;0,0000;0,0000;0,0000;0,0000;0,0000;0,0000;0,0000;0,0000;0,0000;0,0000;0,0000
Turraea_rigida;0,0000;0,0000;0,0000;0,0000;0,0000;0,0000;0,0000;0,0000;0,0000;0,0000;0,2222;0,0000;0,0000;0,0000;0,0000;0,0000;0,0000;0,0000;0,0000;0,0000;0,0000;0,0000;0,0000;0,0000;0,0000;0,0000;0,0000;0,0000;0,0000;0,0000;0,0000;0,0000;0,0000;0,0000;0,0000;0,0000;0,0000;0,0000;0,0000;0,0000;0,0000;0,0000;0,0000;0,0000;0,0000;0,0000;0,0000;0,0000;0,0000;0,0000;0,0000;0,0000;0,0000;0,0000;0,0000;0,0000;0,0000;0,0000;0,0000;0,0000;0,0000;0,0000;0,0000;0,0000;0,0000;0,0000;0,0000;0,0000;0,0000;0,0000;0,0000;0,0000;0,0000;0,0000;0,0000;0,0000;0,0000;0,0000;0,0000;0,0000;0,0000;0,0000;0,0000;0,0000;0,0000;0,0000;0,0000;0,0000;0,0000;0,0000;0,0000;0,0000;0,0000;0,0000;0,0000;0,0000;0,0000;0,0000;0,0000;0,0000;0,0000;0,0000;0,0000;0,0000;0,0000;0,0000;0,0000;0,0000;0,0000;0,0000;0,0000;0,0000;0,0000;0,0000;0,0000;0,0000;0,0000;0,0000;0,0000;0,0000;0,0000;0,0000;0,0000;0,0000;0,0000;2,0429;0,0000;0,0000;0,0000;0,0000;0,4167;0,0000;0,0000;0,0000;0,1667
Warneckea_trinervis;0,0000;0,0000;0,0000;0,0000;0,0000;0,0000;0,0667;0,0000;0,0000;0,0000;1,1810;0,0000;0,0000;0,0000;0,0000;0,0000;0,0000;0,0000;0,0000;0,0000;0,0000;0,0000;0,0000;0,0000;0,1333;0,0000;0,0000;0,0000;0,0000;0,0000;0,0000;0,0000;0,0000;0,0000;0,0000;0,0000;0,0000;0,0000;0,0000;0,0667;0,0000;0,0000;0,0000;0,0000;0,0000;0,0000;0,0000;0,0000;0,0000;0,0000;0,0000;0,0000;0,0000;0,0000;0,1143;0,0000;0,0000;0,0000;0,0000;0,0000;0,0000;0,0000;0,0000;0,0000;0,0000;0,0000;0,0000;0,0000;0,0000;0,0000;0,0000;0,0000;0,0000;0,0000;0,0000;0,0000;0,0000;0,0000;0,0000;0,0000;0,0000;0,0000;0,0000;0,0000;0,1143;0,0000;0,0000;0,0000;0,0000;0,0000;0,0000;0,0000;0,0000;0,0000;0,0000;0,0000;0,0000;0,0000;0,0000;0,0000;0,0000;0,0000;0,0000;0,0000;0,0000;0,0000;0,0000;0,0000;0,0000;0,0000;0,0000;0,0000;0,0000;0,0000;0,0000;0,0000;0,0000;0,0000;0,0000;0,0000;0,0000;0,0000;0,0000;0,0000;0,0000;0,5333;0,0000;0,0000;0,0000;0,0000;0,1238;0,0000;0,0000;0,0000;0,0000
Xylopia_lamarckii;0,0000;0,0000;0,0000;0,0000;0,0000;0,0000;0,0000;0,0000;0,0000;0,0000;0,0000;0,0000;0,0000;0,0000;0,0000;0,0000;0,0000;0,0000;0,0000;0,0000;0,0000;0,0000;0,0000;0,0000;0,0000;0,0000;0,0000;0,0000;0,0000;0,0000;0,0000;0,0000;0,0000;0,0000;0,0000;0,0000;0,0000;0,0000;0,0000;0,0000;0,0000;0,0000;0,0000;0,0000;0,0000;0,0000;0,0000;0,0000;0,0000;0,0000;0,0000;0,0000;0,0000;0,0000;0,0000;0,0000;0,0000;0,0000;0,0000;0,0000;0,0000;0,0000;0,0000;0,0000;0,0000;0,0000;0,0000;0,0000;0,0000;0,0000;0,0000;0,0000;0,0000;0,0000;0,0000;0,0000;0,0000;0,0000;0,0000;0,0000;0,0000;0,0000;0,0000;0,0000;0,0000;0,0000;0,0000;0,0000;0,0000;0,0000;0,0000;0,0000;0,0000;0,0000;0,0000;0,0000;0,0000;0,0000;0,0000;0,0000;0,0000;0,0000;0,0000;0,0000;0,0000;0,0000;0,0000;0,0000;0,0000;0,0000;0,0000;0,0000;0,0000;0,0000;0,0000;0,0000;0,0000;0,0000;0,0000;0,0000;0,0000;0,0000;0,0000;0,0000;0,0000;1,0000;0,0000;0,0000;0,0000;0,0000;0,0000;0,0000;0,0000;0,0000;0,0000
Xyris_sp;0,0000;0,0000;0,0000;0,0000;0,0000;0,0000;0,0000;0,0000;0,0000;0,0000;0,0000;0,0000;0,0000;0,0000;0,0000;0,0000;0,0000;0,0000;0,0000;0,0000;0,0000;0,0000;0,0000;0,0000;0,0000;0,0000;0,0000;0,1333;0,0000;0,0000;0,0000;0,0000;0,0000;0,0000;0,0000;0,0000;0,0000;0,0000;0,0000;0,0000;0,0000;0,0000;0,0000;0,0000;0,0000;0,0000;0,0000;0,0000;0,0000;0,0000;0,0000;0,0000;0,0000;0,0000;0,0000;0,0000;0,0000;0,0000;0,0000;0,0000;0,0000;0,0000;0,0000;0,0000;0,0000;0,0000;0,0000;0,0000;0,0000;0,0000;0,0000;0,0000;0,0000;0,0000;0,0000;0,0000;0,0000;0,0000;0,0000;0,0000;0,0000;0,0000;0,0000;0,0000;0,0000;0,0000;0,0000;0,0000;0,2000;0,0000;0,0000;0,0000;0,0000;0,0000;0,0000;0,0000;0,0000;0,0000;0,0000;0,0000;0,0000;0,0000;0,0000;0,0000;0,0000;0,0000;0,0000;0,0000;0,0000;0,0000;0,0000;0,0000;0,0000;0,0000;0,0000;0,0000;0,0000;0,0000;0,0000;0,0000;0,0000;0,0000;0,0000;0,0000;0,0000;0,0000;0,0000;0,0000;0,0000;0,0000;0,0000;0,0000;0,0000;0,0000;0,0000
