"ID","plantas","especie","interaccion","Especie.planta"
"M_040","Unidentified.sp13.M.PL.040","Adelpha.abyla",1,"Unidentified sp13 M PL 040"
"M_040","Unidentified.sp13.M.PL.040","Apis.mellifera",6,"Unidentified sp13 M PL 040"
"M_040","Unidentified.sp13.M.PL.040","Camponotus.hannani",2,"Unidentified sp13 M PL 040"
"M_040","Unidentified.sp13.M.PL.040","Centris.sp2.M.PL.040",4,"Unidentified sp13 M PL 040"
"M_040","Unidentified.sp13.M.PL.040","Crematogaster.steinheili",6,"Unidentified sp13 M PL 040"
"M_040","Unidentified.sp13.M.PL.040","Euglossa.jamaicensis",1,"Unidentified sp13 M PL 040"
"M_040","Unidentified.sp13.M.PL.040","Mellisuga.minima",3,"Unidentified sp13 M PL 040"
"M_040","Unidentified.sp13.M.PL.040","Trochilus.polytmus.polytmus",6,"Unidentified sp13 M PL 040"
"M_040","Unidentified.sp13.M.PL.040","Wasmannia.auropunctata",5,"Unidentified sp13 M PL 040"
"M_040","Unidentified.sp13.M.PL.040","Xylocopa.sp1.M.PL.040",1,"Unidentified sp13 M PL 040"
"M_040","Unidentified.sp14.M.PL.040","Camponotus.hannani",49,"Unidentified sp14 M PL 040"
"M_040","Unidentified.sp14.M.PL.040","Crematogaster.steinheili",26,"Unidentified sp14 M PL 040"
"M_040","Unidentified.sp14.M.PL.040","Diptera.sp1.M.PL.040",1,"Unidentified sp14 M PL 040"
"M_040","Unidentified.sp14.M.PL.040","Paraphrissopoda.chrysostoma",1,"Unidentified sp14 M PL 040"
"M_040","Unidentified.sp14.M.PL.040","Unidentified.sp1.M.PL.040",1,"Unidentified sp14 M PL 040"
"M_040","Unidentified.sp14.M.PL.040","Unidentified.sp11.M.PL.040",4,"Unidentified sp14 M PL 040"
"M_040","Unidentified.sp14.M.PL.040","Unidentified.sp12.M.PL.040",3,"Unidentified sp14 M PL 040"
"M_040","Unidentified.sp15.M.PL.040","Agapostemon.sp1.M.PL.040",5,"Unidentified sp15 M PL 040"
"M_040","Unidentified.sp15.M.PL.040","Apis.mellifera",1,"Unidentified sp15 M PL 040"
"M_040","Unidentified.sp15.M.PL.040","Camponotus.hannani",2,"Unidentified sp15 M PL 040"
"M_040","Unidentified.sp15.M.PL.040","Centris.sp2.M.PL.040",23,"Unidentified sp15 M PL 040"
"M_040","Unidentified.sp15.M.PL.040","Euglossa.jamaicensis",1,"Unidentified sp15 M PL 040"
"M_040","Unidentified.sp15.M.PL.040","Xylocopa.sp1.M.PL.040",2,"Unidentified sp15 M PL 040"
"M_040","Unidentified.sp16.M.PL.040","Coereba.flaveola",1,"Unidentified sp16 M PL 040"
"M_040","Unidentified.sp16.M.PL.040","Euglossa.jamaicensis",3,"Unidentified sp16 M PL 040"
"M_040","Unidentified.sp16.M.PL.040","Trochilus.polytmus.polytmus",1,"Unidentified sp16 M PL 040"
"M_040","Unidentified.sp17.M.PL.040","Trochilus.polytmus.polytmus",1,"Unidentified sp17 M PL 040"
"M_040","Unidentified.sp17.M.PL.040","Unidentified.sp1.M.PL.040",1,"Unidentified sp17 M PL 040"
"M_040","Unidentified.sp17.M.PL.040","Unidentified.sp2.M.PL.040",1,"Unidentified sp17 M PL 040"
"M_040","Unidentified.sp18.M.PL.040","Apis.mellifera",3,"Unidentified sp18 M PL 040"
"M_040","Unidentified.sp18.M.PL.040","Xylocopa.sp1.M.PL.040",2,"Unidentified sp18 M PL 040"
"M_040","Unidentified.sp19.M.PL.040","Camponotus.hannani",7,"Unidentified sp19 M PL 040"
"M_040","Unidentified.sp19.M.PL.040","Camponotus.subdepilis",5,"Unidentified sp19 M PL 040"
"M_040","Unidentified.sp20.M.PL.040","Camponotus.subdepilis",1,"Unidentified sp20 M PL 040"
"M_040","Unidentified.sp20.M.PL.040","Crematogaster.steinheili",4,"Unidentified sp20 M PL 040"
"M_040","Unidentified.sp21.M.PL.040","Crematogaster.steinheili",30,"Unidentified sp21 M PL 040"
"M_040","Unidentified.sp21.M.PL.040","Wasmannia.auropunctata",78,"Unidentified sp21 M PL 040"
"M_040","Unidentified.sp22.M.PL.040","Xylocopa.sp1.M.PL.040",2,"Unidentified sp22 M PL 040"
"M_040","Unidentified.sp23.M.PL.040","Wasmannia.auropunctata",46,"Unidentified sp23 M PL 040"
"M_041","Unidentified.sp21.M.PL.041","Allosmaitia.piplea",3,"Unidentified sp21 M PL 041"
"M_041","Unidentified.sp21.M.PL.041","Apis.mellifera",3,"Unidentified sp21 M PL 041"
"M_041","Unidentified.sp21.M.PL.041","Electrostrymon.angerona",3,"Unidentified sp21 M PL 041"
"M_041","Unidentified.sp21.M.PL.041","Unidentified.sp16.M.PL.041",3,"Unidentified sp21 M PL 041"
"M_041","Unidentified.sp21.M.PL.041","Unidentified.sp17.M.PL.041",2,"Unidentified sp21 M PL 041"
"M_041","Unidentified.sp21.M.PL.041","Unidentified.sp2.M.PL.041",5,"Unidentified sp21 M PL 041"
"M_041","Unidentified.sp21.M.PL.041","Unidentified.sp3.M.PL.041",14,"Unidentified sp21 M PL 041"
"M_041","Unidentified.sp21.M.PL.041","Unidentified.sp4.M.PL.041",17,"Unidentified sp21 M PL 041"
"M_041","Unidentified.sp21.M.PL.041","Unidentified.sp5.M.PL.041",2,"Unidentified sp21 M PL 041"
"M_041","Unidentified.sp21.M.PL.041","Unidentified.sp7.M.PL.041",1,"Unidentified sp21 M PL 041"
"M_046","Umbellifer.sp1.M.PL.046","Asilus.sp1.M.PL.046",1,"Umbellifer sp1 M PL 046"
"M_046","Umbellifer.sp1.M.PL.046","Bombus.terrestris",1,"Umbellifer sp1 M PL 046"
"M_046","Umbellifer.sp1.M.PL.046","Coleoptera.sp4.M.PL.046",1,"Umbellifer sp1 M PL 046"
"M_046","Umbellifer.sp1.M.PL.046","Diptera.sp11.M.PL.046",1,"Umbellifer sp1 M PL 046"
"M_046","Umbellifer.sp1.M.PL.046","Diptera.sp12.M.PL.046",1,"Umbellifer sp1 M PL 046"
"M_046","Umbellifer.sp1.M.PL.046","Diptera.sp15.M.PL.046",1,"Umbellifer sp1 M PL 046"
"M_046","Umbellifer.sp1.M.PL.046","Diptera.sp16.M.PL.046",1,"Umbellifer sp1 M PL 046"
"M_046","Umbellifer.sp1.M.PL.046","Diptera.sp17.M.PL.046",1,"Umbellifer sp1 M PL 046"
"M_046","Umbellifer.sp1.M.PL.046","Diptera.sp18.M.PL.046",1,"Umbellifer sp1 M PL 046"
"M_046","Umbellifer.sp1.M.PL.046","Diptera.sp2.M.PL.046",1,"Umbellifer sp1 M PL 046"
"M_046","Umbellifer.sp1.M.PL.046","Diptera.sp5.M.PL.046",1,"Umbellifer sp1 M PL 046"
"M_046","Umbellifer.sp1.M.PL.046","Diptera.sp7.M.PL.046",1,"Umbellifer sp1 M PL 046"
"M_046","Umbellifer.sp1.M.PL.046","Diptera.sp9.M.PL.046",1,"Umbellifer sp1 M PL 046"
"M_046","Umbellifer.sp1.M.PL.046","Ichneumonidae.1",1,"Umbellifer sp1 M PL 046"
"M_046","Umbellifer.sp1.M.PL.046","Lucilia.sp1.M.PL.046",1,"Umbellifer sp1 M PL 046"
"M_046","Umbellifer.sp1.M.PL.046","Meligethes.sp1.M.PL.046",1,"Umbellifer sp1 M PL 046"
"M_046","Umbellifer.sp1.M.PL.046","Musca.sp1.M.PL.046",1,"Umbellifer sp1 M PL 046"
"M_046","Umbellifer.sp1.M.PL.046","Rhynconycha.sp1.M.PL.046",1,"Umbellifer sp1 M PL 046"
"M_046","Umbellifer.sp1.M.PL.046","Unidentified.sp1.M.PL.046",1,"Umbellifer sp1 M PL 046"
"M_046","Umbellifer.sp1.M.PL.046","Unidentified.sp10.M.PL.046",1,"Umbellifer sp1 M PL 046"
"M_046","Umbellifer.sp1.M.PL.046","Unidentified.sp3.M.PL.046",1,"Umbellifer sp1 M PL 046"
"M_046","Umbellifer.sp1.M.PL.046","Unidentified.sp8.M.PL.046",1,"Umbellifer sp1 M PL 046"
"M_046","Umbellifer.sp1.M.PL.046","Vespula.sp1.M.PL.046",1,"Umbellifer sp1 M PL 046"
"M_046","Unidentified.sp27.M.PL.046","Apis.mellifera",1,"Unidentified sp27 M PL 046"
"M_046","Unidentified.sp27.M.PL.046","Cetonia.aurata",1,"Unidentified sp27 M PL 046"
"M_046","Unidentified.sp27.M.PL.046","Coleoptera.sp4.M.PL.046",1,"Unidentified sp27 M PL 046"
"M_046","Unidentified.sp27.M.PL.046","Diptera.sp11.M.PL.046",1,"Unidentified sp27 M PL 046"
"M_046","Unidentified.sp27.M.PL.046","Diptera.sp12.M.PL.046",1,"Unidentified sp27 M PL 046"
"M_046","Unidentified.sp27.M.PL.046","Diptera.sp15.M.PL.046",1,"Unidentified sp27 M PL 046"
"M_046","Unidentified.sp27.M.PL.046","Diptera.sp17.M.PL.046",1,"Unidentified sp27 M PL 046"
"M_046","Unidentified.sp27.M.PL.046","Diptera.sp2.M.PL.046",1,"Unidentified sp27 M PL 046"
"M_046","Unidentified.sp27.M.PL.046","Diptera.sp21.M.PL.046",1,"Unidentified sp27 M PL 046"
"M_046","Unidentified.sp27.M.PL.046","Diptera.sp5.M.PL.046",1,"Unidentified sp27 M PL 046"
"M_046","Unidentified.sp27.M.PL.046","Diptera.sp7.M.PL.046",1,"Unidentified sp27 M PL 046"
"M_046","Unidentified.sp27.M.PL.046","Diptera.sp9.M.PL.046",1,"Unidentified sp27 M PL 046"
"M_046","Unidentified.sp27.M.PL.046","Lepidoptera.sp14.M.PL.046",1,"Unidentified sp27 M PL 046"
"M_046","Unidentified.sp27.M.PL.046","Lucilia.sp1.M.PL.046",1,"Unidentified sp27 M PL 046"
"M_046","Unidentified.sp27.M.PL.046","Meligethes.sp1.M.PL.046",1,"Unidentified sp27 M PL 046"
"M_046","Unidentified.sp27.M.PL.046","Meligethes.sp2.M.PL.046",1,"Unidentified sp27 M PL 046"
"M_046","Unidentified.sp27.M.PL.046","Musca.sp1.M.PL.046",1,"Unidentified sp27 M PL 046"
"M_046","Unidentified.sp27.M.PL.046","Unidentified.sp1.M.PL.046",1,"Unidentified sp27 M PL 046"
"M_046","Unidentified.sp27.M.PL.046","Unidentified.sp10.M.PL.046",1,"Unidentified sp27 M PL 046"
"M_046","Unidentified.sp27.M.PL.046","Unidentified.sp3.M.PL.046",1,"Unidentified sp27 M PL 046"
"M_075.2","Tambourissa.peltata","Drosophila.AF8.sp3",0.29,"Tambourissa peltata"
"M_075.2","Tambourissa.peltata","Graphomya.AF8.maculata",0.4,"Tambourissa peltata"
"M_075.2","Tambourissa.peltata","Henotesia.AF8.narcissus",0.4,"Tambourissa peltata"
"M_075.2","Tambourissa.peltata","Zaprionus.AF8.tuberculatus",1.09,"Tambourissa peltata"
"M_075.2","Xyris.sp","Conocephalus.AF8.sp1",0.13,"Xyris sp"
"M_075.2","Xyris.sp","Paragus.AF8.borbonicus",0.2,"Xyris sp"
"M_079","Acantholippia.seriphioides","Ammophila.sp",20,"Acantholippia seriphioides"
"M_079","Acantholippia.seriphioides","Audre.sp",3,"Acantholippia seriphioides"
"M_079","Acantholippia.seriphioides","Augochloropsis.sp",45,"Acantholippia seriphioides"
"M_079","Acantholippia.seriphioides","Bibionidae.sp",1,"Acantholippia seriphioides"
"M_079","Acantholippia.seriphioides","Exoprosopa.sp1",46,"Acantholippia seriphioides"
"M_079","Acantholippia.seriphioides","Exoprosopa.sp2",29,"Acantholippia seriphioides"
"M_079","Acantholippia.seriphioides","Chrysanthrax.sp2",55,"Acantholippia seriphioides"
"M_079","Acantholippia.seriphioides","Parasystoechus.sp",6,"Acantholippia seriphioides"
"M_079","Acantholippia.seriphioides","Bombyliidae.sp9",2,"Acantholippia seriphioides"
"M_079","Acantholippia.seriphioides","Camponotus.mus",6,"Acantholippia seriphioides"
"M_079","Acantholippia.seriphioides","Centris.lyngbyei",15,"Acantholippia seriphioides"
"M_079","Acantholippia.seriphioides","Chaetocrania.sp",1,"Acantholippia seriphioides"
"M_079","Acantholippia.seriphioides","Copestilum.aricia",47,"Acantholippia seriphioides"
"M_079","Acantholippia.seriphioides","Copestilum.sp2",35,"Acantholippia seriphioides"
"M_079","Acantholippia.seriphioides","Diabrotica.sp",5,"Acantholippia seriphioides"
"M_079","Acantholippia.seriphioides","Dialictus.sp",3,"Acantholippia seriphioides"
"M_079","Acantholippia.seriphioides","Empididae.sp2",5,"Acantholippia seriphioides"
"M_079","Acantholippia.seriphioides","Chrysanthrax.sp1",22,"Acantholippia seriphioides"
"M_079","Acantholippia.seriphioides","Sarcophagidae.sp1",2,"Acantholippia seriphioides"
"M_079","Acantholippia.seriphioides","Strymon.eurytulus",2,"Acantholippia seriphioides"
"M_079","Acantholippia.seriphioides","Syrphus.sp1",11,"Acantholippia seriphioides"
"M_079","Acantholippia.seriphioides","Tachinidae.sp10",10,"Acantholippia seriphioides"
"M_079","Acantholippia.seriphioides","Tachinidae.sp5",1,"Acantholippia seriphioides"
"M_079","Acantholippia.seriphioides","Villa.sp",8,"Acantholippia seriphioides"
"M_079","Aloyssia.gratissima","Ammophila.sp",40,"Aloyssia gratissima"
"M_079","Aloyssia.gratissima","Apis.mellifera",435,"Aloyssia gratissima"
"M_079","Aloyssia.gratissima","Asilidae.sp1",1,"Aloyssia gratissima"
"M_079","Aloyssia.gratissima","Augochloropsis.sp",44,"Aloyssia gratissima"
"M_079","Aloyssia.gratissima","Bibionidae.sp",12,"Aloyssia gratissima"
"M_079","Aloyssia.gratissima","Bombus.opifex",5,"Aloyssia gratissima"
"M_079","Aloyssia.gratissima","Exoprosopa.sp1",3,"Aloyssia gratissima"
"M_079","Aloyssia.gratissima","Bombyliidae.sp15",2,"Aloyssia gratissima"
"M_079","Aloyssia.gratissima","Bombyliidae.sp9",2,"Aloyssia gratissima"
"M_079","Aloyssia.gratissima","Caenohalictus.sp",14,"Aloyssia gratissima"
"M_079","Aloyssia.gratissima","Chaetocrania.sp",9,"Aloyssia gratissima"
"M_079","Aloyssia.gratissima","Colletes.cognatus",2,"Aloyssia gratissima"
"M_079","Aloyssia.gratissima","Compsomyiops.fulvicrura",2,"Aloyssia gratissima"
"M_079","Aloyssia.gratissima","Copestilum.aricia",136,"Aloyssia gratissima"
"M_079","Aloyssia.gratissima","Copestilum.sp2",408,"Aloyssia gratissima"
"M_079","Aloyssia.gratissima","Copestilum.sp3",1,"Aloyssia gratissima"
"M_079","Aloyssia.gratissima","Dialictus.sp",1,"Aloyssia gratissima"
"M_079","Aloyssia.gratissima","Chrysanthrax.sp1",19,"Aloyssia gratissima"
"M_079","Aloyssia.gratissima","Hirmoneura.sp",3,"Aloyssia gratissima"
"M_079","Aloyssia.gratissima","Megachile.leucographa",6,"Aloyssia gratissima"
"M_079","Aloyssia.gratissima","Pyrgus.communis",5,"Aloyssia gratissima"
"M_079","Aloyssia.gratissima","Platycheirus.sp",1,"Aloyssia gratissima"
"M_079","Aloyssia.gratissima","Pseudagapostemon.sp",3,"Aloyssia gratissima"
"M_079","Aloyssia.gratissima","Sarcophagidae.sp1",2,"Aloyssia gratissima"
"M_079","Aloyssia.gratissima","Strymon.eurytulus",15,"Aloyssia gratissima"
"M_079","Aloyssia.gratissima","Syrphus.sp1",11,"Aloyssia gratissima"
"M_079","Aloyssia.gratissima","Syrphidae.sp6",1,"Aloyssia gratissima"
"M_079","Aloyssia.gratissima","Tachinidae.sp10",47,"Aloyssia gratissima"
"M_079","Aloyssia.gratissima","Tatochila.autodice",6,"Aloyssia gratissima"
"M_079","Aloyssia.gratissima","Xylocopa.atamisquensis",1,"Aloyssia gratissima"
"M_079","Argemone.subfusiformis","Apis.mellifera",15,"Argemone subfusiformis"
"M_079","Argemone.subfusiformis","Arhysosage.bifasciata",1,"Argemone subfusiformis"
"M_079","Argemone.subfusiformis","Augochloropsis.sp",12,"Argemone subfusiformis"
"M_079","Argemone.subfusiformis","Bombus.opifex",2,"Argemone subfusiformis"
"M_079","Argemone.subfusiformis","Cosmosatyrus.chilensis",1,"Argemone subfusiformis"
"M_079","Argemone.subfusiformis","Diadasia.patagonica",1,"Argemone subfusiformis"
"M_079","Argemone.subfusiformis","Dialictus.sp",10,"Argemone subfusiformis"
"M_079","Argemone.subfusiformis","Pyrgus.communis",1,"Argemone subfusiformis"
"M_079","Argemone.subfusiformis","Pseudagapostemon.sp",4,"Argemone subfusiformis"
"M_079","Argemone.subfusiformis","Strymon.eurytulus",1,"Argemone subfusiformis"
"M_079","Argemone.subfusiformis","Tatochila.autodice",1,"Argemone subfusiformis"
"M_079","Arjona.longifolia","Ammophila.sp",2,"Arjona longifolia"
"M_079","Arjona.longifolia","Ascia.monuste",3,"Arjona longifolia"
"M_079","Arjona.longifolia","Augochloropsis.sp",5,"Arjona longifolia"
"M_079","Arjona.longifolia","Bombyliidae.sp9",5,"Arjona longifolia"
"M_079","Arjona.longifolia","Caenohalictus.sp",1,"Arjona longifolia"
"M_079","Arjona.longifolia","Copestilum.aricia",2,"Arjona longifolia"
"M_079","Arjona.longifolia","Megachile.leucographa",1,"Arjona longifolia"
"M_079","Arjona.longifolia","Tachinidae.sp10",2,"Arjona longifolia"
"M_079","Arjona.longifolia","Villa.sp",1,"Arjona longifolia"
"M_079","Bougainvillea.spinosa","Augochloropsis.sp",1,"Bougainvillea spinosa"
"M_079","Bougainvillea.spinosa","Copestilum.aricia",51,"Bougainvillea spinosa"
"M_079","Bougainvillea.spinosa","Cosmosatyrus.chilensis",6,"Bougainvillea spinosa"
"M_079","Bougainvillea.spinosa","Hirmoneura.sp",2,"Bougainvillea spinosa"
"M_079","Bredemeyera.microphylla","Apis.mellifera",360,"Bredemeyera microphylla"
"M_079","Buddleja.mendozensis","Ammophila.sp",9,"Buddleja mendozensis"
"M_079","Buddleja.mendozensis","Asilidae.sp1",4,"Buddleja mendozensis"
"M_079","Buddleja.mendozensis","Audre.sp",11,"Buddleja mendozensis"
"M_079","Buddleja.mendozensis","Augochloropsis.sp",19,"Buddleja mendozensis"
"M_079","Buddleja.mendozensis","Bibionidae.sp",16,"Buddleja mendozensis"
"M_079","Buddleja.mendozensis","Exoprosopa.sp1",2,"Buddleja mendozensis"
"M_079","Buddleja.mendozensis","Bombyliidae.sp12",2,"Buddleja mendozensis"
"M_079","Buddleja.mendozensis","Caenohalictus.sp",5,"Buddleja mendozensis"
"M_079","Buddleja.mendozensis","Camponotus.mus",4,"Buddleja mendozensis"
"M_079","Buddleja.mendozensis","Chaetocrania.sp",5,"Buddleja mendozensis"
"M_079","Buddleja.mendozensis","Compsomyiops.fulvicrura",5,"Buddleja mendozensis"
"M_079","Buddleja.mendozensis","Copestilum.aricia",87,"Buddleja mendozensis"
"M_079","Buddleja.mendozensis","Copestilum.sp2",50,"Buddleja mendozensis"
"M_079","Buddleja.mendozensis","Cosmosatyrus.chilensis",3,"Buddleja mendozensis"
"M_079","Buddleja.mendozensis","Dialictus.sp",4,"Buddleja mendozensis"
"M_079","Buddleja.mendozensis","Chrysanthrax.sp1",7,"Buddleja mendozensis"
"M_079","Buddleja.mendozensis","Hirmoneura.sp",4,"Buddleja mendozensis"
"M_079","Buddleja.mendozensis","Isepeolus.vachali",1,"Buddleja mendozensis"
"M_079","Buddleja.mendozensis","Lonchopria.robertsi",1,"Buddleja mendozensis"
"M_079","Buddleja.mendozensis","Melectoides.cockerelli",3,"Buddleja mendozensis"
"M_079","Buddleja.mendozensis","Pyrgus.communis",1,"Buddleja mendozensis"
"M_079","Buddleja.mendozensis","Polistes.cavapyta",2,"Buddleja mendozensis"
"M_079","Buddleja.mendozensis","Strymon.eurytulus",19,"Buddleja mendozensis"
"M_079","Buddleja.mendozensis","Syrphus.sp1",3,"Buddleja mendozensis"
"M_079","Buddleja.mendozensis","Tachinidae.sp10",96,"Buddleja mendozensis"
"M_079","Buddleja.mendozensis","Tachinidae.sp15",1,"Buddleja mendozensis"
"M_079","Buddleja.mendozensis","Villa.sp",4,"Buddleja mendozensis"
"M_079","Buddleja.mendozensis","Xylocopa.atamisquensis",1,"Buddleja mendozensis"
"M_079","Buddleja.mendozensis","Zeta.sp",1,"Buddleja mendozensis"
"M_079","Capparis.atamisquea","Ammophila.sp",22,"Capparis atamisquea"
"M_079","Capparis.atamisquea","Ananthidium.inerme",3,"Capparis atamisquea"
"M_079","Capparis.atamisquea","Anthidium.rubripes",1,"Capparis atamisquea"
"M_079","Capparis.atamisquea","Apis.mellifera",74,"Capparis atamisquea"
"M_079","Capparis.atamisquea","Audre.sp",5,"Capparis atamisquea"
"M_079","Capparis.atamisquea","Augochloropsis.sp",39,"Capparis atamisquea"
"M_079","Capparis.atamisquea","Bombus.opifex",54,"Capparis atamisquea"
"M_079","Capparis.atamisquea","Exoprosopa.sp1",2,"Capparis atamisquea"
"M_079","Capparis.atamisquea","Exoprosopa.sp2",3,"Capparis atamisquea"
"M_079","Capparis.atamisquea","Bombilidae.sp5",1,"Capparis atamisquea"
"M_079","Capparis.atamisquea","Parasystoechus.sp",4,"Capparis atamisquea"
"M_079","Capparis.atamisquea","Poecilognathus.sp",3,"Capparis atamisquea"
"M_079","Capparis.atamisquea","Bombyliidae.sp9",4,"Capparis atamisquea"
"M_079","Capparis.atamisquea","Centris.brethesi",244,"Capparis atamisquea"
"M_079","Capparis.atamisquea","Coelioxys.chilensis",1,"Capparis atamisquea"
"M_079","Capparis.atamisquea","Coelioxys.sp6",1,"Capparis atamisquea"
"M_079","Capparis.atamisquea","Colletes.araucariae",12,"Capparis atamisquea"
"M_079","Capparis.atamisquea","Colletes.bicolor",2,"Capparis atamisquea"
"M_079","Capparis.atamisquea","Colletes.cognatus",2,"Capparis atamisquea"
"M_079","Capparis.atamisquea","Colletes.lycii",2,"Capparis atamisquea"
"M_079","Capparis.atamisquea","Compsomyiops.fulvicrura",2,"Capparis atamisquea"
"M_079","Capparis.atamisquea","Copestilum.aricia",78,"Capparis atamisquea"
"M_079","Capparis.atamisquea","Copestilum.sp2",7,"Capparis atamisquea"
"M_079","Capparis.atamisquea","Cosmosatyrus.chilensis",30,"Capparis atamisquea"
"M_079","Capparis.atamisquea","Diadasia.patagonica",2,"Capparis atamisquea"
"M_079","Capparis.atamisquea","Dialictus.sp",4,"Capparis atamisquea"
"M_079","Capparis.atamisquea","Eumenidae.sp",5,"Capparis atamisquea"
"M_079","Capparis.atamisquea","Hirmoneura.sp",2,"Capparis atamisquea"
"M_079","Capparis.atamisquea","Megachile.leucographa",8,"Capparis atamisquea"
"M_079","Capparis.atamisquea","Megachile.obscurior",8,"Capparis atamisquea"
"M_079","Capparis.atamisquea","Megachile.nigella",4,"Capparis atamisquea"
"M_079","Capparis.atamisquea","Megachile.pseudocentron2",3,"Capparis atamisquea"
"M_079","Capparis.atamisquea","Mesonychium.jenseni",13,"Capparis atamisquea"
"M_079","Capparis.atamisquea","Pyrgus.communis",3,"Capparis atamisquea"
"M_079","Capparis.atamisquea","Polistes.cavapyta",1,"Capparis atamisquea"
"M_079","Capparis.atamisquea","Rubrica.nasuta",20,"Capparis atamisquea"
"M_079","Capparis.atamisquea","Sphex.sp2",11,"Capparis atamisquea"
"M_079","Capparis.atamisquea","Sphecidae.sp1",147,"Capparis atamisquea"
"M_079","Capparis.atamisquea","Strymon.eurytulus",21,"Capparis atamisquea"
"M_079","Capparis.atamisquea","Svastrides.zebra",2,"Capparis atamisquea"
"M_079","Capparis.atamisquea","Syrphidae.sp2",1,"Capparis atamisquea"
"M_079","Capparis.atamisquea","Tachipompillus.sp",43,"Capparis atamisquea"
"M_079","Capparis.atamisquea","Tachinidae.sp10",3,"Capparis atamisquea"
"M_079","Capparis.atamisquea","Thynnidae.sp",2,"Capparis atamisquea"
"M_079","Capparis.atamisquea","Willinkapis.chalybaea",13,"Capparis atamisquea"
"M_079","Capparis.atamisquea","Xylocopa.atamisquensis",144,"Capparis atamisquea"
"M_079","Capparis.atamisquea","Xylocopa.splendidula",11,"Capparis atamisquea"
"M_079","Capparis.atamisquea","Zeta.sp",3,"Capparis atamisquea"
"M_079","Centaurea.solstialis","Ammophila.sp",19,"Centaurea solstialis"
"M_079","Centaurea.solstialis","Apis.mellifera",1,"Centaurea solstialis"
"M_079","Centaurea.solstialis","Augochloropsis.sp",11,"Centaurea solstialis"
"M_079","Centaurea.solstialis","Babia.elongata",1,"Centaurea solstialis"
"M_079","Centaurea.solstialis","Bombus.opifex",11,"Centaurea solstialis"
"M_079","Centaurea.solstialis","Chrysanthrax.sp2",2,"Centaurea solstialis"
"M_079","Centaurea.solstialis","Bombilidae.sp5",2,"Centaurea solstialis"
"M_079","Centaurea.solstialis","Poecilognathus.sp",26,"Centaurea solstialis"
"M_079","Centaurea.solstialis","Camponotus.mus",1,"Centaurea solstialis"
"M_079","Centaurea.solstialis","Centris.brethesi",2,"Centaurea solstialis"
"M_079","Centaurea.solstialis","Copestilum.aricia",14,"Centaurea solstialis"
"M_079","Centaurea.solstialis","Copestilum.sp2",5,"Centaurea solstialis"
"M_079","Centaurea.solstialis","Cosmosatyrus.chilensis",25,"Centaurea solstialis"
"M_079","Centaurea.solstialis","Diadasia.patagonica",8,"Centaurea solstialis"
"M_079","Centaurea.solstialis","Dialictus.sp",7,"Centaurea solstialis"
"M_079","Centaurea.solstialis","Lepidoptera.sp11",18,"Centaurea solstialis"
"M_079","Centaurea.solstialis","Megachile.nigella",8,"Centaurea solstialis"
"M_079","Centaurea.solstialis","Mesonychium.jenseni",24,"Centaurea solstialis"
"M_079","Centaurea.solstialis","Pyrgus.communis",27,"Centaurea solstialis"
"M_079","Centaurea.solstialis","Psaenythia.philantoides",1,"Centaurea solstialis"
"M_079","Centaurea.solstialis","Pseudagapostemon.sp",4,"Centaurea solstialis"
"M_079","Centaurea.solstialis","Strymon.eurytulus",1,"Centaurea solstialis"
"M_079","Centaurea.solstialis","Svastra.sp",5,"Centaurea solstialis"
"M_079","Centaurea.solstialis","Tatochila.autodice",13,"Centaurea solstialis"
"M_079","Centaurea.solstialis","Zeta.sp",1,"Centaurea solstialis"
"M_079","Clematis.montevidensis","Ammophila.sp",25,"Clematis montevidensis"
"M_079","Clematis.montevidensis","Augochloropsis.sp",2,"Clematis montevidensis"
"M_079","Clematis.montevidensis","Exoprosopa.sp1",17,"Clematis montevidensis"
"M_079","Clematis.montevidensis","Exoprosopa.sp2",14,"Clematis montevidensis"
"M_079","Clematis.montevidensis","Chrysanthrax.sp2",4,"Clematis montevidensis"
"M_079","Clematis.montevidensis","Camponotus.mus",1,"Clematis montevidensis"
"M_079","Clematis.montevidensis","Chaetocrania.sp",5,"Clematis montevidensis"
"M_079","Clematis.montevidensis","Compsomyiops.fulvicrura",2,"Clematis montevidensis"
"M_079","Clematis.montevidensis","Copestilum.aricia",5,"Clematis montevidensis"
"M_079","Clematis.montevidensis","Copestilum.sp2",4,"Clematis montevidensis"
"M_079","Clematis.montevidensis","Cosmosatyrus.chilensis",2,"Clematis montevidensis"
"M_079","Clematis.montevidensis","Diadasia.patagonica",3,"Clematis montevidensis"
"M_079","Clematis.montevidensis","Dialictus.sp",1,"Clematis montevidensis"
"M_079","Clematis.montevidensis","Eumenidae.sp",1,"Clematis montevidensis"
"M_079","Clematis.montevidensis","Chrysanthrax.sp1",4,"Clematis montevidensis"
"M_079","Clematis.montevidensis","Sphecidae.sp1",2,"Clematis montevidensis"
"M_079","Clematis.montevidensis","Tachipompillus.sp",7,"Clematis montevidensis"
"M_079","Clematis.montevidensis","Tachinidae.sp10",7,"Clematis montevidensis"
"M_079","Clematis.montevidensis","Tachinidae.sp8",2,"Clematis montevidensis"
"M_079","Clematis.montevidensis","Villa.sp",11,"Clematis montevidensis"
"M_079","Condalia.microphylla","Ammophila.sp",17,"Condalia microphylla"
"M_079","Condalia.microphylla","Anthomyiidae.sp1",4,"Condalia microphylla"
"M_079","Condalia.microphylla","Apis.mellifera",757,"Condalia microphylla"
"M_079","Condalia.microphylla","Aristosyrphus.sp",16,"Condalia microphylla"
"M_079","Condalia.microphylla","Asilidae.sp1",12,"Condalia microphylla"
"M_079","Condalia.microphylla","Asilidae.sp2",4,"Condalia microphylla"
"M_079","Condalia.microphylla","Augochloropsis.sp",55,"Condalia microphylla"
"M_079","Condalia.microphylla","Exoprosopa.sp1",115,"Condalia microphylla"
"M_079","Condalia.microphylla","Exoprosopa.sp2",172,"Condalia microphylla"
"M_079","Condalia.microphylla","Bombyliidae.sp14",1,"Condalia microphylla"
"M_079","Condalia.microphylla","Bombyliidae.sp16",7,"Condalia microphylla"
"M_079","Condalia.microphylla","Chrysanthrax.sp2",84,"Condalia microphylla"
"M_079","Condalia.microphylla","Parasystoechus.sp",4,"Condalia microphylla"
"M_079","Condalia.microphylla","Bombyliidae.sp9",18,"Condalia microphylla"
"M_079","Condalia.microphylla","Camponotus.mus",264,"Condalia microphylla"
"M_079","Condalia.microphylla","Camponotus.punctulatus",178,"Condalia microphylla"
"M_079","Condalia.microphylla","Chaetocrania.sp",5,"Condalia microphylla"
"M_079","Condalia.microphylla","Cochliomyia.macellaria",5,"Condalia microphylla"
"M_079","Condalia.microphylla","Coccinela.sp2",14,"Condalia microphylla"
"M_079","Condalia.microphylla","Colletes.cognatus",10,"Condalia microphylla"
"M_079","Condalia.microphylla","Compsomyiops.fulvicrura",332,"Condalia microphylla"
"M_079","Condalia.microphylla","Copestilum.aricia",950,"Condalia microphylla"
"M_079","Condalia.microphylla","Copestilum.sp2",118,"Condalia microphylla"
"M_079","Condalia.microphylla","Cosmosatyrus.chilensis",1,"Condalia microphylla"
"M_079","Condalia.microphylla","Crabronidae.sp1",1,"Condalia microphylla"
"M_079","Condalia.microphylla","Diabrotica.sp",33,"Condalia microphylla"
"M_079","Condalia.microphylla","Dialictus.sp",57,"Condalia microphylla"
"M_079","Condalia.microphylla","Empididae.sp1",1,"Condalia microphylla"
"M_079","Condalia.microphylla","Empididae.sp2",3,"Condalia microphylla"
"M_079","Condalia.microphylla","Chrysanthrax.sp1",345,"Condalia microphylla"
"M_079","Condalia.microphylla","Hirmoneura.sp",776,"Condalia microphylla"
"M_079","Condalia.microphylla","Hypalastroides.sp",3,"Condalia microphylla"
"M_079","Condalia.microphylla","Leioproctus.friesei",1,"Condalia microphylla"
"M_079","Condalia.microphylla","Megachile.leucographa",1,"Condalia microphylla"
"M_079","Condalia.microphylla","Megachile.obscurior",1,"Condalia microphylla"
"M_079","Condalia.microphylla","Mesonychium.jenseni",1,"Condalia microphylla"
"M_079","Condalia.microphylla","Muscidae.sp2",5,"Condalia microphylla"
"M_079","Condalia.microphylla","neu.sp1",2,"Condalia microphylla"
"M_079","Condalia.microphylla","Nitidulidae.sp1",1,"Condalia microphylla"
"M_079","Condalia.microphylla","Platycheirus.sp",7,"Condalia microphylla"
"M_079","Condalia.microphylla","Polistes.cavapyta",45,"Condalia microphylla"
"M_079","Condalia.microphylla","Pompilidae.sp2",1,"Condalia microphylla"
"M_079","Condalia.microphylla","Psaenythia.philantoides",4,"Condalia microphylla"
"M_079","Condalia.microphylla","Psaenythia.rufipes",2,"Condalia microphylla"
"M_079","Condalia.microphylla","Pseudagapostemon.sp",1,"Condalia microphylla"
"M_079","Condalia.microphylla","Sarcophagidae.sp1",1,"Condalia microphylla"
"M_079","Condalia.microphylla","Sciomyzidae",1,"Condalia microphylla"
"M_079","Condalia.microphylla","Strymon.eurytulus",2,"Condalia microphylla"
"M_079","Condalia.microphylla","Syrphus.sp1",181,"Condalia microphylla"
"M_079","Condalia.microphylla","Syrphidae.sp2",1,"Condalia microphylla"
"M_079","Condalia.microphylla","Syrphidae.sp3",1,"Condalia microphylla"
"M_079","Condalia.microphylla","Syrphidae.sp5",2,"Condalia microphylla"
"M_079","Condalia.microphylla","Tachinidae.sp10",84,"Condalia microphylla"
"M_079","Condalia.microphylla","Tachinidae.sp15",1,"Condalia microphylla"
"M_079","Condalia.microphylla","Tachinidae.sp17",1,"Condalia microphylla"
"M_079","Condalia.microphylla","Tachinidae.sp8",1,"Condalia microphylla"
"M_079","Condalia.microphylla","Tephritidae.sp1",3,"Condalia microphylla"
"M_079","Condalia.microphylla","Thynnidae.sp",69,"Condalia microphylla"
"M_079","Condalia.microphylla","Villa.sp",83,"Condalia microphylla"
"M_079","Condalia.microphylla","Zeta.sp",42,"Condalia microphylla"
"M_079","Descurainia.sp","Chrysanthrax.sp2",3,"Descurainia sp"
"M_079","Descurainia.sp","Copestilum.sp2",1,"Descurainia sp"
"M_079","Descurainia.sp","Dialictus.sp",9,"Descurainia sp"
"M_079","Descurainia.sp","neu.sp1",2,"Descurainia sp"
"M_079","Descurainia.sp","Syrphus.sp1",18,"Descurainia sp"
"M_079","Dipyrena.glaberrima","Apis.mellifera",1,"Dipyrena glaberrima"
"M_079","Dipyrena.glaberrima","Augochloropsis.sp",7,"Dipyrena glaberrima"
"M_079","Dipyrena.glaberrima","Parasystoechus.sp",4,"Dipyrena glaberrima"
"M_079","Dipyrena.glaberrima","Poecilognathus.sp",7,"Dipyrena glaberrima"
"M_079","Dipyrena.glaberrima","Copestilum.aricia",42,"Dipyrena glaberrima"
"M_079","Dipyrena.glaberrima","Copestilum.sp2",4,"Dipyrena glaberrima"
"M_079","Dipyrena.glaberrima","Dialictus.sp",4,"Dipyrena glaberrima"
"M_079","Dipyrena.glaberrima","Lepidoptera.sp11",8,"Dipyrena glaberrima"
"M_079","Dipyrena.glaberrima","Lepidoptera.sp12",14,"Dipyrena glaberrima"
"M_079","Dipyrena.glaberrima","Strymon.eurytulus",1,"Dipyrena glaberrima"
"M_079","Erodium.cicatarium","Apis.mellifera",49,"Erodium cicatarium"
"M_079","Erodium.cicatarium","Exoprosopa.sp1",1,"Erodium cicatarium"
"M_079","Erodium.cicatarium","Camponotus.punctulatus",1,"Erodium cicatarium"
"M_079","Erodium.cicatarium","Strymon.eurytulus",1,"Erodium cicatarium"
"M_079","Erodium.cicatarium","Syrphus.sp1",33,"Erodium cicatarium"
"M_079","Erodium.cicatarium","Tatochila.autodice",9,"Erodium cicatarium"
"M_079","Fumaria.capreolata","Chaetocrania.sp",2,"Fumaria capreolata"
"M_079","Fumaria.capreolata","Copestilum.sp2",1,"Fumaria capreolata"
"M_079","Fumaria.capreolata","Tatochila.autodice",2,"Fumaria capreolata"
"M_079","Helenium.donianum","Ammophila.sp",31,"Helenium donianum"
"M_079","Helenium.donianum","Anthidium.rubripes",2,"Helenium donianum"
"M_079","Helenium.donianum","Apis.mellifera",15,"Helenium donianum"
"M_079","Helenium.donianum","Audre.sp",4,"Helenium donianum"
"M_079","Helenium.donianum","Augochloropsis.sp",55,"Helenium donianum"
"M_079","Helenium.donianum","Bombus.opifex",3,"Helenium donianum"
"M_079","Helenium.donianum","Chrysanthrax.sp2",2,"Helenium donianum"
"M_079","Helenium.donianum","Poecilognathus.sp",21,"Helenium donianum"
"M_079","Helenium.donianum","Colletes.araucariae",1,"Helenium donianum"
"M_079","Helenium.donianum","Copestilum.aricia",4,"Helenium donianum"
"M_079","Helenium.donianum","Copestilum.sp2",9,"Helenium donianum"
"M_079","Helenium.donianum","Cosmosatyrus.chilensis",13,"Helenium donianum"
"M_079","Helenium.donianum","Diadasia.patagonica",4,"Helenium donianum"
"M_079","Helenium.donianum","Diabrotica.sp",2,"Helenium donianum"
"M_079","Helenium.donianum","Dialictus.sp",15,"Helenium donianum"
"M_079","Helenium.donianum","Isepeolus.vachali",1,"Helenium donianum"
"M_079","Helenium.donianum","Leptometriella.nigra",1,"Helenium donianum"
"M_079","Helenium.donianum","Lepidoptera.sp3",2,"Helenium donianum"
"M_079","Helenium.donianum","Megachile.leucographa",3,"Helenium donianum"
"M_079","Helenium.donianum","Megachile.obscurior",2,"Helenium donianum"
"M_079","Helenium.donianum","Megachile.nigella",36,"Helenium donianum"
"M_079","Helenium.donianum","Pyrgus.communis",9,"Helenium donianum"
"M_079","Helenium.donianum","Psaenythia.philantoides",1,"Helenium donianum"
"M_079","Helenium.donianum","Psaenythia.rufipes",3,"Helenium donianum"
"M_079","Helenium.donianum","Pseudagapostemon.sp",2,"Helenium donianum"
"M_079","Helenium.donianum","Strymon.eurytulus",10,"Helenium donianum"
"M_079","Helenium.donianum","Syrphus.sp1",1,"Helenium donianum"
"M_079","Helenium.donianum","Tatochila.autodice",3,"Helenium donianum"
"M_079","Helenium.donianum","Zeta.sp",8,"Helenium donianum"
"M_079","Hoffmannseggia.eremophila","Centris.brethesi",6,"Hoffmannseggia eremophila"
"M_079","Hoffmannseggia.eremophila","Syrphus.sp1",4,"Hoffmannseggia eremophila"
"M_079","Hysterionica.jassionoide","Ammophila.sp",8,"Hysterionica jassionoide"
"M_079","Hysterionica.jassionoide","Arhysosage.bifasciata",1,"Hysterionica jassionoide"
"M_079","Hysterionica.jassionoide","Ascia.monuste",1,"Hysterionica jassionoide"
"M_079","Hysterionica.jassionoide","Audre.sp",2,"Hysterionica jassionoide"
"M_079","Hysterionica.jassionoide","Augochloropsis.sp",11,"Hysterionica jassionoide"
"M_079","Hysterionica.jassionoide","Camponotus.punctulatus",1,"Hysterionica jassionoide"
"M_079","Hysterionica.jassionoide","Dialictus.sp",11,"Hysterionica jassionoide"
"M_079","Hysterionica.jassionoide","Isepeolus.vachali",1,"Hysterionica jassionoide"
"M_079","Hysterionica.jassionoide","Megachile.leucographa",4,"Hysterionica jassionoide"
"M_079","Hysterionica.jassionoide","Megachile.obscurior",1,"Hysterionica jassionoide"
"M_079","Hysterionica.jassionoide","Pyrgus.communis",4,"Hysterionica jassionoide"
"M_079","Hysterionica.jassionoide","Strymon.eurytulus",1,"Hysterionica jassionoide"
"M_079","Hysterionica.jassionoide","Tatochila.autodice",2,"Hysterionica jassionoide"
"M_079","Larrea.cuneifolia","Apis.mellifera",19,"Larrea cuneifolia"
"M_079","Larrea.cuneifolia","Audre.sp",2,"Larrea cuneifolia"
"M_079","Larrea.cuneifolia","Bombus.opifex",12,"Larrea cuneifolia"
"M_079","Larrea.cuneifolia","Colletes.lycii",1,"Larrea cuneifolia"
"M_079","Larrea.cuneifolia","Compsomyiops.fulvicrura",1,"Larrea cuneifolia"
"M_079","Larrea.cuneifolia","Copestilum.aricia",43,"Larrea cuneifolia"
"M_079","Larrea.cuneifolia","Dialictus.sp",2,"Larrea cuneifolia"
"M_079","Larrea.cuneifolia","Leioproctus.friesei",1,"Larrea cuneifolia"
"M_079","Larrea.cuneifolia","Lonchopria.robertsi",1,"Larrea cuneifolia"
"M_079","Larrea.cuneifolia","Syrphus.sp1",6,"Larrea cuneifolia"
"M_079","Larrea.cuneifolia","Xylocopa.atamisquensis",10,"Larrea cuneifolia"
"M_079","Larrea.cuneifolia","Xylocopa.splendidula",2,"Larrea cuneifolia"
"M_079","Larrea.nitida","Alloscirtetica.brethesi",59,"Larrea nitida"
"M_079","Larrea.nitida","Apis.mellifera",453,"Larrea nitida"
"M_079","Larrea.nitida","Ascia.monuste",1,"Larrea nitida"
"M_079","Larrea.nitida","Audre.sp",40,"Larrea nitida"
"M_079","Larrea.nitida","Augochloropsis.sp",133,"Larrea nitida"
"M_079","Larrea.nitida","Bombus.opifex",71,"Larrea nitida"
"M_079","Larrea.nitida","Exoprosopa.sp1",8,"Larrea nitida"
"M_079","Larrea.nitida","Caenohalictus.sp",6,"Larrea nitida"
"M_079","Larrea.nitida","Coelioxys.jorgenseni",6,"Larrea nitida"
"M_079","Larrea.nitida","Colletes.araucariae",20,"Larrea nitida"
"M_079","Larrea.nitida","Colletes.cognatus",18,"Larrea nitida"
"M_079","Larrea.nitida","Colletes.lycii",2,"Larrea nitida"
"M_079","Larrea.nitida","Copestilum.aricia",87,"Larrea nitida"
"M_079","Larrea.nitida","Copestilum.sp2",17,"Larrea nitida"
"M_079","Larrea.nitida","Cosmosatyrus.chilensis",1,"Larrea nitida"
"M_079","Larrea.nitida","Dialictus.sp",53,"Larrea nitida"
"M_079","Larrea.nitida","Lonchopria.robertsi",4,"Larrea nitida"
"M_079","Larrea.nitida","Megachile.leucographa",3,"Larrea nitida"
"M_079","Larrea.nitida","Pyrgus.communis",1,"Larrea nitida"
"M_079","Larrea.nitida","Platycheirus.sp",2,"Larrea nitida"
"M_079","Larrea.nitida","Strymon.eurytulus",2,"Larrea nitida"
"M_079","Larrea.nitida","Syrphus.sp1",24,"Larrea nitida"
"M_079","Larrea.nitida","Xylocopa.atamisquensis",446,"Larrea nitida"
"M_079","Larrea.nitida","Xylocopa.splendidula",14,"Larrea nitida"
"M_079","Lippia.turbinata","Ammophila.sp",14,"Lippia turbinata"
"M_079","Lippia.turbinata","Anthidium.rubripes",2,"Lippia turbinata"
"M_079","Lippia.turbinata","Apis.mellifera",5,"Lippia turbinata"
"M_079","Lippia.turbinata","Audre.sp",2,"Lippia turbinata"
"M_079","Lippia.turbinata","Augochloropsis.sp",46,"Lippia turbinata"
"M_079","Lippia.turbinata","Exoprosopa.sp1",1,"Lippia turbinata"
"M_079","Lippia.turbinata","Exoprosopa.sp2",3,"Lippia turbinata"
"M_079","Lippia.turbinata","Bombyliidae.sp14",3,"Lippia turbinata"
"M_079","Lippia.turbinata","Bombilidae.sp5",2,"Lippia turbinata"
"M_079","Lippia.turbinata","Bombyliidae.sp9",36,"Lippia turbinata"
"M_079","Lippia.turbinata","Camponotus.mus",2,"Lippia turbinata"
"M_079","Lippia.turbinata","Compsomyiops.fulvicrura",1,"Lippia turbinata"
"M_079","Lippia.turbinata","Copestilum.aricia",7,"Lippia turbinata"
"M_079","Lippia.turbinata","Copestilum.sp2",1,"Lippia turbinata"
"M_079","Lippia.turbinata","Cosmosatyrus.chilensis",3,"Lippia turbinata"
"M_079","Lippia.turbinata","Dialictus.sp",1,"Lippia turbinata"
"M_079","Lippia.turbinata","Chrysanthrax.sp1",12,"Lippia turbinata"
"M_079","Lippia.turbinata","Isepeolus.viperinus",1,"Lippia turbinata"
"M_079","Lippia.turbinata","Megachile.leucographa",4,"Lippia turbinata"
"M_079","Lippia.turbinata","Pyrgus.communis",13,"Lippia turbinata"
"M_079","Lippia.turbinata","Strymon.eurytulus",21,"Lippia turbinata"
"M_079","Lippia.turbinata","Svastrides.bauni",2,"Lippia turbinata"
"M_079","Lippia.turbinata","Syrphus.sp1",1,"Lippia turbinata"
"M_079","Lippia.turbinata","Syrphidae.sp6",1,"Lippia turbinata"
"M_079","Lippia.turbinata","Tachinidae.sp10",3,"Lippia turbinata"
"M_079","Lippia.turbinata","Tachinidae.sp8",3,"Lippia turbinata"
"M_079","Lippia.turbinata","Tachytes.sp",1,"Lippia turbinata"
"M_079","Lippia.turbinata","Villa.sp",14,"Lippia turbinata"
"M_079","Lippia.turbinata","Zeta.sp",25,"Lippia turbinata"
"M_079","Lycium.chilense","Alloscirtetica.brethesi",6,"Lycium chilense"
"M_079","Lycium.chilense","Apis.mellifera",58,"Lycium chilense"
"M_079","Lycium.chilense","Augochloropsis.sp",14,"Lycium chilense"
"M_079","Lycium.chilense","Bombus.opifex",8,"Lycium chilense"
"M_079","Lycium.chilense","Bombyliidae.sp9",2,"Lycium chilense"
"M_079","Lycium.chilense","Copestilum.aricia",32,"Lycium chilense"
"M_079","Lycium.chilense","Copestilum.sp2",3,"Lycium chilense"
"M_079","Lycium.chilense","Dialictus.sp",4,"Lycium chilense"
"M_079","Lycium.chilense","Megachile.leucographa",5,"Lycium chilense"
"M_079","Lycium.chilense","Syrphus.sp1",7,"Lycium chilense"
"M_079","Lycium.chilense","Villa.sp",2,"Lycium chilense"
"M_079","Lycium.chilense","Xylocopa.atamisquensis",63,"Lycium chilense"
"M_079","Lycium.chilense","Xylocopa.splendidula",11,"Lycium chilense"
"M_079","Lycium.gilliesianum","Apis.mellifera",26,"Lycium gilliesianum"
"M_079","Lycium.gilliesianum","Copestilum.aricia",43,"Lycium gilliesianum"
"M_079","Lycium.gilliesianum","Copestilum.sp2",1,"Lycium gilliesianum"
"M_079","Lycium.gilliesianum","Dialictus.sp",5,"Lycium gilliesianum"
"M_079","Lycium.gilliesianum","Chrysanthrax.sp1",5,"Lycium gilliesianum"
"M_079","Lycium.gilliesianum","Syrphus.sp1",3,"Lycium gilliesianum"
"M_079","Menodora.decemfida","Ammophila.sp",92,"Menodora decemfida"
"M_079","Menodora.decemfida","Ananthidium.inerme",1,"Menodora decemfida"
"M_079","Menodora.decemfida","Anthrax.oedipus",1,"Menodora decemfida"
"M_079","Menodora.decemfida","Apis.mellifera",184,"Menodora decemfida"
"M_079","Menodora.decemfida","Ascia.monuste",1,"Menodora decemfida"
"M_079","Menodora.decemfida","Audre.sp",2,"Menodora decemfida"
"M_079","Menodora.decemfida","Augochloropsis.sp",70,"Menodora decemfida"
"M_079","Menodora.decemfida","Bibionidae.sp",1,"Menodora decemfida"
"M_079","Menodora.decemfida","Bombus.opifex",1,"Menodora decemfida"
"M_079","Menodora.decemfida","Parasystoechus.sp",5,"Menodora decemfida"
"M_079","Menodora.decemfida","Poecilognathus.sp",25,"Menodora decemfida"
"M_079","Menodora.decemfida","Caenohalictus.sp",4,"Menodora decemfida"
"M_079","Menodora.decemfida","Centris.brethesi",1,"Menodora decemfida"
"M_079","Menodora.decemfida","Chaetocrania.sp",2,"Menodora decemfida"
"M_079","Menodora.decemfida","Colletes.cognatus",3,"Menodora decemfida"
"M_079","Menodora.decemfida","Copestilum.aricia",98,"Menodora decemfida"
"M_079","Menodora.decemfida","Copestilum.sp2",3,"Menodora decemfida"
"M_079","Menodora.decemfida","Cosmosatyrus.chilensis",11,"Menodora decemfida"
"M_079","Menodora.decemfida","Diadasia.patagonica",2,"Menodora decemfida"
"M_079","Menodora.decemfida","Diabrotica.sp",1,"Menodora decemfida"
"M_079","Menodora.decemfida","Dialictus.sp",104,"Menodora decemfida"
"M_079","Menodora.decemfida","Hirmoneura.sp",1,"Menodora decemfida"
"M_079","Menodora.decemfida","Isepeolus.vachali",4,"Menodora decemfida"
"M_079","Menodora.decemfida","Lepidoptera.sp11",9,"Menodora decemfida"
"M_079","Menodora.decemfida","Lonchopria.robertsi",1,"Menodora decemfida"
"M_079","Menodora.decemfida","Megachile.leucographa",10,"Menodora decemfida"
"M_079","Menodora.decemfida","Megachile.obscurior",11,"Menodora decemfida"
"M_079","Menodora.decemfida","Melissoptila.sp",4,"Menodora decemfida"
"M_079","Menodora.decemfida","Mesonychium.jenseni",48,"Menodora decemfida"
"M_079","Menodora.decemfida","Pyrgus.communis",57,"Menodora decemfida"
"M_079","Menodora.decemfida","Psaenythia.philantoides",12,"Menodora decemfida"
"M_079","Menodora.decemfida","Psaenythia.rufipes",3,"Menodora decemfida"
"M_079","Menodora.decemfida","Pseudagapostemon.sp",5,"Menodora decemfida"
"M_079","Menodora.decemfida","Sphex.sp2",4,"Menodora decemfida"
"M_079","Menodora.decemfida","Strymon.eurytulus",37,"Menodora decemfida"
"M_079","Menodora.decemfida","Syrphus.sp1",22,"Menodora decemfida"
"M_079","Menodora.decemfida","Tatochila.autodice",9,"Menodora decemfida"
"M_079","Menodora.decemfida","Xylocopa.atamisquensis",1,"Menodora decemfida"
"M_079","Menodora.decemfida","Zeta.sp",1,"Menodora decemfida"
"M_079","Monttea.aphylla","Apis.mellifera",3,"Monttea aphylla"
"M_079","Monttea.aphylla","Augochloropsis.sp",37,"Monttea aphylla"
"M_079","Monttea.aphylla","Exoprosopa.sp1",1,"Monttea aphylla"
"M_079","Monttea.aphylla","Caenohalictus.sp",1,"Monttea aphylla"
"M_079","Monttea.aphylla","Centris.brethesi",758,"Monttea aphylla"
"M_079","Monttea.aphylla","Centris.lyngbyei",5,"Monttea aphylla"
"M_079","Monttea.aphylla","Centris.vardyorum",111,"Monttea aphylla"
"M_079","Monttea.aphylla","Dialictus.sp",25,"Monttea aphylla"
"M_079","Monttea.aphylla","Mesonychium.jenseni",16,"Monttea aphylla"
"M_079","Monttea.aphylla","Psaenythia.rufipes",2,"Monttea aphylla"
"M_079","Monttea.aphylla","Pseudagapostemon.sp",29,"Monttea aphylla"
"M_079","Monttea.aphylla","Strymon.eurytulus",1,"Monttea aphylla"
"M_079","Monttea.aphylla","Villa.sp",1,"Monttea aphylla"
"M_079","Opuntia.sulphurea","Acalyptratae.sp4",1,"Opuntia sulphurea"
"M_079","Opuntia.sulphurea","Ammophila.sp",1,"Opuntia sulphurea"
"M_079","Opuntia.sulphurea","Apis.mellifera",2,"Opuntia sulphurea"
"M_079","Opuntia.sulphurea","Arhysosage.bifasciata",187,"Opuntia sulphurea"
"M_079","Opuntia.sulphurea","Ascia.monuste",1,"Opuntia sulphurea"
"M_079","Opuntia.sulphurea","Augochloropsis.sp",12,"Opuntia sulphurea"
"M_079","Opuntia.sulphurea","Babia.elongata",3,"Opuntia sulphurea"
"M_079","Opuntia.sulphurea","Bombus.opifex",64,"Opuntia sulphurea"
"M_079","Opuntia.sulphurea","Exoprosopa.sp1",4,"Opuntia sulphurea"
"M_079","Opuntia.sulphurea","Camponotus.mus",30,"Opuntia sulphurea"
"M_079","Opuntia.sulphurea","Camponotus.punctulatus",2,"Opuntia sulphurea"
"M_079","Opuntia.sulphurea","Centris.brethesi",33,"Opuntia sulphurea"
"M_079","Opuntia.sulphurea","Centris.lyngbyei",16,"Opuntia sulphurea"
"M_079","Opuntia.sulphurea","Coccinelidae.sp1",1,"Opuntia sulphurea"
"M_079","Opuntia.sulphurea","Cosmosatyrus.chilensis",7,"Opuntia sulphurea"
"M_079","Opuntia.sulphurea","Diadasia.patagonica",2,"Opuntia sulphurea"
"M_079","Opuntia.sulphurea","Diabrotica.sp",1,"Opuntia sulphurea"
"M_079","Opuntia.sulphurea","Dialictus.sp",39,"Opuntia sulphurea"
"M_079","Opuntia.sulphurea","Epitragus.sp",1,"Opuntia sulphurea"
"M_079","Opuntia.sulphurea","Lepidoptera.sp11",6,"Opuntia sulphurea"
"M_079","Opuntia.sulphurea","Megachile.obscurior",2,"Opuntia sulphurea"
"M_079","Opuntia.sulphurea","Megachile.nigella",3,"Opuntia sulphurea"
"M_079","Opuntia.sulphurea","Megachile.pseudocentron2",1,"Opuntia sulphurea"
"M_079","Opuntia.sulphurea","Mesonychium.jenseni",8,"Opuntia sulphurea"
"M_079","Opuntia.sulphurea","Pyrgus.communis",2,"Opuntia sulphurea"
"M_079","Opuntia.sulphurea","Psaenythia.rufipes",1,"Opuntia sulphurea"
"M_079","Opuntia.sulphurea","Pseudagapostemon.sp",5,"Opuntia sulphurea"
"M_079","Opuntia.sulphurea","Sphecidae.sp1",1,"Opuntia sulphurea"
"M_079","Opuntia.sulphurea","Svastrides.zebra",3,"Opuntia sulphurea"
"M_079","Opuntia.sulphurea","Tachytes.sp",2,"Opuntia sulphurea"
"M_079","Opuntia.sulphurea","Trichothurgus.laticeps",35,"Opuntia sulphurea"
"M_079","Opuntia.sulphurea","Xylocopa.atamisquensis",7,"Opuntia sulphurea"
"M_079","Opuntia.sulphurea","Xylocopa.splendidula",1,"Opuntia sulphurea"
"M_079","Oxybaphus.obatus","Anthidium.vigintipunctatum",9,"Oxybaphus obatus"
"M_079","Oxybaphus.obatus","Bombus.opifex",1,"Oxybaphus obatus"
"M_079","Oxybaphus.obatus","Dialictus.sp",2,"Oxybaphus obatus"
"M_079","Oxybaphus.obatus","Xylocopa.splendidula",1,"Oxybaphus obatus"
"M_079","Philibertia.gilliesii","Augochloropsis.sp",7,"Philibertia gilliesii"
"M_079","Philibertia.gilliesii","Centris.brethesi",12,"Philibertia gilliesii"
"M_079","Philibertia.gilliesii","Dialictus.sp",2,"Philibertia gilliesii"
"M_079","Philibertia.gilliesii","Lepidoptera.sp11",1,"Philibertia gilliesii"
"M_079","Philibertia.gilliesii","Tachipompillus.sp",12,"Philibertia gilliesii"
"M_079","Philibertia.gilliesii","Willinkapis.chalybaea",3,"Philibertia gilliesii"
"M_079","Pyrrhocactus.pachacoensis","Arhysosage.bifasciata",39,"Pyrrhocactus pachacoensis"
"M_079","Pyrrhocactus.pachacoensis","Augochloropsis.sp",13,"Pyrrhocactus pachacoensis"
"M_079","Pyrrhocactus.pachacoensis","Dialictus.sp",8,"Pyrrhocactus pachacoensis"
"M_079","Pyrrhocactus.pachacoensis","Megachile.obscurior",1,"Pyrrhocactus pachacoensis"
"M_079","Prosopis.flexuosa","Alloscirtetica.sp1",10,"Prosopis flexuosa"
"M_079","Prosopis.flexuosa","Ammophila.sp",78,"Prosopis flexuosa"
"M_079","Prosopis.flexuosa","Apis.mellifera",2477,"Prosopis flexuosa"
"M_079","Prosopis.flexuosa","Audre.sp",15,"Prosopis flexuosa"
"M_079","Prosopis.flexuosa","Augochloropsis.sp",205,"Prosopis flexuosa"
"M_079","Prosopis.flexuosa","Babia.elongata",34,"Prosopis flexuosa"
"M_079","Prosopis.flexuosa","Bombus.opifex",50,"Prosopis flexuosa"
"M_079","Prosopis.flexuosa","Exoprosopa.sp1",1,"Prosopis flexuosa"
"M_079","Prosopis.flexuosa","Exoprosopa.sp2",7,"Prosopis flexuosa"
"M_079","Prosopis.flexuosa","Poecilognathus.sp",38,"Prosopis flexuosa"
"M_079","Prosopis.flexuosa","Bombyliidae.sp9",15,"Prosopis flexuosa"
"M_079","Prosopis.flexuosa","Caenohalictus.sp",3,"Prosopis flexuosa"
"M_079","Prosopis.flexuosa","Camponotus.mus",34,"Prosopis flexuosa"
"M_079","Prosopis.flexuosa","Camponotus.punctulatus",17,"Prosopis flexuosa"
"M_079","Prosopis.flexuosa","Centris.brethesi",4,"Prosopis flexuosa"
"M_079","Prosopis.flexuosa","Chaetocrania.sp",20,"Prosopis flexuosa"
"M_079","Prosopis.flexuosa","Colletes.bicolor",10,"Prosopis flexuosa"
"M_079","Prosopis.flexuosa","Colletes.brethesi",11,"Prosopis flexuosa"
"M_079","Prosopis.flexuosa","Colletes.cognatus",42,"Prosopis flexuosa"
"M_079","Prosopis.flexuosa","Colletes.lycii",2,"Prosopis flexuosa"
"M_079","Prosopis.flexuosa","Compsomyiops.fulvicrura",7,"Prosopis flexuosa"
"M_079","Prosopis.flexuosa","Copestilum.aricia",1565,"Prosopis flexuosa"
"M_079","Prosopis.flexuosa","Copestilum.sp2",192,"Prosopis flexuosa"
"M_079","Prosopis.flexuosa","Cosmosatyrus.chilensis",165,"Prosopis flexuosa"
"M_079","Prosopis.flexuosa","Dialictus.sp",12,"Prosopis flexuosa"
"M_079","Prosopis.flexuosa","Chrysanthrax.sp1",203,"Prosopis flexuosa"
"M_079","Prosopis.flexuosa","Foreluis.sp",1,"Prosopis flexuosa"
"M_079","Prosopis.flexuosa","Hirmoneura.sp",4,"Prosopis flexuosa"
"M_079","Prosopis.flexuosa","Lepidoptera.sp11",24,"Prosopis flexuosa"
"M_079","Prosopis.flexuosa","Megachile.obscurior",81,"Prosopis flexuosa"
"M_079","Prosopis.flexuosa","Megachile.pseudocentron2",80,"Prosopis flexuosa"
"M_079","Prosopis.flexuosa","Mesonychium.jenseni",2,"Prosopis flexuosa"
"M_079","Prosopis.flexuosa","Pyrgus.communis",1,"Prosopis flexuosa"
"M_079","Prosopis.flexuosa","Polistes.cavapyta",2,"Prosopis flexuosa"
"M_079","Prosopis.flexuosa","Sphex.sp2",66,"Prosopis flexuosa"
"M_079","Prosopis.flexuosa","Sphecidae.sp1",30,"Prosopis flexuosa"
"M_079","Prosopis.flexuosa","Strymon.eurytulus",75,"Prosopis flexuosa"
"M_079","Prosopis.flexuosa","Svastra.sp",12,"Prosopis flexuosa"
"M_079","Prosopis.flexuosa","Syrphus.sp1",25,"Prosopis flexuosa"
"M_079","Prosopis.flexuosa","Syrphidae.sp3",1,"Prosopis flexuosa"
"M_079","Prosopis.flexuosa","Tachipompillus.sp",203,"Prosopis flexuosa"
"M_079","Prosopis.flexuosa","Tachinidae.sp10",22,"Prosopis flexuosa"
"M_079","Prosopis.flexuosa","Tachinidae.sp15",1,"Prosopis flexuosa"
"M_079","Prosopis.flexuosa","Tephritidae.sp2",1,"Prosopis flexuosa"
"M_079","Prosopis.flexuosa","Thynnidae.sp",5,"Prosopis flexuosa"
"M_079","Prosopis.flexuosa","Villa.sp",32,"Prosopis flexuosa"
"M_079","Prosopis.flexuosa","Xylocopa.atamisquensis",16,"Prosopis flexuosa"
"M_079","Prosopis.flexuosa","Zeta.sp",20,"Prosopis flexuosa"
"M_079","Salvia.gilliesii","Anthidium.friesei",1,"Salvia gilliesii"
"M_079","Salvia.gilliesii","Anthidium.vigintipunctatum",17,"Salvia gilliesii"
"M_079","Salvia.gilliesii","Audre.sp",1,"Salvia gilliesii"
"M_079","Salvia.gilliesii","Augochloropsis.sp",1,"Salvia gilliesii"
"M_079","Salvia.gilliesii","Bombus.opifex",60,"Salvia gilliesii"
"M_079","Salvia.gilliesii","Parasystoechus.sp",4,"Salvia gilliesii"
"M_079","Salvia.gilliesii","Centris.brethesi",13,"Salvia gilliesii"
"M_079","Salvia.gilliesii","Colletes.araucariae",3,"Salvia gilliesii"
"M_079","Salvia.gilliesii","Cosmosatyrus.chilensis",24,"Salvia gilliesii"
"M_079","Salvia.gilliesii","Diadasia.patagonica",45,"Salvia gilliesii"
"M_079","Salvia.gilliesii","Dialictus.sp",7,"Salvia gilliesii"
"M_079","Salvia.gilliesii","Megachile.leucographa",5,"Salvia gilliesii"
"M_079","Salvia.gilliesii","Megachile.obscurior",7,"Salvia gilliesii"
"M_079","Salvia.gilliesii","Megachile.nigella",7,"Salvia gilliesii"
"M_079","Salvia.gilliesii","Pyrgus.communis",1,"Salvia gilliesii"
"M_079","Salvia.gilliesii","Psaenythia.rufipes",1,"Salvia gilliesii"
"M_079","Salvia.gilliesii","Pseudagapostemon.sp",3,"Salvia gilliesii"
"M_079","Salvia.gilliesii","Svastrides.zebra",7,"Salvia gilliesii"
"M_079","Salvia.gilliesii","Willinkapis.chalybaea",8,"Salvia gilliesii"
"M_079","Salvia.gilliesii","Xylocopa.atamisquensis",69,"Salvia gilliesii"
"M_079","Salvia.gilliesii","Xylocopa.splendidula",21,"Salvia gilliesii"
"M_079","Schinus.fasciculata","Apis.mellifera",20,"Schinus fasciculata"
"M_079","Schinus.fasciculata","Augochloropsis.sp",21,"Schinus fasciculata"
"M_079","Schinus.fasciculata","Babia.elongata",6,"Schinus fasciculata"
"M_079","Schinus.fasciculata","Bibionidae.sp",1,"Schinus fasciculata"
"M_079","Schinus.fasciculata","Exoprosopa.sp1",4,"Schinus fasciculata"
"M_079","Schinus.fasciculata","Exoprosopa.sp2",2,"Schinus fasciculata"
"M_079","Schinus.fasciculata","Chrysanthrax.sp2",12,"Schinus fasciculata"
"M_079","Schinus.fasciculata","Camponotus.mus",30,"Schinus fasciculata"
"M_079","Schinus.fasciculata","Camponotus.punctulatus",11,"Schinus fasciculata"
"M_079","Schinus.fasciculata","Compsomyiops.fulvicrura",58,"Schinus fasciculata"
"M_079","Schinus.fasciculata","Copestilum.aricia",34,"Schinus fasciculata"
"M_079","Schinus.fasciculata","Copestilum.sp2",8,"Schinus fasciculata"
"M_079","Schinus.fasciculata","Chrysanthrax.sp1",37,"Schinus fasciculata"
"M_079","Schinus.fasciculata","Hirmoneura.sp",1,"Schinus fasciculata"
"M_079","Schinus.fasciculata","Megachile.leucographa",1,"Schinus fasciculata"
"M_079","Schinus.fasciculata","Syrphus.sp1",35,"Schinus fasciculata"
"M_079","Schinus.fasciculata","Toxomerus.sp1",15,"Schinus fasciculata"
"M_079","Senna.aphylla","Ammophila.sp",2,"Senna aphylla"
"M_079","Senna.aphylla","Asilidae.sp1",1,"Senna aphylla"
"M_079","Senna.aphylla","Augochloropsis.sp",102,"Senna aphylla"
"M_079","Senna.aphylla","Bombus.opifex",8,"Senna aphylla"
"M_079","Senna.aphylla","Chrysanthrax.sp2",1,"Senna aphylla"
"M_079","Senna.aphylla","Caenohalictus.sp",2,"Senna aphylla"
"M_079","Senna.aphylla","Camponotus.mus",43,"Senna aphylla"
"M_079","Senna.aphylla","Camponotus.punctulatus",34,"Senna aphylla"
"M_079","Senna.aphylla","Centris.brethesi",37,"Senna aphylla"
"M_079","Senna.aphylla","Copestilum.aricia",12,"Senna aphylla"
"M_079","Senna.aphylla","Copestilum.sp2",1,"Senna aphylla"
"M_079","Senna.aphylla","Cosmosatyrus.chilensis",10,"Senna aphylla"
"M_079","Senna.aphylla","Diabrotica.sp",1,"Senna aphylla"
"M_079","Senna.aphylla","Dialictus.sp",10,"Senna aphylla"
"M_079","Senna.aphylla","Hirmoneura.sp",58,"Senna aphylla"
"M_079","Senna.aphylla","Hypalastroides.sp",1,"Senna aphylla"
"M_079","Senna.aphylla","Megachile.leucographa",4,"Senna aphylla"
"M_079","Senna.aphylla","Megachile.obscurior",8,"Senna aphylla"
"M_079","Senna.aphylla","Polistes.cavapyta",6,"Senna aphylla"
"M_079","Senna.aphylla","Pompilidae.sp2",5,"Senna aphylla"
"M_079","Senna.aphylla","Syrphus.sp1",2,"Senna aphylla"
"M_079","Senna.aphylla","Xylocopa.atamisquensis",25,"Senna aphylla"
"M_079","Senna.aphylla","Zeta.sp",13,"Senna aphylla"
"M_079","Senecio.pinnatus","Ammophila.sp",22,"Senecio pinnatus"
"M_079","Senecio.pinnatus","Audre.sp",4,"Senecio pinnatus"
"M_079","Senecio.pinnatus","Augochloropsis.sp",5,"Senecio pinnatus"
"M_079","Senecio.pinnatus","Exoprosopa.sp1",1,"Senecio pinnatus"
"M_079","Senecio.pinnatus","Bombyliidae.sp12",3,"Senecio pinnatus"
"M_079","Senecio.pinnatus","Parasystoechus.sp",1,"Senecio pinnatus"
"M_079","Senecio.pinnatus","Caenohalictus.sp",8,"Senecio pinnatus"
"M_079","Senecio.pinnatus","Camponotus.mus",6,"Senecio pinnatus"
"M_079","Senecio.pinnatus","Camponotus.punctulatus",3,"Senecio pinnatus"
"M_079","Senecio.pinnatus","Centris.brethesi",3,"Senecio pinnatus"
"M_079","Senecio.pinnatus","Chaetocrania.sp",7,"Senecio pinnatus"
"M_079","Senecio.pinnatus","Copestilum.aricia",265,"Senecio pinnatus"
"M_079","Senecio.pinnatus","Copestilum.sp2",9,"Senecio pinnatus"
"M_079","Senecio.pinnatus","Cosmosatyrus.chilensis",28,"Senecio pinnatus"
"M_079","Senecio.pinnatus","Diadasia.patagonica",3,"Senecio pinnatus"
"M_079","Senecio.pinnatus","Dialictus.sp",3,"Senecio pinnatus"
"M_079","Senecio.pinnatus","Chrysanthrax.sp1",1,"Senecio pinnatus"
"M_079","Senecio.pinnatus","Hirmoneura.sp",3,"Senecio pinnatus"
"M_079","Senecio.pinnatus","Isepeolus.vachali",3,"Senecio pinnatus"
"M_079","Senecio.pinnatus","Leptometriella.nigra",1,"Senecio pinnatus"
"M_079","Senecio.pinnatus","Lepidoptera.sp11",4,"Senecio pinnatus"
"M_079","Senecio.pinnatus","Lepidoptera.sp3",3,"Senecio pinnatus"
"M_079","Senecio.pinnatus","neu.sp1",7,"Senecio pinnatus"
"M_079","Senecio.pinnatus","Pyrgus.communis",29,"Senecio pinnatus"
"M_079","Senecio.pinnatus","Psaenythia.philantoides",1,"Senecio pinnatus"
"M_079","Senecio.pinnatus","Sarcophagidae.sp1",1,"Senecio pinnatus"
"M_079","Senecio.pinnatus","Strymon.eurytulus",18,"Senecio pinnatus"
"M_079","Senecio.pinnatus","Syrphus.sp1",3,"Senecio pinnatus"
"M_079","Senecio.pinnatus","Tachipompillus.sp",2,"Senecio pinnatus"
"M_079","Senecio.pinnatus","Tachinidae.sp10",13,"Senecio pinnatus"
"M_079","Senecio.pinnatus","Tachinidae.sp15",3,"Senecio pinnatus"
"M_079","Senecio.pinnatus","Tachinidae.sp8",4,"Senecio pinnatus"
"M_079","Senecio.pinnatus","Tatochila.autodice",7,"Senecio pinnatus"
"M_079","Senecio.pinnatus","Villa.sp",6,"Senecio pinnatus"
"M_079","Senecio.pinnatus","Zeta.sp",1,"Senecio pinnatus"
"M_079","Spharealcea.miniata","Ammophila.sp",2,"Spharealcea miniata"
"M_079","Spharealcea.miniata","Augochloropsis.sp",1,"Spharealcea miniata"
"M_079","Spharealcea.miniata","Bombus.opifex",2,"Spharealcea miniata"
"M_079","Spharealcea.miniata","Copestilum.sp2",2,"Spharealcea miniata"
"M_079","Spharealcea.miniata","Dialictus.sp",12,"Spharealcea miniata"
"M_079","Spharealcea.miniata","Leioproctus.friesei",17,"Spharealcea miniata"
"M_079","Spharealcea.miniata","Leptometriella.nigra",2,"Spharealcea miniata"
"M_079","Spharealcea.miniata","Lepidoptera.sp3",1,"Spharealcea miniata"
"M_079","Spharealcea.miniata","Liphantus.inornatus",2,"Spharealcea miniata"
"M_079","Spharealcea.miniata","Pyrgus.communis",2,"Spharealcea miniata"
"M_079","Spharealcea.miniata","Psaenythia.rufipes",3,"Spharealcea miniata"
"M_079","Spharealcea.miniata","Tatochila.autodice",5,"Spharealcea miniata"
"M_079","Thymophylla.pentachaeta","Ammophila.sp",11,"Thymophylla pentachaeta"
"M_079","Thymophylla.pentachaeta","Ananthidium.inerme",2,"Thymophylla pentachaeta"
"M_079","Thymophylla.pentachaeta","Audre.sp",2,"Thymophylla pentachaeta"
"M_079","Thymophylla.pentachaeta","Augochloropsis.sp",1,"Thymophylla pentachaeta"
"M_079","Thymophylla.pentachaeta","Exoprosopa.sp1",1,"Thymophylla pentachaeta"
"M_079","Thymophylla.pentachaeta","Exoprosopa.sp2",4,"Thymophylla pentachaeta"
"M_079","Thymophylla.pentachaeta","Chrysanthrax.sp2",14,"Thymophylla pentachaeta"
"M_079","Thymophylla.pentachaeta","Camponotus.mus",1,"Thymophylla pentachaeta"
"M_079","Thymophylla.pentachaeta","Camponotus.punctulatus",1,"Thymophylla pentachaeta"
"M_079","Thymophylla.pentachaeta","Colletes.brethesi",2,"Thymophylla pentachaeta"
"M_079","Thymophylla.pentachaeta","Compsomyiops.fulvicrura",9,"Thymophylla pentachaeta"
"M_079","Thymophylla.pentachaeta","Copestilum.aricia",17,"Thymophylla pentachaeta"
"M_079","Thymophylla.pentachaeta","Cosmosatyrus.chilensis",2,"Thymophylla pentachaeta"
"M_079","Thymophylla.pentachaeta","Dialictus.sp",30,"Thymophylla pentachaeta"
"M_079","Thymophylla.pentachaeta","Chrysanthrax.sp1",9,"Thymophylla pentachaeta"
"M_079","Thymophylla.pentachaeta","Isepeolus.viperinus",1,"Thymophylla pentachaeta"
"M_079","Thymophylla.pentachaeta","Pyrgus.communis",1,"Thymophylla pentachaeta"
"M_079","Thymophylla.pentachaeta","Syrphus.sp1",7,"Thymophylla pentachaeta"
"M_079","Thymophylla.pentachaeta","Tatochila.autodice",1,"Thymophylla pentachaeta"
"M_079","Thymophylla.pentachaeta","Villa.sp",1,"Thymophylla pentachaeta"
"M_079","Trichocereus.candicans","Anthrax.oedipus",1,"Trichocereus candicans"
"M_079","Trichocereus.candicans","Apis.mellifera",4,"Trichocereus candicans"
"M_079","Trichocereus.candicans","Arhysosage.bifasciata",7,"Trichocereus candicans"
"M_079","Trichocereus.candicans","Ascia.monuste",1,"Trichocereus candicans"
"M_079","Trichocereus.candicans","Augochloropsis.sp",7,"Trichocereus candicans"
"M_079","Trichocereus.candicans","Caenohalictus.sp",1,"Trichocereus candicans"
"M_079","Trichocereus.candicans","Camponotus.mus",1,"Trichocereus candicans"
"M_079","Trichocereus.candicans","Copestilum.aricia",1,"Trichocereus candicans"
"M_079","Trichocereus.candicans","Dialictus.sp",13,"Trichocereus candicans"
"M_079","Trichocereus.candicans","Lepidoptera.sp3",1,"Trichocereus candicans"
"M_079","Trichocereus.candicans","Lepidoptera.sp4",1,"Trichocereus candicans"
"M_079","Trichocereus.candicans","Liphantus.nigritus",1,"Trichocereus candicans"
"M_079","Trichocereus.candicans","Megachile.obscurior",2,"Trichocereus candicans"
"M_079","Trichocereus.candicans","neu.sp1",1,"Trichocereus candicans"
"M_079","Trichocereus.candicans","Nitidulidae.sp1",25,"Trichocereus candicans"
"M_079","Trichocereus.candicans","Psaenythia.rufipes",3,"Trichocereus candicans"
"M_079","Trichocereus.candicans","Pseudagapostemon.sp",9,"Trichocereus candicans"
"M_079","Trichocereus.candicans","Trichoturgus.sp2",1,"Trichocereus candicans"
"M_079","Trichocereus.candicans","Xylocopa.atamisquensis",1,"Trichocereus candicans"
"M_079","Trichocereus.candicans","Zeta.sp",1,"Trichocereus candicans"
"M_079","Veronica.polita","Chrysanthrax.sp2",2,"Veronica polita"
"M_079","Veronica.polita","Chrysanthrax.sp1",2,"Veronica polita"
"M_079","Veronica.polita","Syrphus.sp1",1,"Veronica polita"
"M_079","Veronica.polita","Tatochila.autodice",1,"Veronica polita"
"M_079","Zuccagnia.punctata","Alloscirtetica.sp1",25,"Zuccagnia punctata"
"M_079","Zuccagnia.punctata","Ammophila.sp",25,"Zuccagnia punctata"
"M_079","Zuccagnia.punctata","Ananthidium.inerme",1,"Zuccagnia punctata"
"M_079","Zuccagnia.punctata","Anthidium.friesei",1,"Zuccagnia punctata"
"M_079","Zuccagnia.punctata","Anthidium.rubripes",1,"Zuccagnia punctata"
"M_079","Zuccagnia.punctata","Anthomyiidae.sp1",3,"Zuccagnia punctata"
"M_079","Zuccagnia.punctata","Apis.mellifera",588,"Zuccagnia punctata"
"M_079","Zuccagnia.punctata","Audre.sp",8,"Zuccagnia punctata"
"M_079","Zuccagnia.punctata","Augochloropsis.sp",121,"Zuccagnia punctata"
"M_079","Zuccagnia.punctata","Babia.elongata",2,"Zuccagnia punctata"
"M_079","Zuccagnia.punctata","Bombus.opifex",109,"Zuccagnia punctata"
"M_079","Zuccagnia.punctata","Poecilognathus.sp",9,"Zuccagnia punctata"
"M_079","Zuccagnia.punctata","Bombyliidae.sp9",5,"Zuccagnia punctata"
"M_079","Zuccagnia.punctata","Caenohalictus.sp",1,"Zuccagnia punctata"
"M_079","Zuccagnia.punctata","Calliopsini.sp1",1,"Zuccagnia punctata"
"M_079","Zuccagnia.punctata","Camponotus.mus",1,"Zuccagnia punctata"
"M_079","Zuccagnia.punctata","Camponotus.punctulatus",5,"Zuccagnia punctata"
"M_079","Zuccagnia.punctata","Centris.brethesi",375,"Zuccagnia punctata"
"M_079","Zuccagnia.punctata","Centris.lyngbyei",5,"Zuccagnia punctata"
"M_079","Zuccagnia.punctata","Coelioxys.jorgenseni",7,"Zuccagnia punctata"
"M_079","Zuccagnia.punctata","Colletes.araucariae",2,"Zuccagnia punctata"
"M_079","Zuccagnia.punctata","Colletes.brethesi",5,"Zuccagnia punctata"
"M_079","Zuccagnia.punctata","Colletes.cognatus",78,"Zuccagnia punctata"
"M_079","Zuccagnia.punctata","Colletes.lycii",8,"Zuccagnia punctata"
"M_079","Zuccagnia.punctata","Copestilum.aricia",167,"Zuccagnia punctata"
"M_079","Zuccagnia.punctata","Copestilum.sp2",4,"Zuccagnia punctata"
"M_079","Zuccagnia.punctata","Cosmosatyrus.chilensis",12,"Zuccagnia punctata"
"M_079","Zuccagnia.punctata","Diadasia.patagonica",5,"Zuccagnia punctata"
"M_079","Zuccagnia.punctata","Dialictus.sp",24,"Zuccagnia punctata"
"M_079","Zuccagnia.punctata","Epitragus.sp",1,"Zuccagnia punctata"
"M_079","Zuccagnia.punctata","Hirmoneura.sp",2,"Zuccagnia punctata"
"M_079","Zuccagnia.punctata","Hypalastroides.sp",1,"Zuccagnia punctata"
"M_079","Zuccagnia.punctata","Isepeolus.vachali",1,"Zuccagnia punctata"
"M_079","Zuccagnia.punctata","Leioproctus.abdominalis",17,"Zuccagnia punctata"
"M_079","Zuccagnia.punctata","Lepidoptera.sp11",1,"Zuccagnia punctata"
"M_079","Zuccagnia.punctata","Lepidoptera.sp4",1,"Zuccagnia punctata"
"M_079","Zuccagnia.punctata","Lonchopria.robertsi",7,"Zuccagnia punctata"
"M_079","Zuccagnia.punctata","Megachile.leucographa",51,"Zuccagnia punctata"
"M_079","Zuccagnia.punctata","Megachile.obscurior",8,"Zuccagnia punctata"
"M_079","Zuccagnia.punctata","Megachile.nigella",13,"Zuccagnia punctata"
"M_079","Zuccagnia.punctata","Mesonychium.jenseni",30,"Zuccagnia punctata"
"M_079","Zuccagnia.punctata","Pyrgus.communis",2,"Zuccagnia punctata"
"M_079","Zuccagnia.punctata","Polistes.cavapyta",2,"Zuccagnia punctata"
"M_079","Zuccagnia.punctata","Psaenythia.philantoides",2,"Zuccagnia punctata"
"M_079","Zuccagnia.punctata","Pseudagapostemon.sp",6,"Zuccagnia punctata"
"M_079","Zuccagnia.punctata","Sphecidae.sp1",3,"Zuccagnia punctata"
"M_079","Zuccagnia.punctata","Strymon.eurytulus",28,"Zuccagnia punctata"
"M_079","Zuccagnia.punctata","Svastrides.zebra",22,"Zuccagnia punctata"
"M_079","Zuccagnia.punctata","Syrphus.sp1",1,"Zuccagnia punctata"
"M_079","Zuccagnia.punctata","Tachinidae.sp10",14,"Zuccagnia punctata"
"M_079","Zuccagnia.punctata","Thynnidae.sp",1,"Zuccagnia punctata"
"M_079","Zuccagnia.punctata","Trichothurgus.laticeps",4,"Zuccagnia punctata"
"M_079","Zuccagnia.punctata","Willinkapis.chalybaea",19,"Zuccagnia punctata"
"M_079","Zuccagnia.punctata","Xylocopa.atamisquensis",314,"Zuccagnia punctata"
"M_079","Zuccagnia.punctata","Xylocopa.splendidula",13,"Zuccagnia punctata"
"M_079","Zuccagnia.punctata","Zeta.sp",32,"Zuccagnia punctata"
"M_080","Antennaria.rosea","Hoplitis.fulgida",1,"Antennaria rosea"
"M_080","Antennaria.rosea","Panurginus.ineptus",1,"Antennaria rosea"
"M_080","Antennaria.rosea","Lasioglossum..Dialictus..semicaeruleum",1,"Antennaria rosea"
"M_080","Cymopterus.lemmonii","Hylaeus.personatellus",5,"Cymopterus lemmonii"
"M_080","Cymopterus.lemmonii","Lasioglossum..Dialictus..aff..knereri",2,"Cymopterus lemmonii"
"M_080","Cymopterus.lemmonii","Lasioglossum..Dialictus..lazulis",3,"Cymopterus lemmonii"
"M_080","Cymopterus.lemmonii","Lasioglossum..Dialictus..mixed.spp",2,"Cymopterus lemmonii"
"M_080","Cymopterus.lemmonii","Lasioglossum..Dialictus..ruidosense",10,"Cymopterus lemmonii"
"M_080","Cymopterus.lemmonii","Lasioglossum.inconditum",1,"Cymopterus lemmonii"
"M_080","Cymopterus.lemmonii","Osmia.spp",3,"Cymopterus lemmonii"
"M_080","Cymopterus.lemmonii","Panurginus.ineptus",4,"Cymopterus lemmonii"
"M_080","Cymopterus.lemmonii","Andrena.salicifloris",4,"Cymopterus lemmonii"
"M_080","Cymopterus.lemmonii","Bombus.bifarius",1,"Cymopterus lemmonii"
"M_080","Cymopterus.lemmonii","Bombus.rufocinctus",1,"Cymopterus lemmonii"
"M_080","Cymopterus.lemmonii","Hylaeus.annulatus",2,"Cymopterus lemmonii"
"M_080","Cymopterus.lemmonii","Lasioglossum..Dialictus..pruinosum",1,"Cymopterus lemmonii"
"M_080","Cymopterus.lemmonii","Lasioglossum..Dialictus..tenax",19,"Cymopterus lemmonii"
"M_080","Cymopterus.lemmonii","Lasioglossum.sisymbrii",2,"Cymopterus lemmonii"
"M_080","Cymopterus.lemmonii","Lasioglossum.sp",10,"Cymopterus lemmonii"
"M_080","Cymopterus.lemmonii","Megachile.relativa",1,"Cymopterus lemmonii"
"M_080","Cymopterus.lemmonii","Osmia.bucephala",1,"Cymopterus lemmonii"
"M_080","Cymopterus.lemmonii","Panurginus.cressoniellus",1,"Cymopterus lemmonii"
"M_080","Cymopterus.lemmonii","Sphecodes.sp",1,"Cymopterus lemmonii"
"M_080","Cymopterus.lemmonii","Andrena.angustitarsata",3,"Cymopterus lemmonii"
"M_080","Cymopterus.lemmonii","Andrena.cyanophila",2,"Cymopterus lemmonii"
"M_080","Cymopterus.lemmonii","Colletes.nigrifrons",5,"Cymopterus lemmonii"
"M_080","Cymopterus.lemmonii","Colletes.sp",2,"Cymopterus lemmonii"
"M_080","Cymopterus.lemmonii","Nomada.spp",1,"Cymopterus lemmonii"
"M_080","Cymopterus.lemmonii","Colletes.spp",1,"Cymopterus lemmonii"
"M_080","Dieteria.bigelovii","Agapostemon.angelicus.texanus",1,"Dieteria bigelovii"
"M_080","Dieteria.bigelovii","Bombus.mixtus",2,"Dieteria bigelovii"
"M_080","Dieteria.bigelovii","Lasioglossum..Dialictus..mixed.spp",1,"Dieteria bigelovii"
"M_080","Dieteria.bigelovii","Bombus.bifarius",5,"Dieteria bigelovii"
"M_080","Dieteria.bigelovii","Bombus.flavifrons",3,"Dieteria bigelovii"
"M_080","Dieteria.bigelovii","Bombus.rufocinctus",2,"Dieteria bigelovii"
"M_080","Dieteria.bigelovii","Lasioglossum..Dialictus..pruinosum",1,"Dieteria bigelovii"
"M_080","Dieteria.bigelovii","Lasioglossum.sp",1,"Dieteria bigelovii"
"M_080","Dieteria.bigelovii","Lasioglossum.heterorhinum",1,"Dieteria bigelovii"
"M_080","Erigeron.eximius","Bombus.mixtus",2,"Erigeron eximius"
"M_080","Erigeron.eximius","Lasioglossum..Dialictus..mixed.spp",2,"Erigeron eximius"
"M_080","Erigeron.eximius","Lasioglossum..Dialictus..ruidosense",2,"Erigeron eximius"
"M_080","Erigeron.eximius","Bombus.appositus",1,"Erigeron eximius"
"M_080","Erigeron.eximius","Bombus.bifarius",8,"Erigeron eximius"
"M_080","Erigeron.eximius","Bombus.californicus",1,"Erigeron eximius"
"M_080","Erigeron.eximius","Bombus.flavifrons",3,"Erigeron eximius"
"M_080","Erigeron.eximius","Bombus.occidentalis",1,"Erigeron eximius"
"M_080","Erigeron.eximius","Lasioglossum..Dialictus..tenax",1,"Erigeron eximius"
"M_080","Erigeron.eximius","Bombus.fernaldae",1,"Erigeron eximius"
"M_080","Erysimum.capitatum","Lasioglossum..Dialictus..mixed.spp",1,"Erysimum capitatum"
"M_080","Erysimum.capitatum","Lasioglossum.inconditum",1,"Erysimum capitatum"
"M_080","Erysimum.capitatum","Colletes.nigrifrons",2,"Erysimum capitatum"
"M_080","Erysimum.capitatum","Halictus.virgatellus",1,"Erysimum capitatum"
"M_080","Fragaria.virginiana","Lasioglossum..Dialictus..aff..knereri",2,"Fragaria virginiana"
"M_080","Fragaria.virginiana","Lasioglossum..Dialictus..hudsoniellum",1,"Fragaria virginiana"
"M_080","Fragaria.virginiana","Lasioglossum..Dialictus..ruidosense",2,"Fragaria virginiana"
"M_080","Fragaria.virginiana","Osmia.spp",1,"Fragaria virginiana"
"M_080","Fragaria.virginiana","Andrena.salicifloris",1,"Fragaria virginiana"
"M_080","Fragaria.virginiana","Lasioglossum..Dialictus..tenax",2,"Fragaria virginiana"
"M_080","Fragaria.virginiana","Osmia.sp..B",1,"Fragaria virginiana"
"M_080","Gentianella.acuta","Lasioglossum.sp..1",1,"Gentianella acuta"
"M_080","Gentianella.acuta","Bombus.appositus",1,"Gentianella acuta"
"M_080","Gentianella.acuta","Anthophora.terminalis",1,"Gentianella acuta"
"M_080","Gentianella.acuta","Anthophora.urbana",1,"Gentianella acuta"
"M_080","Heterotheca.villosa","Agapostemon.angelicus.texanus",14,"Heterotheca villosa"
"M_080","Heterotheca.villosa","Bombus.mixtus",21,"Heterotheca villosa"
"M_080","Heterotheca.villosa","Hylaeus.personatellus",3,"Heterotheca villosa"
"M_080","Heterotheca.villosa","Lasioglossum..Dialictus..aff..knereri",1,"Heterotheca villosa"
"M_080","Heterotheca.villosa","Lasioglossum.inconditum",1,"Heterotheca villosa"
"M_080","Heterotheca.villosa","Melissodes.confusus",3,"Heterotheca villosa"
"M_080","Heterotheca.villosa","Panurginus.spp",1,"Heterotheca villosa"
"M_080","Heterotheca.villosa","Andrena.sp..2",1,"Heterotheca villosa"
"M_080","Heterotheca.villosa","Andrena.sp..3",1,"Heterotheca villosa"
"M_080","Heterotheca.villosa","Bombus.bifarius",93,"Heterotheca villosa"
"M_080","Heterotheca.villosa","Bombus.californicus",1,"Heterotheca villosa"
"M_080","Heterotheca.villosa","Bombus.flavifrons",31,"Heterotheca villosa"
"M_080","Heterotheca.villosa","Bombus.melanopygus",5,"Heterotheca villosa"
"M_080","Heterotheca.villosa","Bombus.rufocinctus",4,"Heterotheca villosa"
"M_080","Heterotheca.villosa","Bombus.sylvicola",4,"Heterotheca villosa"
"M_080","Heterotheca.villosa","Dufourea.fimbriata",1,"Heterotheca villosa"
"M_080","Heterotheca.villosa","Halictus.ligatus",2,"Heterotheca villosa"
"M_080","Heterotheca.villosa","Lasioglossum..Dialictus..tenax",4,"Heterotheca villosa"
"M_080","Heterotheca.villosa","Lasioglossum.sp",1,"Heterotheca villosa"
"M_080","Heterotheca.villosa","Megachile.relativa",5,"Heterotheca villosa"
"M_080","Heterotheca.villosa","Pseudopanurgus.didirupa",1,"Heterotheca villosa"
"M_080","Heterotheca.villosa","Augochlorella.aurata",1,"Heterotheca villosa"
"M_080","Heterotheca.villosa","Coelioxys.sodalis",2,"Heterotheca villosa"
"M_080","Heterotheca.villosa","Lasioglossum.foxii",3,"Heterotheca villosa"
"M_080","Heterotheca.villosa","Osmia.pusilla",1,"Heterotheca villosa"
"M_080","Heterotheca.villosa","Bombus.insularis",3,"Heterotheca villosa"
"M_080","Heterotheca.villosa","Megachile.pugnata",1,"Heterotheca villosa"
"M_080","Heterotheca.villosa","Apis.mellifera",6,"Heterotheca villosa"
"M_080","Heterotheca.villosa","Anthophora.bomboides",1,"Heterotheca villosa"
"M_080","Heterotheca.villosa","Anthophora.montana",1,"Heterotheca villosa"
"M_080","Heterotheca.villosa","Anthophora.urbana",2,"Heterotheca villosa"
"M_080","Heterotheca.villosa","Bombus.fernaldae",1,"Heterotheca villosa"
"M_080","Potentilla.fissa","Bombus.mixtus",1,"Potentilla fissa"
"M_080","Potentilla.fissa","Hoplitis.fulgida",5,"Potentilla fissa"
"M_080","Potentilla.fissa","Hoplitis.robusta",1,"Potentilla fissa"
"M_080","Potentilla.fissa","Hylaeus.personatellus",7,"Potentilla fissa"
"M_080","Potentilla.fissa","Lasioglossum..Dialictus..aff..knereri",4,"Potentilla fissa"
"M_080","Potentilla.fissa","Lasioglossum..Dialictus..hudsoniellum",2,"Potentilla fissa"
"M_080","Potentilla.fissa","Lasioglossum..Dialictus..lazulis",1,"Potentilla fissa"
"M_080","Potentilla.fissa","Lasioglossum..Dialictus..mixed.spp",1,"Potentilla fissa"
"M_080","Potentilla.fissa","Lasioglossum..Dialictus..ruidosense",7,"Potentilla fissa"
"M_080","Potentilla.fissa","Osmia.spp",1,"Potentilla fissa"
"M_080","Potentilla.fissa","Panurginus.ineptus",20,"Potentilla fissa"
"M_080","Potentilla.fissa","Panurginus.spp",2,"Potentilla fissa"
"M_080","Potentilla.fissa","Andrena.sp..C",1,"Potentilla fissa"
"M_080","Potentilla.fissa","Bombus.bifarius",3,"Potentilla fissa"
"M_080","Potentilla.fissa","Bombus.melanopygus",2,"Potentilla fissa"
"M_080","Potentilla.fissa","Dufourea.fimbriata",21,"Potentilla fissa"
"M_080","Potentilla.fissa","Hylaeus.annulatus",4,"Potentilla fissa"
"M_080","Potentilla.fissa","Lasioglossum..Dialictus..semicaeruleum",1,"Potentilla fissa"
"M_080","Potentilla.fissa","Lasioglossum..Dialictus..tenax",4,"Potentilla fissa"
"M_080","Potentilla.fissa","Lasioglossum.sp",9,"Potentilla fissa"
"M_080","Potentilla.fissa","Megachile.melanophaea",1,"Potentilla fissa"
"M_080","Potentilla.fissa","Panurginus.cressoniellus",2,"Potentilla fissa"
"M_080","Potentilla.fissa","Andrena.cyanophila",2,"Potentilla fissa"
"M_080","Potentilla.fissa","Andrena.sp..9",1,"Potentilla fissa"
"M_080","Potentilla.fissa","Andrena.thaspii",1,"Potentilla fissa"
"M_080","Potentilla.fissa","Andrena.topazana",8,"Potentilla fissa"
"M_080","Potentilla.fissa","Andrena.vicinoides",2,"Potentilla fissa"
"M_080","Potentilla.fissa","Colletes.nigrifrons",3,"Potentilla fissa"
"M_080","Potentilla.fissa","Andrena.crategi",1,"Potentilla fissa"
"M_080","Potentilla.fissa","Hylaeus.basalis",1,"Potentilla fissa"
"M_080","Potentilla.fissa","Hylaeus.coloradensis",1,"Potentilla fissa"
"M_080","Potentilla.fruticosa","Hylaeus.personatellus",1,"Potentilla fruticosa"
"M_080","Potentilla.fruticosa","Hylaeus.annulatus",1,"Potentilla fruticosa"
"M_080","Sedum.lanceolatum","Bombus.mixtus",5,"Sedum lanceolatum"
"M_080","Sedum.lanceolatum","Hoplitis.fulgida",4,"Sedum lanceolatum"
"M_080","Sedum.lanceolatum","Hylaeus.personatellus",1,"Sedum lanceolatum"
"M_080","Sedum.lanceolatum","Lasioglossum..Dialictus..aff..knereri",2,"Sedum lanceolatum"
"M_080","Sedum.lanceolatum","Lasioglossum..Dialictus..mixed.spp",1,"Sedum lanceolatum"
"M_080","Sedum.lanceolatum","Lasioglossum..Dialictus..ruidosense",2,"Sedum lanceolatum"
"M_080","Sedum.lanceolatum","Panurginus.spp",1,"Sedum lanceolatum"
"M_080","Sedum.lanceolatum","Bombus.bifarius",11,"Sedum lanceolatum"
"M_080","Sedum.lanceolatum","Bombus.flavifrons",1,"Sedum lanceolatum"
"M_080","Sedum.lanceolatum","Bombus.melanopygus",1,"Sedum lanceolatum"
"M_080","Sedum.lanceolatum","Hylaeus.annulatus",1,"Sedum lanceolatum"
"M_080","Sedum.lanceolatum","Megachile.frigida",1,"Sedum lanceolatum"
"M_080","Sedum.lanceolatum","Megachile.relativa",1,"Sedum lanceolatum"
"M_080","Sedum.lanceolatum","Pseudopanurgus.bakeri",1,"Sedum lanceolatum"
"M_080","Sedum.lanceolatum","Andrena.amphibola",1,"Sedum lanceolatum"
"M_080","Sedum.lanceolatum","Andrena.topazana",1,"Sedum lanceolatum"
"M_080","Sedum.lanceolatum","Osmia.inermis",1,"Sedum lanceolatum"
"M_080","Sedum.lanceolatum","Osmia.pusilla",2,"Sedum lanceolatum"
"M_080","Sedum.lanceolatum","Nomada.spp",1,"Sedum lanceolatum"
"M_080","Sedum.lanceolatum","Stelis.nitida",1,"Sedum lanceolatum"
"M_080","Sedum.lanceolatum","Osmia.paradisica",1,"Sedum lanceolatum"
"M_080","Symphyotrichum.porteri","Lasioglossum..Dialictus..aff..knereri",3,"Symphyotrichum porteri"
"M_080","Symphyotrichum.porteri","Lasioglossum..Dialictus..lazulis",2,"Symphyotrichum porteri"
"M_080","Symphyotrichum.porteri","Lasioglossum..Dialictus..mixed.spp",1,"Symphyotrichum porteri"
"M_080","Symphyotrichum.porteri","Lasioglossum..Dialictus..ruidosense",1,"Symphyotrichum porteri"
"M_080","Symphyotrichum.porteri","Bombus.bifarius",10,"Symphyotrichum porteri"
"M_080","Symphyotrichum.porteri","Bombus.rufocinctus",1,"Symphyotrichum porteri"
"M_080","Symphyotrichum.porteri","Lasioglossum..Dialictus..tenax",3,"Symphyotrichum porteri"
"M_080","Symphyotrichum.porteri","Lasioglossum.sp",1,"Symphyotrichum porteri"
"M_080","Symphyotrichum.porteri","Halictus.confusus",1,"Symphyotrichum porteri"
"M_080","Thermopsis.rhombifolia.var.divaricarpa","Hoplitis.fulgida",1,"Thermopsis rhombifolia var divaricarpa"
"M_080","Thermopsis.rhombifolia.var.divaricarpa","Osmia.spp",1,"Thermopsis rhombifolia var divaricarpa"
"M_080","Thermopsis.rhombifolia.var.divaricarpa","Andrena.medionitens",1,"Thermopsis rhombifolia var divaricarpa"
"M_080","Thermopsis.rhombifolia.var.divaricarpa","Andrena.sp..A",1,"Thermopsis rhombifolia var divaricarpa"
"M_080","Thermopsis.rhombifolia.var.divaricarpa","Bombus.appositus",9,"Thermopsis rhombifolia var divaricarpa"
"M_080","Thermopsis.rhombifolia.var.divaricarpa","Bombus.bifarius",2,"Thermopsis rhombifolia var divaricarpa"
"M_080","Thermopsis.rhombifolia.var.divaricarpa","Bombus.flavifrons",15,"Thermopsis rhombifolia var divaricarpa"
"M_080","Thermopsis.rhombifolia.var.divaricarpa","Bombus.nevadensis",10,"Thermopsis rhombifolia var divaricarpa"
"M_080","Thermopsis.rhombifolia.var.divaricarpa","Lasioglossum..Dialictus..tenax",1,"Thermopsis rhombifolia var divaricarpa"
"M_080","Thermopsis.rhombifolia.var.divaricarpa","Megachile.melanophaea",5,"Thermopsis rhombifolia var divaricarpa"
"M_080","Thermopsis.rhombifolia.var.divaricarpa","Osmia.bucephala",24,"Thermopsis rhombifolia var divaricarpa"
"M_080","Cirsium.centaureae","Bombus.appositus",2,"Cirsium centaureae"
"M_080","Cirsium.centaureae","Bombus.bifarius",2,"Cirsium centaureae"
"M_080","Cirsium.centaureae","Bombus.flavifrons",19,"Cirsium centaureae"
"M_080","Cirsium.centaureae","Megachile.inermis",1,"Cirsium centaureae"
"M_080","Dodecatheon.pulchellum","Bombus.flavifrons",1,"Dodecatheon pulchellum"
"M_080","Dodecatheon.pulchellum","Lasioglossum..Dialictus..tenax",1,"Dodecatheon pulchellum"
"M_080","Erigeron.speciosus","Agapostemon.angelicus.texanus",1,"Erigeron speciosus"
"M_080","Erigeron.speciosus","Bombus.bifarius",2,"Erigeron speciosus"
"M_080","Lupinus.argenteus","Bombus.mixtus",1,"Lupinus argenteus"
"M_080","Lupinus.argenteus","Lasioglossum..Dialictus..ruidosense",1,"Lupinus argenteus"
"M_080","Lupinus.argenteus","Bombus.appositus",1,"Lupinus argenteus"
"M_080","Lupinus.argenteus","Bombus.bifarius",21,"Lupinus argenteus"
"M_080","Lupinus.argenteus","Bombus.flavifrons",1,"Lupinus argenteus"
"M_080","Lupinus.argenteus","Bombus.nevadensis",2,"Lupinus argenteus"
"M_080","Lupinus.argenteus","Bombus.occidentalis",2,"Lupinus argenteus"
"M_080","Lupinus.argenteus","Megachile.melanophaea",2,"Lupinus argenteus"
"M_080","Mertensia.lanceolata","Bombus.mixtus",1,"Mertensia lanceolata"
"M_080","Mertensia.lanceolata","Osmia.spp",4,"Mertensia lanceolata"
"M_080","Mertensia.lanceolata","Bombus.flavifrons",1,"Mertensia lanceolata"
"M_080","Mertensia.lanceolata","Osmia.bucephala",4,"Mertensia lanceolata"
"M_080","Mertensia.lanceolata","Osmia.sp..A",1,"Mertensia lanceolata"
"M_080","Mertensia.lanceolata","Osmia.pusilla",1,"Mertensia lanceolata"
"M_080","Mertensia.lanceolata","Colletes.spp",1,"Mertensia lanceolata"
"M_080","Rosa.woodsii","Lasioglossum..Dialictus..ruidosense",2,"Rosa woodsii"
"M_080","Rosa.woodsii","Panurginus.ineptus",12,"Rosa woodsii"
"M_080","Rosa.woodsii","Bombus.bifarius",2,"Rosa woodsii"
"M_080","Rosa.woodsii","Bombus.melanopygus",1,"Rosa woodsii"
"M_080","Rosa.woodsii","Bombus.occidentalis",1,"Rosa woodsii"
"M_080","Rosa.woodsii","Dufourea.fimbriata",1,"Rosa woodsii"
"M_080","Rosa.woodsii","Lasioglossum.sp",1,"Rosa woodsii"
"M_080","Rosa.woodsii","Panurginus.cressoniellus",1,"Rosa woodsii"
"M_080","Rosa.woodsii","Andrena.thaspii",1,"Rosa woodsii"
"M_080","Rosa.woodsii","Andrena.topazana",1,"Rosa woodsii"
"M_080","Rosa.woodsii","Andrena.vicinoides",3,"Rosa woodsii"
"M_080","Rosa.woodsii","Lasioglossum.aff..boreale",1,"Rosa woodsii"
"M_080","Rosa.woodsii","Osmia.inermis",1,"Rosa woodsii"
"M_080","Rosa.woodsii","Hylaeus.annullatus",1,"Rosa woodsii"
"M_080","Rosa.woodsii","Lasioglossum..Hemihalictus..sp",1,"Rosa woodsii"
"M_080","Rosa.woodsii","Andrena.sp..5",1,"Rosa woodsii"
"M_080","Solidago.multiradiata","Bombus.mixtus",2,"Solidago multiradiata"
"M_080","Solidago.multiradiata","Bombus.bifarius",5,"Solidago multiradiata"
"M_080","Solidago.multiradiata","Sphecodes.sp",1,"Solidago multiradiata"
"M_080","Geranium.richardsonii","Bombus.mixtus",1,"Geranium richardsonii"
"M_080","Geranium.richardsonii","Hylaeus.annulatus",1,"Geranium richardsonii"
"M_080","Ranunculus.inamoenus","Lasioglossum..Dialictus..ruidosense",1,"Ranunculus inamoenus"
"M_080","Ranunculus.inamoenus","Lasioglossum..Dialictus..tenax",1,"Ranunculus inamoenus"
"M_080","Solidago.simplex","Bombus.bifarius",1,"Solidago simplex"
"M_080","Solidago.simplex","Bombus.flavifrons",1,"Solidago simplex"
"M_080","Orthocarpus.luteus","Bombus.bifarius",4,"Orthocarpus luteus"
"M_076","Acacia.bahiensis","Polybia.occidentalis",1,"Acacia bahiensis"
"M_076","Acacia.bahiensis","Apis.mellifera",1,"Acacia bahiensis"
"M_076","Acacia.bahiensis","Polybia.ignobilis",1,"Acacia bahiensis"
"M_076","Acacia.bahiensis","Plebeia.sp",1,"Acacia bahiensis"
"M_076","Anacardium.occidentale","Apis.mellifera",1,"Anacardium occidentale"
"M_076","Anacardium.occidentale","Trigona.spinipes",1,"Anacardium occidentale"
"M_076","NANA","Polybia.ignobilis",1,"NANA"
"M_076","Alternanthera.brasiliana","Protonectarina.sylveirae",1,"Alternanthera brasiliana"
"M_076","Alternanthera.brasiliana","Polybia.sericea",1,"Alternanthera brasiliana"
"M_076","Boerhavia.coccinia","Polybia.sericea",1,"Boerhavia coccinia"
"M_076","Boerhavia.coccinia","Polybia.ignobilis",1,"Boerhavia coccinia"
"M_076","Chamaecrista.belemii","Apis.mellifera",1,"Chamaecrista belemii"
"M_076","Chamaecrista.belemii","Polybia.paulista",1,"Chamaecrista belemii"
"M_076","Cardiospermum.corindum","Polybia.occidentalis",1,"Cardiospermum corindum"
"M_076","Cardiospermum.corindum","Polybia.sericea",1,"Cardiospermum corindum"
"M_076","Cardiospermum.corindum","Polistes.Canadensis",1,"Cardiospermum corindum"
"M_076","Cardiospermum.corindum","Trigona.spinipes",1,"Cardiospermum corindum"
"M_076","Cardiospermum.corindum","Polybia.ignobilis",1,"Cardiospermum corindum"
"M_076","Cardiospermum.corindum","Polistes.cinerascens",1,"Cardiospermum corindum"
"M_076","Cardiospermum.corindum","Protonectarina.sylveirae",1,"Cardiospermum corindum"
"M_076","Cardiospermum.corindum","Melipona.asilvai",1,"Cardiospermum corindum"
"M_076","Cardiospermum.corindum","Apis.mellifera",1,"Cardiospermum corindum"
"M_076","Croton.echioides","Apis.mellifera",1,"Croton echioides"
"M_076","Capparis.jacobinae","Apis.mellifera",1,"Capparis jacobinae"
"M_076","Capparis.jacobinae","Brachygastra.lecheguana",1,"Capparis jacobinae"
"M_076","Cordia.latiloba","Apis.mellifera",1,"Cordia latiloba"
"M_076","Caesalpinia.pyramidalis","Polistes.Canadensis",1,"Caesalpinia pyramidalis"
"M_076","Caesalpinia.pyramidalis","Polybia.ignobilis",1,"Caesalpinia pyramidalis"
"M_076","Caesalpinia.pyramidalis","Polybia.occidentalis",1,"Caesalpinia pyramidalis"
"M_076","Caesalpinia.pyramidalis","Protonectarina.sylveirae",1,"Caesalpinia pyramidalis"
"M_076","Caesalpinia.pyramidalis","Polybia.paulista",1,"Caesalpinia pyramidalis"
"M_076","Caesalpinia.pyramidalis","Brachygastra.lecheguana",1,"Caesalpinia pyramidalis"
"M_076","Caesalpinia.pyramidalis","Apis.mellifera",1,"Caesalpinia pyramidalis"
"M_076","Caesalpinia.pyramidalis","Trigona.spinipes",1,"Caesalpinia pyramidalis"
"M_076","Caesalpinia.pyramidalis","Mischocyttarus.lanei",1,"Caesalpinia pyramidalis"
"M_076","Caesalpinia.pyramidalis","Protopolybia.exmgua",1,"Caesalpinia pyramidalis"
"M_076","Caesalpinia.pyramidalis","Polybia.sericea",1,"Caesalpinia pyramidalis"
"M_076","Caesalpinia.pyramidalis","Frieseomelitta.silvestrii",1,"Caesalpinia pyramidalis"
"M_076","Chaetocalyx.scandens","Apis.mellifera",1,"Chaetocalyx scandens"
"M_076","Chaetocalyx.scandens","Polistes.Canadensis",1,"Chaetocalyx scandens"
"M_076","Chaetocalyx.scandens","Polybia.ignobilis",1,"Chaetocalyx scandens"
"M_076","Chlorophora.tinctoria","Protopolybia.exmgua",1,"Chlorophora tinctoria"
"M_076","Chlorophora.tinctoria","Polybia.paulista",1,"Chlorophora tinctoria"
"M_076","Chlorophora.tinctoria","Trigona.spinipes",1,"Chlorophora tinctoria"
"M_076","Chlorophora.tinctoria","Apis.mellifera",1,"Chlorophora tinctoria"
"M_076","Chlorophora.tinctoria","Brachygastra.lecheguana",1,"Chlorophora tinctoria"
"M_076","Cereus.peruvianus","Protonectarina.sylveirae",1,"Cereus peruvianus"
"M_076","Cereus.peruvianus","Trigona.spinipes",1,"Cereus peruvianus"
"M_076","Capparis.yco","Polybia.paulista",1,"Capparis yco"
"M_076","Capparis.yco","Brachygastra.lecheguana",1,"Capparis yco"
"M_076","Capparis.yco","Apis.mellifera",1,"Capparis yco"
"M_076","Capparis.yco","Trigona.spinipes",1,"Capparis yco"
"M_076","Capparis.yco","Mischocyttarus.lanei",1,"Capparis yco"
"M_076","Capparis.yco","Polybia.sericea",1,"Capparis yco"
"M_076","Capparis.yco","Frieseomelitta.silvestrii",1,"Capparis yco"
"M_076","Capparis.yco","Trigonisca.intermedia",1,"Capparis yco"
"M_076","Capparis.yco","Polybia.occidentalis",1,"Capparis yco"
"M_076","Erythroxylon.catingae","Polybia.sericea",1,"Erythroxylon catingae"
"M_076","Erythroxylon.catingae","Polistes.Canadensis",1,"Erythroxylon catingae"
"M_076","Erythroxylon.catingae","Polybia.occidentalis",1,"Erythroxylon catingae"
"M_076","Erythroxylon.catingae","Protonectarina.sylveirae",1,"Erythroxylon catingae"
"M_076","Erythroxylon.catingae","Mischocyttarus.lanei",1,"Erythroxylon catingae"
"M_076","Erythroxylon.catingae","Brachygastra.lecheguana",1,"Erythroxylon catingae"
"M_076","Erythroxylon.catingae","Plebeia.sp",1,"Erythroxylon catingae"
"M_076","Erythroxylon.catingae","Melipona.asilvai",1,"Erythroxylon catingae"
"M_076","Erythroxylon.catingae","Melipona.quadrifasciata",1,"Erythroxylon catingae"
"M_076","Erythroxylon.catingae","Apis.mellifera",1,"Erythroxylon catingae"
"M_076","Erythroxylon.catingae","Polybia.ignobilis",1,"Erythroxylon catingae"
"M_076","Erythroxylon.catingae","Polybia.paulista",1,"Erythroxylon catingae"
"M_076","Erythroxylon.catingae","Apis.mellifera",1,"Erythroxylon catingae"
"M_076","Evolvulus.glomeratus","Apis.mellifera",1,"Evolvulus glomeratus"
"M_076","Eugenia.rosea","Brachygastra.lecheguana",1,"Eugenia rosea"
"M_076","Eugenia.rosea","Polybia.sericea",1,"Eugenia rosea"
"M_076","Eugenia.rosea","Trigonisca.intermedia",1,"Eugenia rosea"
"M_076","Eugenia.rosea","Apis.mellifera",1,"Eugenia rosea"
"M_076","Eugenia.rosea","Polybia.ignobilis",1,"Eugenia rosea"
"M_076","Eugenia.rosea","Plebeia.sp",1,"Eugenia rosea"
"M_076","Eugenia.rosea","Frieseomelitta.silvestrii",1,"Eugenia rosea"
"M_076","Echinodorus.subulatus","Polybia.sericea",1,"Echinodorus subulatus"
"M_076","Echinodorus.subulatus","Polybia.ignobilis",1,"Echinodorus subulatus"
"M_076","Echinodorus.subulatus","Trigona.spinipes",1,"Echinodorus subulatus"
"M_076","Echinodorus.subulatus","Polistes.Canadensis",1,"Echinodorus subulatus"
"M_076","Gomphrena.holosericea","Protonectarina.sylveirae",1,"Gomphrena holosericea"
"M_076","Gomphrena.holosericea","Polybia.paulista",1,"Gomphrena holosericea"
"M_076","Herissantia.crispa","Polybia.paulista",1,"Herissantia crispa"
"M_076","Herissantia.crispa","Apis.mellifera",1,"Herissantia crispa"
"M_076","Herissantia.crispa","Polybia.sericea",1,"Herissantia crispa"
"M_076","Hydrocleis.nymphaeoides","Apis.mellifera",1,"Hydrocleis nymphaeoides"
"M_076","Hydrocleis.nymphaeoides","Polybia.ignobilis",1,"Hydrocleis nymphaeoides"
"M_076","Herissantia.tiubae","Apis.mellifera",1,"Herissantia tiubae"
"M_076","Herissantia.tiubae","Brachygastra.lecheguana",1,"Herissantia tiubae"
"M_076","Jacquemontia.sp","Polistes.Canadensis",1,"Jacquemontia sp"
"M_076","Jatropha.mollissima","Brachygastra.lecheguana",1,"Jatropha mollissima"
"M_076","Jatropha.mollissima","Apis.mellifera",1,"Jatropha mollissima"
"M_076","Lippia.pohliana","Polistes.Canadensis",1,"Lippia pohliana"
"M_076","Mimosa.arenosa","Polistes.Canadensis",1,"Mimosa arenosa"
"M_076","Mimosa.arenosa","Apis.mellifera",1,"Mimosa arenosa"
"M_076","Melochia.tomentosa","Polybia.sericea",1,"Melochia tomentosa"
"M_076","Melochia.tomentosa","Polybia.ignobilis",1,"Melochia tomentosa"
"M_076","Melochia.tomentosa","Apis.mellifera",1,"Melochia tomentosa"
"M_076","Melochia.tomentosa","Bombus.brevivillus",1,"Melochia tomentosa"
"M_076","Melochia.tomentosa","Brachygastra.lecheguana",1,"Melochia tomentosa"
"M_076","Melochia.tomentosa","Polybia.occidentalis",1,"Melochia tomentosa"
"M_076","Melochia.tomentosa","Polybia.paulista",1,"Melochia tomentosa"
"M_076","Melochia.tomentosa","Bombus.morio",1,"Melochia tomentosa"
"M_076","Nymphoides.indica","Apis.mellifera",1,"Nymphoides indica"
"M_076","Opuntia.palmadora","Apis.mellifera",1,"Opuntia palmadora"
"M_076","Opuntia.palmadora","Polistes.Canadensis",1,"Opuntia palmadora"
"M_076","Opuntia.palmadora","Polybia.paulista",1,"Opuntia palmadora"
"M_076","Opuntia.palmadora","Polybia.ignobilis",1,"Opuntia palmadora"
"M_076","Opuntia.palmadora","Trigona.spinipes",1,"Opuntia palmadora"
"M_076","Oxalis.sp","Protopolybia.exmgua",1,"Oxalis sp"
"M_076","Portulaca.elatior","Polistes.Canadensis",1,"Portulaca elatior"
"M_076","Portulaca.marginata","Trigonisca.intermedia",1,"Portulaca marginata"
"M_076","Portulaca.marginata","Trigona.gr..fuscipennis",1,"Portulaca marginata"
"M_076","Poeppigia.procera","Apis.mellifera",1,"Poeppigia procera"
"M_076","Poeppigia.procera","Protonectarina.sylveirae",1,"Poeppigia procera"
"M_076","Peltogyne.pauciflora","Apis.mellifera",1,"Peltogyne pauciflora"
"M_076","Peltogyne.pauciflora","Trigona.spinipes",1,"Peltogyne pauciflora"
"M_076","Peltogyne.pauciflora","Trigonisca.intermedia",1,"Peltogyne pauciflora"
"M_076","Peltogyne.pauciflora","Protonectarina.sylveirae",1,"Peltogyne pauciflora"
"M_076","Peltogyne.pauciflora","Mischocyttarus.lanei",1,"Peltogyne pauciflora"
"M_076","Peltogyne.pauciflora","Polistes.Canadensis",1,"Peltogyne pauciflora"
"M_076","Peltogyne.pauciflora","Frieseomelitta.silvestrii",1,"Peltogyne pauciflora"
"M_076","Rhaphiodon.echinus","Apis.mellifera",1,"Rhaphiodon echinus"
"M_076","Rhaphiodon.echinus","Polybia.sericea",1,"Rhaphiodon echinus"
"M_076","Sidastrum.paniculatum","Polybia.sericea",1,"Sidastrum paniculatum"
"M_076","Sidastrum.paniculatum","Polybia.ignobilis",1,"Sidastrum paniculatum"
"M_076","Sidastrum.paniculatum","Polybia.occidentalis",1,"Sidastrum paniculatum"
"M_076","Sidastrum.paniculatum","Protonectarina.sylveirae",1,"Sidastrum paniculatum"
"M_076","Sidastrum.paniculatum","Partamona.sp",1,"Sidastrum paniculatum"
"M_076","Sidastrum.paniculatum","Polybia.paulista",1,"Sidastrum paniculatum"
"M_076","Sidastrum.paniculatum","Brachygastra.lecheguana",1,"Sidastrum paniculatum"
"M_076","Sidastrum.paniculatum","Polistes.Canadensis",1,"Sidastrum paniculatum"
"M_076","Sidastrum.paniculatum","Apis.mellifera",1,"Sidastrum paniculatum"
"M_076","Sida.galheirensis","Apis.mellifera",1,"Sida galheirensis"
"M_076","Sida.galheirensis","Polistes.Canadensis",1,"Sida galheirensis"
"M_076","Sida.galheirensis","Melipona.asilvai",1,"Sida galheirensis"
"M_076","Sida.galheirensis","Polybia.sericea",1,"Sida galheirensis"
"M_076","NANA","Apis.mellifera",1,"NANA"
"M_076","NANA","Melipona.asilvai",1,"NANA"
"M_076","Sida.sp","Polybia.occidentalis",1,"Sida sp"
"M_076","Sida.sp","Polybia.ignobilis",1,"Sida sp"
"M_076","Solanum.gardnerii","Apis.mellifera",1,"Solanum gardnerii"
"M_076","Sideroxylon.obtusifolium","Polistes.Canadensis",1,"Sideroxylon obtusifolium"
"M_076","Sideroxylon.obtusifolium","Polybia.sericea",1,"Sideroxylon obtusifolium"
"M_076","Sideroxylon.obtusifolium","Brachygastra.lecheguana",1,"Sideroxylon obtusifolium"
"M_076","Sideroxylon.obtusifolium","Apis.mellifera",1,"Sideroxylon obtusifolium"
"M_076","Solanum.paniculatum","Polybia.occidentalis",1,"Solanum paniculatum"
"M_076","Solanum.paniculatum","Brachygastra.lecheguana",1,"Solanum paniculatum"
"M_076","Solanum.paniculatum","Polybia.sericea",1,"Solanum paniculatum"
"M_076","Senna.spectabilis","Brachygastra.lecheguana",1,"Senna spectabilis"
"M_076","Senna.spectabilis","Polybia.occidentalis",1,"Senna spectabilis"
"M_076","Senna.spectabilis","Mischocyttarus.lanei",1,"Senna spectabilis"
"M_076","Senna.spectabilis","Protopolybia.exmgua",1,"Senna spectabilis"
"M_076","Senna.spectabilis","Frieseomelitta.silvestrii",1,"Senna spectabilis"
"M_076","Senna.spectabilis","Trigonisca.intermedia",1,"Senna spectabilis"
"M_076","Senna.spectabilis","Polybia.paulista",1,"Senna spectabilis"
"M_076","Senna.spectabilis","Plebeia.sp",1,"Senna spectabilis"
"M_076","Senna.spectabilis","Polybia.ignobilis",1,"Senna spectabilis"
"M_076","Senna.spectabilis","Protonectarina.sylveirae",1,"Senna spectabilis"
"M_076","Syagrus.vagans","Polybia.paulista",1,"Syagrus vagans"
"M_076","Syagrus.vagans","Polybia.ignobilis",1,"Syagrus vagans"
"M_076","Tabebuia.heptaphylla","Polybia.paulista",1,"Tabebuia heptaphylla"
"M_076","Tabebuia.heptaphylla","Trigona.spinipes",1,"Tabebuia heptaphylla"
"M_076","Tabebuia.heptaphylla","Polybia.sericea",1,"Tabebuia heptaphylla"
"M_076","Ziziphus.cotinifolia","Polybia.ignobilis",1,"Ziziphus cotinifolia"
"M_076","Ziziphus.cotinifolia","Polybia.paulista",1,"Ziziphus cotinifolia"
"M_076","Ziziphus.cotinifolia","Polybia.occidentalis",1,"Ziziphus cotinifolia"
"M_076","Ziziphus.cotinifolia","Mischocyttarus.lanei",1,"Ziziphus cotinifolia"
"M_076","Ziziphus.cotinifolia","Mischocyttarus.cerberus",1,"Ziziphus cotinifolia"
"M_076","Ziziphus.cotinifolia","Polistes.billardieri",1,"Ziziphus cotinifolia"
"M_076","Ziziphus.cotinifolia","Polistes.versicolor",1,"Ziziphus cotinifolia"
"M_076","Ziziphus.cotinifolia","Apis.mellifera",1,"Ziziphus cotinifolia"
"M_076","Ziziphus.cotinifolia","Trigona.spinipes",1,"Ziziphus cotinifolia"
"M_076","Ziziphus.cotinifolia","Frieseomelitta.silvestrii",1,"Ziziphus cotinifolia"
"M_076","Ziziphus.cotinifolia","Plebeia.sp",1,"Ziziphus cotinifolia"
"M_076","Ziziphus.cotinifolia","Polybia.sericea",1,"Ziziphus cotinifolia"
"M_076","Ziziphus.cotinifolia","Polistes.Canadensis",1,"Ziziphus cotinifolia"
"M_076","Ziziphus.cotinifolia","Trigonisca.sp",1,"Ziziphus cotinifolia"
"M_076","Ziziphus.cotinifolia","Partamona.sp",1,"Ziziphus cotinifolia"
"M_076","Ziziphus.cotinifolia","Protonectarina.sylveirae",1,"Ziziphus cotinifolia"
"M_076","Ziziphus.cotinifolia","Melipona.asilvai",1,"Ziziphus cotinifolia"
