"Family","Genus","sp.armonizado","DIT.final"
"Halictidae","Agapostemon","Agapostemon splendens",2.38
"Halictidae","Agapostemon","Agapostemon texanus",2.04
"Halictidae","Agapostemon","Agapostemon virescens",2.308
"Apidae","Alloscirtetica","Alloscirtetica gayi",3.102
"Apidae","Alloscirtetica","Alloscirtetica rufitarsis",3.36
"Apidae","Amegilla","Amegilla albigena",3.12
"Apidae","Amegilla","Amegilla canifrons",5.38
"Apidae","Amegilla","Amegilla fasciata",3.95
"Apidae","Amegilla","Amegilla garrula",4.45
"Apidae","Amegilla","Amegilla ochroleuca",3.82
"Apidae","Amegilla","Amegilla quadrifasciata",4.02
"Apidae","Amegilla","Amegilla savignyi",3.86
"Apidae","Ammobates","Ammobates oraniensis",2.1
"Andrenidae","Andrena","Andrena alfkenella",1.47
"Andrenidae","Andrena","Andrena alleghaniensis",1.44
"Andrenidae","Andrena","Andrena arabis",2.1
"Andrenidae","Andrena","Andrena assimilis",3.29
"Andrenidae","Andrena","Andrena athenensis",2.3
"Andrenidae","Andrena","Andrena barbilabris",2.32
"Andrenidae","Andrena","Andrena bicolor",2.01
"Andrenidae","Andrena","Andrena bicolorata",2.83
"Andrenidae","Andrena","Andrena bimaculata",2.71
"Andrenidae","Andrena","Andrena canohirta",1.5
"Andrenidae","Andrena","Andrena carlini",2.9
"Andrenidae","Andrena","Andrena carolina",2.09
"Andrenidae","Andrena","Andrena chrysosceles",1.87
"Andrenidae","Andrena","Andrena cinereophila",1.99
"Andrenidae","Andrena","Andrena clarkella",2.97
"Andrenidae","Andrena","Andrena combaella",2.12
"Andrenidae","Andrena","Andrena concinna",2.67
"Andrenidae","Andrena","Andrena crassana",1.45
"Andrenidae","Andrena","Andrena crataegi",1.81
"Andrenidae","Andrena","Andrena cressoni",2.06
"Andrenidae","Andrena","Andrena distinguenda",1.56
"Andrenidae","Andrena","Andrena dunningi",2.64
"Andrenidae","Andrena","Andrena erigeniae",2.1
"Andrenidae","Andrena","Andrena flavipes",2.36
"Andrenidae","Andrena","Andrena forbesii",2.2
"Andrenidae","Andrena","Andrena fulva",2.72
"Andrenidae","Andrena","Andrena fulvitarsis",2
"Andrenidae","Andrena","Andrena fuscipes",2.21
"Andrenidae","Andrena","Andrena grossella",2.28
"Andrenidae","Andrena","Andrena haemorrhoa",2.49
"Andrenidae","Andrena","Andrena haemorrhoa japonibia",2.54
"Andrenidae","Andrena","Andrena hattorfiana",2.71
"Andrenidae","Andrena","Andrena hesperia",1.92
"Andrenidae","Andrena","Andrena hispania",2.95
"Andrenidae","Andrena","Andrena humilis",2.25
"Andrenidae","Andrena","Andrena hyemala",1.27
"Andrenidae","Andrena","Andrena imitatrix",4.49
"Andrenidae","Andrena","Andrena impunctata",1.24
"Andrenidae","Andrena","Andrena japonica",1.22
"Andrenidae","Andrena","Andrena japonicum",1.22
"Andrenidae","Andrena","Andrena kriechbaumeri",2.1
"Andrenidae","Andrena","Andrena lamiana",1.31
"Andrenidae","Andrena","Andrena lapponica",2.54
"Andrenidae","Andrena","Andrena longitibialis",1.59
"Andrenidae","Andrena","Andrena mandibularis",1.87
"Andrenidae","Andrena","Andrena melanochroa",1.7
"Andrenidae","Andrena","Andrena minutula",1.42
"Andrenidae","Andrena","Andrena miranda",1.9
"Andrenidae","Andrena","Andrena miserabilis",1.7
"Andrenidae","Andrena","Andrena mocsaryi",2.19
"Andrenidae","Andrena","Andrena mucronata",2.84
"Andrenidae","Andrena","Andrena nana",1.64
"Andrenidae","Andrena","Andrena nasonii",1.59
"Andrenidae","Andrena","Andrena nigroaenea",2.84
"Andrenidae","Andrena","Andrena nitida",2.9
"Andrenidae","Andrena","Andrena nivalis",2.69
"Andrenidae","Andrena","Andrena nobilis",2.66
"Andrenidae","Andrena","Andrena nubecula",1.17
"Andrenidae","Andrena","Andrena optata",2.37
"Andrenidae","Andrena","Andrena oralis",1.96
"Andrenidae","Andrena","Andrena panurgimorpha",1.98
"Andrenidae","Andrena","Andrena panurgina",1.69
"Andrenidae","Andrena","Andrena personata",1.2
"Andrenidae","Andrena","Andrena pilipes",3.21
"Andrenidae","Andrena","Andrena pruni",2.5
"Andrenidae","Andrena","Andrena rugosa",2.07
"Andrenidae","Andrena","Andrena rugothorace",1.45
"Andrenidae","Andrena","Andrena schmiedeknechti",2.56
"Andrenidae","Andrena","Andrena schulzi",1.32
"Andrenidae","Andrena","Andrena scita",2.9
"Andrenidae","Andrena","Andrena simontornyella",1.38
"Andrenidae","Andrena","Andrena spiraeana",1.94
"Andrenidae","Andrena","Andrena subopaca",1.39
"Andrenidae","Andrena","Andrena taraxaci",2.17
"Andrenidae","Andrena","Andrena tarsata",1.71
"Andrenidae","Andrena","Andrena tomora",1.38
"Andrenidae","Andrena","Andrena truncatilabris",2.27
"Andrenidae","Andrena","Andrena ventricosa",1.72
"Andrenidae","Andrena","Andrena vicina",2.54
"Andrenidae","Andrena","Andrena villipes",2.71
"Andrenidae","Andrena","Andrena violae",2.3
"Andrenidae","Andrena","Andrena vulcana",2.83
"Andrenidae","Andrena","Andrena w scripta",1.74
"Andrenidae","Andrena","Andrena westensis",2.3
"Andrenidae","Andrena","Andrena wilkella",2.36
"Andrenidae","Andrena","Andrena wollastoni",1.5
"Megachilidae","Anthidium","Anthidium chilensis",1.2
"Megachilidae","Anthidium","Anthidium chubuti",3.69
"Megachilidae","Anthidium","Anthidium dalmaticum",3.02
"Megachilidae","Anthidium","Anthidium decaspilum",3.2
"Megachilidae","Anthidium","Anthidium florentinum",3.92
"Megachilidae","Anthidium","Anthidium funereum",3.2
"Megachilidae","Anthidium","Anthidium manicatum",3.51
"Megachilidae","Anthidium","Anthidium septemspinosum",3.5
"Megachilidae","Anthidium","Anthidium taeniatum",2.56
"Megachilidae","Anthidium","Anthidium undulatum",2.57
"Andrenidae","Anthophora","Anthophora abrupta",3.9
"Apidae","Anthophora","Anthophora alluaudi",4.16
"Apidae","Anthophora","Anthophora atroalba",3.88
"Apidae","Anthophora","Anthophora canescens",4.78
"Apidae","Anthophora","Anthophora dispar",4.36
"Apidae","Anthophora","Anthophora dufourii",4.49
"Apidae","Anthophora","Anthophora incerta",4.13
"Apidae","Anthophora","Anthophora orotavae",3.12
"Apidae","Anthophora","Anthophora plumipes",4.26
"Apidae","Anthophora","Anthophora quadricolor",4.12
"Apidae","Anthophora","Anthophora retusa",3.73
"Apidae","Apis","Apis cerana",2.38
"Apidae","Apis","Apis cerana japonica",2.38
"Apidae","Apis","Apis mellifera",3.01
"Megachilidae","Ashmeadiella","Ashmeadiella bucconis",1.78
"Halictidae","Augochlora","Augochlora pura",1.64
"Halictidae","Augochlorella","Augochlorella aurata",1.405
"Apidae","Bombus","Bombus alpinus",3.89
"Apidae","Bombus","Bombus ardens",4.98
"Apidae","Bombus","Bombus argillaceus",4.71
"Apidae","Bombus","Bombus atratus",5.66
"Apidae","Bombus","Bombus bifarius",2.89
"Apidae","Bombus","Bombus bimaculatus",4.07
"Apidae","Bombus","Bombus bohemicus",4.86
"Apidae","Bombus","Bombus brasiliensis",4.4
"Apidae","Bombus","Bombus brevivillus",4.5
"Apidae","Bombus","Bombus campestris",4.66
"Apidae","Bombus","Bombus centralis",3.06
"Apidae","Bombus","Bombus consobrinus",3.68
"Apidae","Bombus","Bombus cryptarum",4.25
"Apidae","Bombus","Bombus dahlbomii",6.055
"Apidae","Bombus","Bombus diversus",5.445
"Apidae","Bombus","Bombus diversus diversus",5.14
"Apidae","Bombus","Bombus fervidus",3.48
"Apidae","Bombus","Bombus flavifrons",2.89
"Apidae","Bombus","Bombus griseocollis",4.87
"Apidae","Bombus","Bombus honshuensis",6.1
"Apidae","Bombus","Bombus hortorum",4.54
"Apidae","Bombus","Bombus hortotum",4.74
"Apidae","Bombus","Bombus hunti",5.13
"Apidae","Bombus","Bombus hyperboreus",7.6
"Apidae","Bombus","Bombus hypnorum",4.07
"Apidae","Bombus","Bombus hypocrita",5.4
"Apidae","Bombus","Bombus hypocrita hypocrita",5.4
"Apidae","Bombus","Bombus ignitus",6.3
"Apidae","Bombus","Bombus impatiens",3.9
"Apidae","Bombus","Bombus jonellus",5.08
"Apidae","Bombus","Bombus lapidarius",4.28
"Apidae","Bombus","Bombus lucorum",4.28
"Apidae","Bombus","Bombus morio",5
"Apidae","Bombus","Bombus muscorum",4.21
"Apidae","Bombus","Bombus nevadensis",5.06
"Apidae","Bombus","Bombus occidentalis",3.89
"Apidae","Bombus","Bombus pascuorum",3.91
"Apidae","Bombus","Bombus pennsylvanicus",6
"Apidae","Bombus","Bombus pratorum",4.03
"Apidae","Bombus","Bombus ridingsii",5.44
"Apidae","Bombus","Bombus ruderatus",5.04
"Apidae","Bombus","Bombus rupestris",5.62
"Apidae","Bombus","Bombus soroeensis",3.98
"Apidae","Bombus","Bombus terrestris",4.69
"Apidae","Bombus","Bombus vagans",3.56
"Colletidae","Cadeguala","Cadeguala occidentalis",3.3
"Andrenidae","Calliopsis","Calliopsis andreniformis",1.36
"Andrenidae","Calliopsis","Calliopsis coloradensis",1.65
"Apidae","Centris","Centris aenea",4.7
"Apidae","Centris","Centris caxiensis",4.2
"Apidae","Centris","Centris cineraria",5.108
"Apidae","Centris","Centris flavifrons",5.5
"Apidae","Centris","Centris fuscata",4.8
"Apidae","Centris","Centris nigerrima",4.836
"Apidae","Centris","Centris obsoleta",6.5
"Apidae","Centris","Centris tarsata",3
"Apidae","Centris","Centris trigonoides",3
"Apidae","Ceratina","Ceratina acuta",1.55
"Apidae","Ceratina","Ceratina bispinosa",1
"Apidae","Ceratina","Ceratina calcarata",1.41
"Apidae","Ceratina","Ceratina cucurbitina",1.43
"Apidae","Ceratina","Ceratina cyanea",1.35
"Apidae","Ceratina","Ceratina dallatorreana",1.16
"Apidae","Ceratina","Ceratina dentiventris",1.13
"Apidae","Ceratina","Ceratina dupla",1.42
"Apidae","Ceratina","Ceratina flavipes",1.71
"Apidae","Ceratina","Ceratina japonica",1.22
"Apidae","Ceratina","Ceratina loewi",1.76
"Apidae","Ceratina","Ceratina mocsaryi",1.82
"Apidae","Ceratina","Ceratina nigrolabiata",1.33
"Apidae","Ceratina","Ceratina okinawana",1.41
"Apidae","Ceratina","Ceratina parvula",0.77
"Megachilidae","Chelostoma","Chelostoma campanularum",1
"Megachilidae","Chelostoma","Chelostoma emarginatum",1.13
"Megachilidae","Chelostoma","Chelostoma hellenicum",0.96
"Megachilidae","Coelioxys","Coelioxys aurolimbatus",3.09
"Megachilidae","Coelioxys","Coelioxys mandibularis",2.45
"Colletidae","Colletes","Colletes acutus",2.78
"Colletidae","Colletes","Colletes albomaculatus",2.96
"Colletidae","Colletes","Colletes araucariae",2.417
"Colletidae","Colletes","Colletes caspicus",3.24
"Colletidae","Colletes","Colletes compactus",3.143
"Colletidae","Colletes","Colletes cunicularius",3.33
"Colletidae","Colletes","Colletes dimidiatus",3.84
"Colletidae","Colletes","Colletes eous",2.63
"Colletidae","Colletes","Colletes fodiens",2.46
"Colletidae","Colletes","Colletes foveolaris",2.59
"Colletidae","Colletes","Colletes kincaidi",1.97
"Colletidae","Colletes","Colletes similis",2.41
"Colletidae","Colletes","Colletes succinctus",2.99
"Melittidae","Dasypoda","Dasypoda cingulata",3.44
"Melittidae","Dasypoda","Dasypoda iberica",2.9
"Colletidae","Diphaglossa","Diphaglossa gayi",2.11
"Megachilidae","Eoanthidium","Eoanthidium insulare",2.4
"Apidae","Epeolus","Epeolus fallax",2.51
"Apidae","Eucera","Eucera albofasciata",2.91
"Apidae","Eucera","Eucera bidentata",2.19
"Apidae","Eucera","Eucera clypeata",3.05
"Apidae","Eucera","Eucera furfurea",3.28
"Apidae","Eucera","Eucera gracilipes",3.84
"Apidae","Eucera","Eucera nigrescens",3.56
"Apidae","Eucera","Eucera nigrilabris",3.9
"Apidae","Eucera","Eucera parnassia",2.88
"Apidae","Eucera","Eucera punctulata",3.28
"Apidae","Eucera","Eucera seminuda",2.91
"Apidae","Euglossa","Euglossa chalybeata",3.6
"Apidae","Euglossa","Euglossa cordata",3.4
"Apidae","Eulaema","Eulaema meriana",6.8
"Apidae","Eulaema","Eulaema nigrita",5.1
"Apidae","Frieseomelitta","Frieseomelitta silvestrii",1
"Apidae","Habropoda","Habropoda tarsata",4.49
"Halictidae","Halictus","Halictus asperulus",1.56
"Halictidae","Halictus","Halictus brunnescens",3.07
"Halictidae","Halictus","Halictus fulvipes",2.06
"Halictidae","Halictus","Halictus graecus",2.58
"Halictidae","Halictus","Halictus quadricinctus",2.85
"Halictidae","Halictus","Halictus resurgens",1.98
"Halictidae","Halictus","Halictus rubicundus",2.1
"Halictidae","Halictus","Halictus scabiosae",2.52
"Halictidae","Halictus","Halictus tetrazonius",1.94
"Megachilidae","Heriades","Heriades crenulata",1.51
"Megachilidae","Heriades","Heriades punctulifera",1
"Megachilidae","Heriades","Heriades truncorum",1.53
"Megachilidae","Hoplitis","Hoplitis bisulca",2.81
"Megachilidae","Hoplitis","Hoplitis curvipes",3.11
"Megachilidae","Hoplitis","Hoplitis fabrei",2.29
"Megachilidae","Hoplitis","Hoplitis manicata",3.02
"Megachilidae","Hoplitis","Hoplitis pallicornis",2.44
"Megachilidae","Hoplitis","Hoplitis papaveris",2.31
"Megachilidae","Hoplitis","Hoplitis perezi",2.43
"Megachilidae","Hoplitis","Hoplitis pici",2.34
"Megachilidae","Hoplitis","Hoplitis producta",1.56
"Megachilidae","Hoplitis","Hoplitis yermasoyiae",2.28
"Colletidae","Hylaeus","Hylaeus annularis",1.26
"Colletidae","Hylaeus","Hylaeus basalis",1.85
"Colletidae","Hylaeus","Hylaeus bifasciatus",1.75
"Colletidae","Hylaeus","Hylaeus brevicornis",0.98
"Colletidae","Hylaeus","Hylaeus canariensis",1.09
"Colletidae","Hylaeus","Hylaeus imparilis",1
"Colletidae","Hylaeus","Hylaeus lineolatus",1.1
"Colletidae","Hylaeus","Hylaeus meridionalis",1.51
"Colletidae","Hylaeus","Hylaeus nigritus",1.57
"Colletidae","Hylaeus","Hylaeus pictus",1.25
"Colletidae","Hylaeus","Hylaeus punctatus",1.23
"Colletidae","Hylaeus","Hylaeus signatus",1.63
"Colletidae","Hylaeus","Hylaeus variegatus",1.32
"Megachilidae","Icteranthidium","Icteranthidium grohmanni",3.07
"Halictidae","Lasioglossum","Lasioglossum aegyptiellum",2.12
"Halictidae","Lasioglossum","Lasioglossum aeratum",1.08
"Halictidae","Lasioglossum","Lasioglossum albipes",1.59
"Halictidae","Lasioglossum","Lasioglossum albocinctum",2.6
"Halictidae","Lasioglossum","Lasioglossum anellum",1.19
"Halictidae","Lasioglossum","Lasioglossum arctifrons",1.1
"Halictidae","Lasioglossum","Lasioglossum brevicome",1.38
"Halictidae","Lasioglossum","Lasioglossum calceatum",1.77
"Halictidae","Lasioglossum","Lasioglossum callizonium",2.24
"Halictidae","Lasioglossum","Lasioglossum chalcodes",2.27
"Halictidae","Lasioglossum","Lasioglossum convexiusculum",1.59
"Halictidae","Lasioglossum","Lasioglossum crassepunctatum",1.46
"Halictidae","Lasioglossum","Lasioglossum cressonii",1.29
"Halictidae","Lasioglossum","Lasioglossum ephialtum",1.2
"Halictidae","Lasioglossum","Lasioglossum fratellum",1.45
"Halictidae","Lasioglossum","Lasioglossum fuscipenne",2.1
"Halictidae","Lasioglossum","Lasioglossum gorkiense",1.88
"Halictidae","Lasioglossum","Lasioglossum hitchensi",1.16
"Halictidae","Lasioglossum","Lasioglossum imitatum",0.98
"Halictidae","Lasioglossum","Lasioglossum immunitum",1.96
"Halictidae","Lasioglossum","Lasioglossum laticeps",1.45
"Halictidae","Lasioglossum","Lasioglossum leucopus",1.11
"Halictidae","Lasioglossum","Lasioglossum leucozonium",1.84
"Halictidae","Lasioglossum","Lasioglossum limbelloides",1.31
"Halictidae","Lasioglossum","Lasioglossum limbellum",1.31
"Halictidae","Lasioglossum","Lasioglossum lineare",1.39
"Halictidae","Lasioglossum","Lasioglossum littorale",1.35
"Halictidae","Lasioglossum","Lasioglossum loetum",1.37
"Halictidae","Lasioglossum","Lasioglossum lucidulum",0.78
"Halictidae","Lasioglossum","Lasioglossum macoupinens",1.19
"Halictidae","Lasioglossum","Lasioglossum malachurum",1.57
"Halictidae","Lasioglossum","Lasioglossum marginatum",1.56
"Halictidae","Lasioglossum","Lasioglossum mediterraneum",1.61
"Halictidae","Lasioglossum","Lasioglossum mesosclerum",1.1
"Halictidae","Lasioglossum","Lasioglossum nigripes",2.15
"Halictidae","Lasioglossum","Lasioglossum nitidulum",1.17
"Halictidae","Lasioglossum","Lasioglossum oblongum",1.23
"Halictidae","Lasioglossum","Lasioglossum obscuratum",2.11
"Halictidae","Lasioglossum","Lasioglossum obscurum",1.17
"Halictidae","Lasioglossum","Lasioglossum occidens",2.26
"Halictidae","Lasioglossum","Lasioglossum pallens",1.56
"Halictidae","Lasioglossum","Lasioglossum pauxillum",1.18
"Halictidae","Lasioglossum","Lasioglossum politum",0.85
"Halictidae","Lasioglossum","Lasioglossum prasinum",1.76
"Halictidae","Lasioglossum","Lasioglossum proximatum",2.43
"Halictidae","Lasioglossum","Lasioglossum punctatissimum",1.29
"Halictidae","Lasioglossum","Lasioglossum quadrinotatum",1.59
"Halictidae","Lasioglossum","Lasioglossum scitulum",2.31
"Halictidae","Lasioglossum","Lasioglossum sexmaculatum",1.84
"Halictidae","Lasioglossum","Lasioglossum sexstrigatum",1.27
"Halictidae","Lasioglossum","Lasioglossum sordidum",1.29
"Halictidae","Lasioglossum","Lasioglossum subopacum",2.89
"Halictidae","Lasioglossum","Lasioglossum subviridatum",1.2
"Halictidae","Lasioglossum","Lasioglossum tegulare",0.94
"Halictidae","Lasioglossum","Lasioglossum transitorium",1.24
"Halictidae","Lasioglossum","Lasioglossum villosulum",1.38
"Halictidae","Lasioglossum","Lasioglossum viride",1.76
"Halictidae","Lasioglossum","Lasioglossum zonulum",1.98
"Halictidae","Lasioglossum","Lassioglossum fuscipenne",2.1
"Andrenidae","Liphanthus","Liphanthus sabulosus",1.237
"Apidae","Manuelia","Manuelia gayi",1.8
"Apidae","Manuelia","Manuelia postica",1.7
"Megachilidae","Megachile","Megachile albisecta",3.34
"Megachilidae","Megachile","Megachile albocristata",3.88
"Megachilidae","Megachile","Megachile argentata",2.82
"Megachilidae","Megachile","Megachile canariensis",3.07
"Megachilidae","Megachile","Megachile ericetorum",3.44
"Megachilidae","Megachile","Megachile gemula albula",3.62
"Megachilidae","Megachile","Megachile giraudi",2.97
"Megachilidae","Megachile","Megachile hungarica",3.44
"Megachilidae","Megachile","Megachile leachella",2.7
"Megachilidae","Megachile","Megachile lefebvrei",3.99
"Megachilidae","Megachile","Megachile manicata",3.82
"Megachilidae","Megachile","Megachile maritima",3.78
"Megachilidae","Megachile","Megachile mendica",3.3
"Megachilidae","Megachile","Megachile montenegrensis",3.39
"Megachilidae","Megachile","Megachile parietina",4.69
"Megachilidae","Megachile","Megachile pugnata",3.1
"Megachilidae","Megachile","Megachile pyrenaica",3.56
"Megachilidae","Megachile","Megachile relativa",2.68
"Megachilidae","Megachile","Megachile semirufa",4.19
"Megachilidae","Megachile","Megachile texana",3.65
"Megachilidae","Megachile","Megachile versicolor",3.3
"Megachilidae","Megachile","Megachile willughbiella",3.41
"Apidae","Melecta","Melecta albifrons",3.59
"Apidae","Melecta","Melecta curvispina",3
"Apidae","Melecta","Melecta tuberculata",3.5
"Apidae","Melipona","Melipona quadrifasciata",3
"Apidae","Melissodes","Melissodes agilis",3.24
"Apidae","Melissodes","Melissodes coreopsis",2.6
"Apidae","Nomada","Nomada babiyi",0.87
"Apidae","Nomada","Nomada basalis",1.77
"Apidae","Nomada","Nomada calimorpha",1.65
"Apidae","Nomada","Nomada corcyraea",1.29
"Apidae","Nomada","Nomada distinguenda",1.07
"Apidae","Nomada","Nomada eos",1.75
"Apidae","Nomada","Nomada erythrocephala",1.58
"Apidae","Nomada","Nomada femoralis",1.63
"Apidae","Nomada","Nomada flava",1.86
"Apidae","Nomada","Nomada fucata",1.88
"Apidae","Nomada","Nomada imperialis",2.55
"Apidae","Nomada","Nomada lucidula",2.43
"Apidae","Nomada","Nomada mavromoustakisi",0.84
"Apidae","Nomada","Nomada mutabilis",1.72
"Apidae","Nomada","Nomada nobilis",1.97
"Apidae","Nomada","Nomada panzeri",1.63
"Apidae","Nomada","Nomada propinqua",1.74
"Apidae","Nomada","Nomada rubricollis",1.83
"Apidae","Nomada","Nomada ruficornis",1.79
"Apidae","Nomada","Nomada rufipes",1.45
"Apidae","Nomada","Nomada trispinosa",1.64
"Halictidae","Nomioides","Nomioides facilis",0.8
"Megachilidae","Osmia","Osmia andrenoides",1.85
"Megachilidae","Osmia","Osmia apicata",3.24
"Megachilidae","Osmia","Osmia atriventris",2.08
"Megachilidae","Osmia","Osmia aurulenta",2.92
"Megachilidae","Osmia","Osmia bidentata",2.24
"Megachilidae","Osmia","Osmia bruneri",2.1
"Megachilidae","Osmia","Osmia caerulescens",2.37
"Megachilidae","Osmia","Osmia cephalotes",1.74
"Megachilidae","Osmia","Osmia collinsiae",2.7
"Megachilidae","Osmia","Osmia latreillei",2.89
"Megachilidae","Osmia","Osmia lignaria",2.9
"Megachilidae","Osmia","Osmia melanogaster",2.66
"Megachilidae","Osmia","Osmia moreensis",2.18
"Megachilidae","Osmia","Osmia mustelina",3.92
"Megachilidae","Osmia","Osmia nana",1.35
"Megachilidae","Osmia","Osmia nigrifrons",2.43
"Megachilidae","Osmia","Osmia pentstemonis",1.75
"Megachilidae","Osmia","Osmia proxima",2.16
"Megachilidae","Osmia","Osmia pumila",1.9
"Megachilidae","Osmia","Osmia pusilla",1.58
"Megachilidae","Osmia","Osmia scutellaris",1.43
"Megachilidae","Osmia","Osmia signata",2.71
"Megachilidae","Osmia","Osmia simillima",2.53
"Megachilidae","Osmia","Osmia spinigera",2.58
"Megachilidae","Osmia","Osmia subcornuta",2.41
"Megachilidae","Osmia","Osmia versicolor",1.78
"Megachilidae","Osmia","Osmia viridana",1.69
"Apidae","Peponapis","Peponapis pruinosa",3.16
"Megachilidae","Pseudoanthidium","Pseudoanthidium alpinum",2.14
"Megachilidae","Pseudoanthidium","Pseudoanthidium nanum",1.96
"Apidae","Pyrobombus","Pyrobombus impatiens",4.42
"Apidae","Pyrobombus","Pyrobombus ternarius",3.17
"Megachilidae","Rhodanthidium","Rhodanthidium caturigense",2.82
"Megachilidae","Rhodanthidium","Rhodanthidium septemdentatum",3.38
"Megachilidae","Rhodanthidium","Rhodanthidium sticticum",3.6
"Halictidae","Rophites","Rophites algirus",2.19
"Halictidae","Rophites","Rophites quinquespinosus",2.28
"Halictidae","Ruizantheda","Ruizantheda mutabilis",1.68
"Halictidae","Seladonia","Seladonia cephalica",1.28
"Halictidae","Seladonia","Seladonia confusa",1.54
"Halictidae","Seladonia","Seladonia gemmea",1.28
"Halictidae","Seladonia","Seladonia smaragdula",1.09
"Halictidae","Sphecodes","Sphecodes ephippius",1.53
"Halictidae","Sphecodes","Sphecodes geoffrellus",1.07
"Halictidae","Sphecodes","Sphecodes hirtellus",1.02
"Halictidae","Sphecodes","Sphecodes marginatus",1.01
"Halictidae","Sphecodes","Sphecodes pellucidus",1.74
"Halictidae","Sphecodes","Sphecodes ruficrus",1.56
"Megachilidae","Stelis","Stelis punctulatissima",2.58
"Megachilidae","Stelis","Stelis signata",1.99
"Halictidae","Systropha","Systropha planidens",2.12
"Apidae","Thyreus","Thyreus histrionicus",3.05
"Apidae","Thyreus","Thyreus ramosus",2.37
"Apidae","Thyreus","Thyreus truncatus",2.5
"Apidae","Trigona","Trigona fulviventris",1.4
"Apidae","Trigona","Trigona spinipes",1.8
"Apidae","Xylocopa","Xylocopa cantabrita",5.62
"Apidae","Xylocopa","Xylocopa grisescens",7.7
"Apidae","Xylocopa","Xylocopa iris",4.34
"Apidae","Xylocopa","Xylocopa violacea",6.67
"Apidae","Xylocopa","Xylocopa virginica virginica",5.64
