"Familia","Family.x","Family.y","genero","especie_genero","DIT.final.final"
"Halictidae",NA,NA,"Agapostemon","Agapostemon splendens",2.38
"Halictidae",NA,NA,"Agapostemon","Agapostemon texanus",2.04
"Apidae",NA,NA,"Alloscirtetica","Alloscirtetica gayi",3.102
"Apidae",NA,NA,"Alloscirtetica","Alloscirtetica rufitarsis",3.36
"Apidae","Apidae",NA,"Amegilla","Amegilla albigena",3.12
NA,NA,NA,NA,"Amegilla canifrons",5.38
"Apidae","Apidae",NA,"Amegilla","Amegilla fasciata",3.95
"Apidae","Apidae",NA,"Amegilla","Amegilla quadrifasciata",4.02
NA,NA,NA,NA,"Amegilla quadrifasciata",4.02
NA,NA,NA,NA,"Ammobates oraniensis",2.1
"Andrenidae","Andrenidae",NA,"Andrena","Andrena alfkenella",1.47
"Andrenidae",NA,NA,"Andrena","Andrena alleghaniensis",1.44
"Andrenidae",NA,NA,"Andrena","Andrena arabis",2.1
NA,NA,NA,NA,"Andrena assimilis",3.29
NA,NA,NA,NA,"Andrena athenensis",2.3
"Andrenidae","Andrenidae",NA,"Andrena","Andrena barbilabris",2.32
"Andrenidae","Andrenidae",NA,"Andrena","Andrena bicolor",2.01
NA,NA,NA,NA,"Andrena bicolorata",2.83
"Andrenidae","Andrenidae",NA,"Andrena","Andrena bimaculata",2.71
"Andrenidae",NA,NA,"Andrena","Andrena carlini",2.9
"Andrenidae",NA,NA,"Andrena","Andrena carolina",2.09
"Andrenidae","Andrenidae",NA,"Andrena","Andrena chrysosceles",1.87
NA,NA,NA,NA,"Andrena cinereophila",1.99
"Andrenidae","Andrenidae",NA,"Andrena","Andrena clarkella",2.97
"Andrenidae","Andrenidae",NA,"Andrena","Andrena combaella",2.12
NA,NA,NA,NA,"Andrena concinna",2.67
NA,NA,NA,NA,"Andrena crassana",1.45
"Andrenidae",NA,NA,"Andrena","Andrena crataegi",1.81
"Andrenidae",NA,NA,"Andrena","Andrena cressoni",2.06
NA,NA,NA,NA,"Andrena distinguenda",1.56
"Andrenidae",NA,NA,"Andrena","Andrena dunningi",2.64
"Andrenidae",NA,NA,"Andrena","Andrena erigeniae",2.1
"Andrenidae","Andrenidae",NA,"Andrena","Andrena flavipes",2.36
"Andrenidae",NA,NA,"Andrena","Andrena forbesii",2.2
"Andrenidae","Andrenidae",NA,"Andrena","Andrena fulva",2.72
NA,NA,NA,NA,"Andrena fulvitarsis",2
"Andrenidae","Andrenidae",NA,"Andrena","Andrena fuscipes",2.21
NA,NA,NA,NA,"Andrena grossella",2.28
"Andrenidae","Andrenidae",NA,"Andrena","Andrena haemorrhoa",2.49
"Andrenidae",NA,NA,"Andrena","Andrena haemorrhoa japonibia",2.54
"Andrenidae","Andrenidae",NA,"Andrena","Andrena hattorfiana",2.71
NA,NA,NA,NA,"Andrena hesperia",1.92
"Andrenidae",NA,NA,"Andrena","Andrena hispania",2.95
NA,NA,NA,NA,"Andrena humilis",2.25
NA,NA,NA,NA,"Andrena hyemala",1.27
"Andrenidae",NA,NA,"Andrena","Andrena imitatrix",4.49
NA,NA,NA,NA,"Andrena impunctata",1.24
"Andrenidae",NA,NA,"Andrena","Andrena japonica",1.22
"Andrenidae",NA,NA,"Andrena","Andrena japonicum",1.22
NA,NA,NA,NA,"Andrena kriechbaumeri",2.1
NA,NA,NA,NA,"Andrena lamiana",1.31
"Andrenidae","Andrenidae",NA,"Andrena","Andrena lapponica",2.54
"Andrenidae",NA,NA,"Andrena","Andrena longitibialis",1.59
"Andrenidae",NA,NA,"Andrena","Andrena mandibularis",1.87
"Andrenidae",NA,NA,"Andrena","Andrena melanochroa",1.7
"Andrenidae","Andrenidae",NA,"Andrena","Andrena minutula",1.42
"Andrenidae",NA,NA,"Andrena","Andrena miranda",1.9
"Andrenidae",NA,NA,"Andrena","Andrena miserabilis",1.7
NA,NA,NA,NA,"Andrena mocsaryi",2.19
NA,NA,NA,NA,"Andrena mucronata",2.84
"Andrenidae","Andrenidae",NA,"Andrena","Andrena nana",1.64
"Andrenidae",NA,NA,"Andrena","Andrena nasonii",1.59
"Andrenidae","Andrenidae",NA,"Andrena","Andrena nigroaenea",2.84
"Andrenidae",NA,NA,"Andrena","Andrena nivalis",2.69
NA,NA,NA,NA,"Andrena nobilis",2.66
"Andrenidae",NA,NA,"Andrena","Andrena nubecula",1.17
NA,NA,NA,NA,"Andrena optata",2.37
NA,NA,NA,NA,"Andrena oralis",1.96
NA,NA,NA,NA,"Andrena panurgimorpha",1.98
NA,NA,NA,NA,"Andrena panurgina",1.69
"Andrenidae",NA,NA,"Andrena","Andrena personata",1.2
"Andrenidae",NA,NA,"Andrena","Andrena pruni",2.5
"Andrenidae",NA,NA,"Andrena","Andrena rugosa",2.07
NA,NA,NA,NA,"Andrena rugothorace",1.45
NA,NA,NA,NA,"Andrena schmiedeknechti",2.56
NA,NA,NA,NA,"Andrena schulzi",1.32
NA,NA,NA,NA,"Andrena scita",2.9
"Andrenidae","Andrenidae",NA,"Andrena","Andrena simontornyella",1.38
"Andrenidae",NA,NA,"Andrena","Andrena spiraeana",1.94
"Andrenidae","Andrenidae",NA,"Andrena","Andrena subopaca",1.39
"Andrenidae","Andrenidae",NA,"Andrena","Andrena taraxaci",2.17
NA,NA,NA,NA,"Andrena tarsata",1.71
NA,NA,NA,NA,"Andrena tomora",1.38
"Andrenidae","Andrenidae",NA,"Andrena","Andrena ventricosa",1.72
"Andrenidae",NA,NA,"Andrena","Andrena vicina",2.54
"Andrenidae",NA,NA,"Andrena","Andrena violae",2.3
"Andrenidae",NA,NA,"Andrena","Andrena w scripta",1.74
NA,NA,NA,NA,"Andrena westensis",2.3
"Andrenidae","Andrenidae",NA,"Andrena","Andrena wilkella",2.36
NA,NA,NA,NA,"Anthidiellum strigatum",2.32
"Megachilidae",NA,NA,"Anthidiellum","Anthidiellum strigatum luteum",2.44
"Megachilidae",NA,NA,"Anthidium","Anthidium chilensis",1.2
"Megachilidae",NA,NA,"Anthidium","Anthidium chubuti",3.69
NA,NA,NA,NA,"Anthidium dalmaticum",3.02
"Megachilidae",NA,NA,"Anthidium","Anthidium decaspilum",3.2
NA,NA,NA,NA,"Anthidium florentinum",3.92
"Megachilidae",NA,NA,"Anthidium","Anthidium funereum",3.2
"Megachilidae","Megachilidae",NA,"Anthidium","Anthidium manicatum",3.51
"Megachilidae","Megachilidae",NA,"Anthidium","Anthidium septemspinosum",3.5
NA,NA,NA,NA,"Anthidium taeniatum",2.56
NA,NA,NA,NA,"Anthidium undulatum",2.57
"Andrenidae",NA,NA,"Anthophora","Anthophora abrupta",3.9
NA,NA,NA,NA,"Anthophora alluaudi",4.16
"Apidae","Apidae",NA,"Anthophora","Anthophora atroalba",3.88
NA,NA,NA,NA,"Anthophora canescens",4.78
"Apidae","Apidae",NA,"Anthophora","Anthophora dispar",4.36
"Apidae",NA,NA,"Anthophora","Anthophora incerta",4.13
NA,NA,NA,NA,"Anthophora orotavae",3.12
"Apidae","Apidae",NA,"Anthophora","Anthophora plumipes",4.26
NA,NA,NA,NA,"Anthophora retusa",3.73
"Apidae",NA,NA,"Apis","Apis cerana",2.38
"Apidae",NA,NA,"Apis","Apis cerana japonica",2.38
"Apidae","Apidae","Apidae","Apis","Apis mellifera",3.01
NA,NA,NA,NA,"Apis mellifera",3.01
"Megachilidae",NA,NA,"","Ashmeadiella bucconis",1.78
"Halictidae",NA,NA,"Augochlora","Augochlora pura",1.64
"Apidae","Apidae",NA,"Bombus","Bombus alpinus",3.89
"Apidae",NA,NA,"Bombus","Bombus ardens",4.98
NA,NA,NA,NA,"Bombus argillaceus",4.71
"Apidae",NA,NA,"Bombus","Bombus atratus",5.66
"Apidae",NA,NA,"Bombus","Bombus bifarius",2.89
"Apidae",NA,NA,"Bombus","Bombus bimaculatus",4.07
"Apidae","Apidae",NA,"Bombus","Bombus bohemicus",4.86
NA,NA,NA,NA,"Bombus brasiliensis",4.4
NA,NA,NA,NA,"Bombus brevivillus",4.5
"Apidae",NA,NA,"Bombus","Bombus centralis",3.06
NA,NA,NA,NA,"Bombus consobrinus",3.68
NA,NA,NA,NA,"Bombus cryptarum",4.25
"Apidae",NA,NA,"Bombus","Bombus dahlbomii",6.01
"Apidae",NA,NA,"Bombus","Bombus dahlbomii",6.1
"Apidae",NA,NA,"Bombus","Bombus diversus",5.4
"Apidae",NA,NA,"Bombus","Bombus diversus",5.49
"Apidae",NA,NA,"Bombus","Bombus diversus diversus",5.49
"Apidae",NA,NA,"Bombus","Bombus diversus diversus",4.79
"Apidae",NA,NA,"Bombus","Bombus fervidus",3.48
"Apidae",NA,NA,"Bombus","Bombus flavifrons",2.89
"Apidae",NA,NA,"Bombus","Bombus griseocollis",4.87
"Apidae",NA,NA,"Bombus","Bombus honshuensis",6.1
"Apidae","Apidae",NA,"Bombus","Bombus hortorum",4.54
"Apidae",NA,NA,"Bombus","Bombus hortotum",4.74
"Apidae",NA,NA,"Bombus","Bombus hunti",5.13
NA,NA,NA,NA,"Bombus hyperboreus",7.6
"Apidae","Apidae",NA,"Bombus","Bombus hypnorum",4.07
"Apidae",NA,NA,"Bombus","Bombus hypocrita",5.4
"Apidae",NA,NA,"Bombus","Bombus hypocrita hypocrita",5.4
"Apidae",NA,NA,"Bombus","Bombus ignitus",6.3
"Apidae",NA,NA,"Bombus","Bombus impatiens",3.38
"Apidae",NA,NA,"Bombus","Bombus impatiens",4.42
"Apidae","Apidae",NA,"Bombus","Bombus jonellus",5.08
"Apidae","Apidae",NA,"Bombus","Bombus lapidarius",4.28
"Apidae","Apidae",NA,"Bombus","Bombus lucorum",4.28
NA,NA,NA,NA,"Bombus morio",5
"Apidae","Apidae",NA,"Bombus","Bombus muscorum",4.21
"Apidae",NA,NA,"Bombus","Bombus nevadensis",5.06
"Apidae",NA,NA,"Bombus","Bombus occidentalis",3.89
"Apidae","Apidae",NA,"Bombus","Bombus pascuorum",3.91
"Apidae",NA,NA,"Bombus","Bombus pennsylvanicus",6
"Apidae","Apidae",NA,"Bombus","Bombus pratorum",4.03
"Apidae",NA,NA,"Bombus","Bombus ridingsii",5.44
"Apidae","Apidae",NA,"Bombus","Bombus ruderatus",5.04
"Apidae","Apidae",NA,"Bombus","Bombus rupestris",5.62
"Apidae","Apidae",NA,"Bombus","Bombus soroeensis",3.98
"Apidae","Apidae",NA,"Bombus","Bombus terrestris",4.69
"Apidae",NA,NA,"Bombus","Bombus terrestris lucorum",4.78
"Apidae",NA,NA,"Bombus","Bombus vagans",3.56
"Colletidae",NA,NA,"Cadeguala","Cadeguala occidentalis",3.3
"Andrenidae",NA,NA,"Calliopsis","Calliopsis andreniformis",1.36
"Andrenidae",NA,NA,"Calliopsis","Calliopsis coloradensis",1.65
"Apidae",NA,"Apidae","Centris","Centris aenea",4.7
"Apidae",NA,NA,"Centris","Centris caxiensis",4.2
"Apidae",NA,NA,"Centris","Centris cineraria",5.108
"Apidae",NA,"Apidae","Centris","Centris flavifrons",5.5
"Apidae",NA,"Apidae","Centris","Centris fuscata",4.8
"Apidae",NA,NA,"Centris","Centris nigerrima",4.836
"Apidae",NA,"Apidae","Centris","Centris obsoleta",6.5
"Apidae",NA,"Apidae","Centris","Centris tarsata",3
"Apidae",NA,"Apidae","Centris","Centris trigonoides",3
NA,NA,NA,NA,"Ceratina acuta",1.55
NA,NA,NA,NA,"Ceratina bispinosa",1
"Apidae",NA,NA,"Ceratina","Ceratina calcarata",1.41
NA,NA,NA,NA,"Ceratina cucurbitina",1.43
"Apidae","Apidae",NA,"Ceratina","Ceratina cucurbitina",1.43
"Apidae","Apidae",NA,"Ceratina","Ceratina cyanea",1.35
NA,NA,NA,NA,"Ceratina dallatorreana",1.16
NA,NA,NA,NA,"Ceratina dentiventris",1.13
"Apidae",NA,NA,"Ceratina","Ceratina dupla",1.42
"Apidae",NA,NA,"Ceratina","Ceratina flavipes",1.71
"Apidae",NA,NA,"Ceratina","Ceratina japonica",1.22
NA,NA,NA,NA,"Ceratina loewi",1.76
NA,NA,NA,NA,"Ceratina mocsaryi",1.82
"Apidae","Apidae",NA,"Ceratina","Ceratina nigrolabiata",1.33
"Apidae",NA,NA,"Ceratina","Ceratina okinawana",1.41
NA,NA,NA,NA,"Ceratina parvula",0.77
"Megachilidae",NA,NA,"Chelostoma","Chelostoma appendiculatum",0.95
NA,NA,NA,NA,"Chelostoma campanularum",1
NA,NA,NA,NA,"Chelostoma emarginatum",1.13
NA,NA,NA,NA,"Chelostoma hellenicum",0.96
"Colletidae","Colletidae",NA,"Colletes","Colletes acutus",2.78
"Colletidae",NA,NA,"Colletes","Colletes araucariae",2.417
NA,NA,NA,NA,"Colletes caspicus",3.24
"Colletidae",NA,NA,"Colletes","Colletes compactus",3.143
"Colletidae","Colletidae",NA,"Colletes","Colletes cunicularius",3.33
NA,NA,NA,NA,"Colletes dimidiatus",3.84
NA,NA,NA,NA,"Colletes eous",2.63
"Colletidae","Colletidae",NA,"Colletes","Colletes fodiens",2.46
NA,NA,NA,NA,"Colletes foveolaris",2.59
"Colletidae",NA,NA,"Colletes","Colletes kincaidi",1.97
"Colletidae","Colletidae",NA,"Colletes","Colletes similis",2.41
"Colletidae","Colletidae",NA,"Colletes","Colletes succinctus",2.99
"Colletidae",NA,NA,"Colletes","Colletes succintus",3
"Melittidae","Melittidae",NA,"","Dasypoda cingulata",3.44
NA,NA,NA,NA,"Dasypoda iberica",2.9
"Colletidae",NA,NA,"Diphaglossa","Diphaglossa gayi",2.11
NA,NA,NA,NA,"Eoanthidium insulare",2.4
NA,NA,NA,NA,"Epeolus fallax",2.51
NA,NA,NA,NA,"Eucera albofasciata",2.91
NA,NA,NA,NA,"Eucera bidentata",2.19
"Apidae","Apidae",NA,"Eucera","Eucera clypeata",3.05
NA,NA,NA,NA,"Eucera furfurea",3.28
NA,NA,NA,NA,"Eucera gracilipes",3.84
"Apidae",NA,NA,"Eucera","Eucera nigrescens contraria",3.34
"Apidae",NA,NA,"Eucera","Eucera nigrilabris rufitarsis",3.65
NA,NA,NA,NA,"Eucera parnassia",2.88
NA,NA,NA,NA,"Eucera punctulata",3.28
"Apidae","Apidae",NA,"Eucera","Eucera seminuda",2.91
NA,NA,NA,NA,"Euglossa chalybeata",3.6
"Apidae",NA,"Apidae","Euglossa","Euglossa cordata",3.4
NA,NA,NA,NA,"Eulaema meriana",6.8
NA,NA,NA,NA,"Eulaema nigrita",5.1
NA,NA,NA,NA,"Frieseomelitta silvestrii",1
"Apidae","Apidae",NA,"Habropoda","Habropoda tarsata",4.49
NA,NA,NA,NA,"Halictus asperulus",1.56
NA,NA,NA,NA,"Halictus brunnescens",3.07
"Halictidae",NA,NA,"Halictus","Halictus confusus",1.41
"Halictidae","Halictidae",NA,"Halictus","Halictus fulvipes",2.06
NA,NA,NA,NA,"Halictus graecus",2.58
"Halictidae","Halictidae",NA,"Halictus","Halictus quadricinctus",2.85
NA,NA,NA,NA,"Halictus resurgens",1.98
"Halictidae","Halictidae",NA,"Halictus","Halictus rubicundus",2.1
"Halictidae","Halictidae",NA,"Halictus","Halictus scabiosae",2.52
"Halictidae",NA,NA,"Halictus","Halictus smaragdulus",1.11
"Halictidae",NA,NA,"Halictus","Halictus subauratus",1.68
NA,NA,NA,NA,"Halictus tetrazonius",1.94
"Megachilidae",NA,NA,"Heriades","Heriades crenulatus",1.53
"Megachilidae",NA,NA,"Heriades","Heriades trucorum",1.64
NA,NA,NA,NA,"Hoplitis curvipes",3.11
NA,NA,NA,NA,"Hoplitis fabrei",2.29
NA,NA,NA,NA,"Hoplitis manicata",3.02
NA,NA,NA,NA,"Hoplitis pallicornis",2.44
NA,NA,NA,NA,"Hoplitis pici",2.34
"Megachilidae",NA,NA,"Hoplitis","Hoplitis producta",1.56
"Colletidae","Colletidae",NA,"Hylaeus","Hylaeus annularis",1.26
"Colletidae",NA,NA,"Hylaeus","Hylaeus basalis",1.85
NA,NA,NA,NA,"Hylaeus bifasciatus",1.75
"Colletidae","Colletidae",NA,"Hylaeus","Hylaeus brevicornis",0.98
"Colletidae","Colletidae",NA,"Hylaeus","Hylaeus imparilis",1
NA,NA,NA,NA,"Hylaeus lineolatus",1.1
NA,NA,NA,NA,"Hylaeus meridionalis",1.51
"Colletidae","Colletidae",NA,"Hylaeus","Hylaeus nigritus",1.57
NA,NA,NA,NA,"Hylaeus pictus",1.25
"Colletidae","Colletidae",NA,"Hylaeus","Hylaeus punctatus",1.23
"Colletidae","Colletidae",NA,"Hylaeus","Hylaeus signatus",1.63
"Colletidae","Colletidae",NA,"Hylaeus","Hylaeus variegatus",1.32
NA,NA,NA,NA,"Icteranthidium grohmanni",3.07
"Halictidae","Halictidae",NA,"Lasioglossum","Lasioglossum aeratum",1.08
"Halictidae","Halictidae",NA,"Lasioglossum","Lasioglossum albipes",1.59
"Halictidae","Halictidae",NA,"Lasioglossum","Lasioglossum albocinctum",2.6
NA,NA,NA,NA,"Lasioglossum anellum",1.19
"Halictidae",NA,NA,"Lasioglossum","Lasioglossum brevicome",1.38
"Halictidae","Halictidae",NA,"Lasioglossum","Lasioglossum calceatum",1.77
NA,NA,NA,NA,"Lasioglossum callizonium",2.24
NA,NA,NA,NA,"Lasioglossum chalcodes",2.27
NA,NA,NA,NA,"Lasioglossum convexiusculum",1.59
NA,NA,NA,NA,"Lasioglossum crassepunctatum",1.46
"Halictidae",NA,NA,"Lasioglossum","Lasioglossum cressonii",1.29
"Halictidae",NA,NA,"Lasioglossum","Lasioglossum ephialtum",1.2
"Halictidae","Halictidae",NA,"Lasioglossum","Lasioglossum fratellum",1.45
"Halictidae",NA,NA,"Lasioglossum","Lasioglossum fuscipenne",2.1
NA,NA,NA,NA,"Lasioglossum gorkiense",1.88
"Halictidae",NA,NA,"Lasioglossum","Lasioglossum hitchensi",1.16
"Halictidae",NA,NA,"Lasioglossum","Lasioglossum imitatum",0.98
NA,NA,NA,NA,"Lasioglossum immunitum",1.96
"Halictidae",NA,NA,"Lasioglossum","Lasioglossum laticeps hellenicum",1.47
"Halictidae","Halictidae",NA,"Lasioglossum","Lasioglossum leucopus",1.11
"Halictidae","Halictidae",NA,"Lasioglossum","Lasioglossum leucozonium",1.84
NA,NA,NA,NA,"Lasioglossum limbelloides",1.31
"Halictidae","Halictidae",NA,"Lasioglossum","Lasioglossum limbellum",1.31
"Halictidae","Halictidae",NA,"Lasioglossum","Lasioglossum lineare",1.39
NA,NA,NA,NA,"Lasioglossum littorale",1.35
NA,NA,NA,NA,"Lasioglossum loetum",1.37
"Halictidae","Halictidae",NA,"Lasioglossum","Lasioglossum lucidulum",0.78
"Halictidae",NA,NA,"Lasioglossum","Lasioglossum macoupinens",1.19
"Halictidae","Halictidae",NA,"Lasioglossum","Lasioglossum malachurum",1.57
"Halictidae","Halictidae",NA,"Lasioglossum","Lasioglossum marginatum",1.56
"Halictidae","Halictidae",NA,"Lasioglossum","Lasioglossum mediterraneum",1.61
"Halictidae","Halictidae",NA,"Lasioglossum","Lasioglossum mesosclerum",1.1
"Halictidae","Halictidae",NA,"Lasioglossum","Lasioglossum nigripes",2.15
"Halictidae",NA,NA,"Lasioglossum","Lasioglossum nitidulum fudakowskii",1.24
"Halictidae",NA,NA,"Lasioglossum","Lasioglossum oblongum",1.23
"Halictidae",NA,NA,"Lasioglossum","Lasioglossum obscurum",1.17
"Halictidae",NA,NA,"Lasioglossum","Lasioglossum occidens",2.26
"Halictidae","Halictidae",NA,"Lasioglossum","Lasioglossum pallens",1.56
"Halictidae","Halictidae",NA,"Lasioglossum","Lasioglossum pauxillum",1.18
"Halictidae","Halictidae",NA,"Lasioglossum","Lasioglossum politum",0.85
NA,NA,NA,NA,"Lasioglossum prasinum",1.76
"Halictidae",NA,NA,"Lasioglossum","Lasioglossum proximatum",2.43
"Halictidae","Halictidae",NA,"Lasioglossum","Lasioglossum punctatissimum",1.29
"Halictidae",NA,NA,"Lasioglossum","Lasioglossum pygmaeum patulum",1.14
"Halictidae","Halictidae",NA,"Lasioglossum","Lasioglossum quadrinotatum",1.59
"Halictidae",NA,NA,"Lasioglossum","Lasioglossum scitulum",2.31
NA,NA,NA,NA,"Lasioglossum sexmaculatum",1.84
NA,NA,NA,NA,"Lasioglossum sexstrigatum",1.27
"Halictidae",NA,NA,"Lasioglossum","Lasioglossum sordidum",1.29
"Halictidae",NA,NA,"Lasioglossum","Lasioglossum subopacum",2.89
"Halictidae",NA,NA,"Lasioglossum","Lasioglossum subviridatum",1.2
"Halictidae",NA,NA,"Lasioglossum","Lasioglossum tegulare",0.94
NA,NA,NA,NA,"Lasioglossum transitorium",1.24
"Halictidae","Halictidae",NA,"Lasioglossum","Lasioglossum villosulum",1.38
NA,NA,NA,NA,"Lasioglossum viride",1.76
"Halictidae","Halictidae",NA,"Lasioglossum","Lasioglossum zonulum",1.98
"Halictidae",NA,NA,"Lassioglossum","Lassioglossum fuscipenne",2.1
"Andrenidae",NA,NA,"Liphanthus","Liphanthus sabulosus",1.237
"Apidae",NA,NA,"Manuelia","Manuelia gayi",1.8
"Apidae",NA,NA,"Manuelia","Manuelia postica",1.7
NA,NA,NA,NA,"Megachile canariensis",3.07
"Megachilidae",NA,NA,"Megachile","Megachile gemula albula",3.62
NA,NA,NA,NA,"Megachile leachella",2.7
NA,NA,NA,NA,"Megachile maritima",3.78
"Megachilidae",NA,NA,"Megachile","Megachile mendica",3.3
"Megachilidae",NA,NA,"Megachile","Megachile pilidens",2.67
"Megachilidae",NA,NA,"Megachile","Megachile relativa",2.68
"Megachilidae",NA,NA,"Megachile","Megachile semirufa",4.19
"Megachilidae",NA,NA,"Megachile","Megachile texana",3.65
"Megachilidae","Megachilidae",NA,"Megachile","Megachile versicolor",3.3
"Megachilidae","Megachilidae",NA,"Megachile","Megachile willughbiella",3.41
NA,NA,NA,NA,"Melecta curvispina",3
NA,NA,NA,NA,"Melecta tuberculata",3.5
NA,NA,NA,NA,"Melipona quadrifasciata",3
"Apidae",NA,NA,"Melissodes","Melissodes agilis",3.24
"Apidae",NA,NA,"Melissodes","Melissodes coreopsis",2.6
NA,NA,NA,NA,"Nomada babiyi",0.87
NA,NA,NA,NA,"Nomada basalis",1.77
NA,NA,NA,NA,"Nomada corcyraea",1.29
NA,NA,NA,NA,"Nomada distinguenda",1.07
NA,NA,NA,NA,"Nomada eos",1.75
NA,NA,NA,NA,"Nomada erythrocephala",1.58
NA,NA,NA,NA,"Nomada femoralis",1.63
NA,NA,NA,NA,"Nomada flava",1.86
NA,NA,NA,NA,"Nomada fucata",1.88
NA,NA,NA,NA,"Nomada imperialis",2.55
NA,NA,NA,NA,"Nomada lucidula",2.43
NA,NA,NA,NA,"Nomada mavromoustakisi",0.84
NA,NA,NA,NA,"Nomada mutabilis",1.72
NA,NA,NA,NA,"Nomada panzeri",1.63
NA,NA,NA,NA,"Nomada propinqua",1.74
NA,NA,NA,NA,"Nomada ruficornis",1.79
NA,NA,NA,NA,"Nomada rufipes",1.45
NA,NA,NA,NA,"Nomada trispinosa",1.64
NA,NA,NA,NA,"Nomioides facilis",0.8
NA,NA,NA,NA,"Osmia apicata",3.24
"Megachilidae",NA,NA,"Osmia","Osmia atriventris",2.08
"Megachilidae","Megachilidae",NA,"Osmia","Osmia aurulenta",2.92
"Megachilidae",NA,NA,"Osmia","Osmia bruneri",2.1
"Megachilidae","Megachilidae",NA,"Osmia","Osmia caerulescens",2.37
"Megachilidae",NA,NA,"Osmia","Osmia collinsiae",2.7
"Megachilidae",NA,NA,"Osmia","Osmia lignaria",2.9
"Megachilidae","Megachilidae",NA,"Osmia","Osmia melanogaster",2.66
NA,NA,NA,NA,"Osmia moreensis",2.18
NA,NA,NA,NA,"Osmia mustelina",3.92
NA,NA,NA,NA,"Osmia nana",1.35
"Megachilidae",NA,NA,"Osmia","Osmia nigrifrons",2.43
"Megachilidae",NA,NA,"Osmia","Osmia pentstemonis",1.75
"Megachilidae",NA,NA,"Osmia","Osmia proxima",2.16
"Megachilidae",NA,NA,"Osmia","Osmia pumila",1.9
"Megachilidae",NA,NA,"Osmia","Osmia pusilla",1.58
NA,NA,NA,NA,"Osmia signata",2.71
"Megachilidae",NA,NA,"Osmia","Osmia simillima",2.53
NA,NA,NA,NA,"Osmia subcornuta",2.41
NA,NA,NA,NA,"Osmia versicolor",1.78
"Apidae",NA,NA,"Peponapis","Peponapis pruinosa",3.16
"Halictidae",NA,NA,"Pseudapis","Pseudapis diversipes",1.78
NA,NA,NA,NA,"Pseudoanthidium alpinum",2.14
"Apidae",NA,NA,"Pyrobombus","Pyrobombus impatiens",4.42
"Apidae",NA,NA,"Pyrobombus","Pyrobombus ternarius",3.17
NA,NA,NA,NA,"Rhodanthidium caturigense",2.82
"Megachilidae","Megachilidae",NA,"Rhodanthidium","Rhodanthidium septemdentatum",3.38
"Halictidae","Halictidae",NA,"Rophites","Rophites quinquespinosus",2.28
"Halictidae",NA,NA,"Ruizantheda","Ruizantheda mutabilis",1.68
NA,NA,NA,NA,"Sphecodes ephippius",1.53
NA,NA,NA,NA,"Sphecodes geoffrellus",1.07
NA,NA,NA,NA,"Sphecodes hirtellus",1.02
NA,NA,NA,NA,"Sphecodes marginatus",1.01
NA,NA,NA,NA,"Sphecodes pellucidus",1.74
NA,NA,NA,NA,"Sphecodes ruficrus",1.56
NA,NA,NA,NA,"Stelis punctulatissima",2.58
NA,NA,NA,NA,"Stelis signata",1.99
"Halictidae","Halictidae",NA,"Systropha","Systropha planidens",2.12
NA,NA,NA,NA,"Thyreus histrionicus",3.05
NA,NA,NA,NA,"Thyreus ramosus",2.37
NA,NA,NA,NA,"Thyreus truncatus",2.5
NA,NA,NA,NA,"Trigona fulviventris",1.4
NA,NA,NA,NA,"Trigona spinipes",1.8
"Apidae","Apidae",NA,"Xylocopa","Xylocopa cantabrita",5.62
"Apidae",NA,"Apidae","Xylocopa","Xylocopa grisescens",7.7
"Apidae","Apidae",NA,"Xylocopa","Xylocopa iris",4.34
"Apidae","Apidae",NA,"Xylocopa","Xylocopa violacea",6.67
"Apidae",NA,NA,"Xylocopa","Xylocopa virginica virginica",5.64
