"sp.armonizado","ID","Grado","Grado_max","Grado_relativo","Z_Grado","Family","Genus","DIT.final"
"Agapostemon splendens","M_005",4,37,0.108108108108108,-0.213872736232715,"Halictidae","Agapostemon",2.38
"Agapostemon splendens","M_062",1,121,0.00826446280991736,-0.70653148633059,"Halictidae","Agapostemon",2.38
"Agapostemon texanus","M_062",121,121,1,4.80121606008558,"Halictidae","Agapostemon",2.04
"Agapostemon virescens","M_073",1,21,0.0476190476190476,-0.593819839019529,"Halictidae","Agapostemon",2.308
"Alloscirtetica gayi","M_001",2,16,0.125,-0.438753804794369,"Apidae","Alloscirtetica",3.102
"Alloscirtetica rufitarsis","M_002",1,8,0.125,-0.755704334827634,"Apidae","Alloscirtetica",3.36
"Alloscirtetica rufitarsis","M_001",3,16,0.1875,-0.19712127461776,"Apidae","Alloscirtetica",3.36
"Amegilla albigena","M_015",14,38,0.368421052631579,1.50701468617878,"Apidae","Amegilla",3.12
"Amegilla canifrons","M_050",2,8,0.25,-0.834057656228299,"Apidae","Amegilla",5.38
"Amegilla canifrons","M_039",5,13,0.384615384615385,-0.15735745936194,"Apidae","Amegilla",5.38
"Amegilla fasciata","M_016",4,9,0.444444444444444,0.633392237243986,"Apidae","Amegilla",3.95
"Amegilla garrula","M_015",1,38,0.0263157894736842,-0.65770775023244,"Apidae","Amegilla",4.45
"Amegilla ochroleuca","M_015",2,38,0.0526315789473684,-0.491190639739269,"Apidae","Amegilla",3.82
"Amegilla quadrifasciata","M_016",2,9,0.222222222222222,-0.273899345835237,"Apidae","Amegilla",4.02
"Amegilla quadrifasciata","M_039",3,13,0.230769230769231,-0.606950200396053,"Apidae","Amegilla",4.02
"Amegilla quadrifasciata","M_015",7,38,0.184210526315789,0.341394912726585,"Apidae","Amegilla",4.02
"Amegilla quadrifasciata","M_050",3,8,0.375,-0.41702882811415,"Apidae","Amegilla",4.02
"Amegilla savignyi","M_015",1,38,0.0263157894736842,-0.65770775023244,"Apidae","Amegilla",3.86
"Ammobates oraniensis","M_015",2,38,0.0526315789473684,-0.491190639739269,"Apidae","Ammobates",2.1
"Andrena alfkenella","M_015",2,38,0.0526315789473684,-0.491190639739269,"Andrenidae","Andrena",1.47
"Andrena alleghaniensis","M_033",3,11,0.272727272727273,-1.29068932937447,"Andrenidae","Andrena",1.44
"Andrena arabis","M_025",1,7,0.142857142857143,-1.05362781094266,"Andrenidae","Andrena",2.1
"Andrena arabis","M_062",4,121,0.0330578512396694,-0.568837797670186,"Andrenidae","Andrena",2.1
"Andrena assimilis","M_016",1,9,0.111111111111111,-0.727545137374849,"Andrenidae","Andrena",3.29
"Andrena athenensis","M_015",1,38,0.0263157894736842,-0.65770775023244,"Andrenidae","Andrena",2.3
"Andrena barbilabris","M_005",1,37,0.027027027027027,-0.650347708136215,"Andrenidae","Andrena",2.32
"Andrena barbilabris","M_047",1,8,0.125,-0.742520131897348,"Andrenidae","Andrena",2.32
"Andrena bicolor","M_016",1,9,0.111111111111111,-0.727545137374849,"Andrenidae","Andrena",2.01
"Andrena bicolor","M_015",3,38,0.0789473684210526,-0.324673529246099,"Andrenidae","Andrena",2.01
"Andrena bicolorata","M_015",1,38,0.0263157894736842,-0.65770775023244,"Andrenidae","Andrena",2.83
"Andrena bimaculata","M_016",1,9,0.111111111111111,-0.727545137374849,"Andrenidae","Andrena",2.71
"Andrena canohirta","M_015",4,38,0.105263157894737,-0.158156418752928,"Andrenidae","Andrena",1.5
"Andrena carlini","M_032",4,4,1,1.93358892421225,"Andrenidae","Andrena",2.9
"Andrena carlini","M_033",5,11,0.454545454545455,-0.409242958094345,"Andrenidae","Andrena",2.9
"Andrena carlini","M_062",59,121,0.487603305785124,1.95554649443722,"Andrenidae","Andrena",2.9
"Andrena carlini","M_025",7,7,1,1.79561922709946,"Andrenidae","Andrena",2.9
"Andrena carolina","M_033",4,11,0.363636363636364,-0.849966143734408,"Andrenidae","Andrena",2.09
"Andrena chrysosceles","M_007",1,10,0.1,-0.604538515437949,"Andrenidae","Andrena",1.87
"Andrena cinereophila","M_015",1,38,0.0263157894736842,-0.65770775023244,"Andrenidae","Andrena",1.99
"Andrena clarkella","M_047",2,8,0.25,-0.26518576139191,"Andrenidae","Andrena",2.97
"Andrena combaella","M_015",1,38,0.0263157894736842,-0.65770775023244,"Andrenidae","Andrena",2.12
"Andrena concinna","M_015",3,38,0.0789473684210526,-0.324673529246099,"Andrenidae","Andrena",2.67
"Andrena crassana","M_015",4,38,0.105263157894737,-0.158156418752928,"Andrenidae","Andrena",1.45
"Andrena crataegi","M_005",9,37,0.243243243243243,0.513585550273118,"Andrenidae","Andrena",1.81
"Andrena cressoni","M_032",2,4,0.5,0.197304992266556,"Andrenidae","Andrena",2.06
"Andrena distinguenda","M_015",4,38,0.105263157894737,-0.158156418752928,"Andrenidae","Andrena",1.56
"Andrena dunningi","M_025",1,7,0.142857142857143,-1.05362781094266,"Andrenidae","Andrena",2.64
"Andrena erigeniae","M_025",4,7,0.571428571428571,0.370995708078401,"Andrenidae","Andrena",2.1
"Andrena flavipes","M_015",16,38,0.421052631578947,1.84004890716512,"Andrenidae","Andrena",2.36
"Andrena forbesii","M_032",3,4,0.75,1.0654469582394,"Andrenidae","Andrena",2.2
"Andrena fulva","M_047",3,8,0.375,0.212148609113528,"Andrenidae","Andrena",2.72
"Andrena fulvitarsis","M_015",1,38,0.0263157894736842,-0.65770775023244,"Andrenidae","Andrena",2
"Andrena fuscipes","M_047",1,8,0.125,-0.742520131897348,"Andrenidae","Andrena",2.21
"Andrena grossella","M_015",3,38,0.0789473684210526,-0.324673529246099,"Andrenidae","Andrena",2.28
"Andrena haemorrhoa","M_006",3,10,0.3,-0.174504949503245,"Andrenidae","Andrena",2.49
"Andrena haemorrhoa","M_047",5,8,0.625,1.1668173501244,"Andrenidae","Andrena",2.49
"Andrena haemorrhoa japonibia","M_021",1,25,0.04,-0.570567593827875,"Andrenidae","Andrena",2.54
"Andrena hattorfiana","M_015",7,38,0.184210526315789,0.341394912726585,"Andrenidae","Andrena",2.71
"Andrena hesperia","M_015",7,38,0.184210526315789,0.341394912726585,"Andrenidae","Andrena",1.92
"Andrena hispania","M_016",4,9,0.444444444444444,0.633392237243986,"Andrenidae","Andrena",2.95
"Andrena humilis","M_015",19,38,0.5,2.33960023864463,"Andrenidae","Andrena",2.25
"Andrena hyemala","M_015",1,38,0.0263157894736842,-0.65770775023244,"Andrenidae","Andrena",1.27
"Andrena imitatrix","M_073",1,21,0.0476190476190476,-0.593819839019529,"Andrenidae","Andrena",4.49
"Andrena imitatrix","M_005",1,37,0.027027027027027,-0.650347708136215,"Andrenidae","Andrena",4.49
"Andrena impunctata","M_015",1,38,0.0263157894736842,-0.65770775023244,"Andrenidae","Andrena",1.24
"Andrena japonica","M_054",2,24,0.0833333333333333,-0.36460910259625,"Andrenidae","Andrena",1.22
"Andrena japonicum","M_055",1,12,0.0833333333333333,-0.725052335305738,"Andrenidae","Andrena",1.22
"Andrena kriechbaumeri","M_015",3,38,0.0789473684210526,-0.324673529246099,"Andrenidae","Andrena",2.1
"Andrena lamiana","M_015",6,38,0.157894736842105,0.174877802233414,"Andrenidae","Andrena",1.31
"Andrena lapponica","M_047",2,8,0.25,-0.26518576139191,"Andrenidae","Andrena",2.54
"Andrena lapponica","M_056",3,22,0.136363636363636,-0.360919119913044,"Andrenidae","Andrena",2.54
"Andrena longitibialis","M_053",4,15,0.266666666666667,0.210474001292354,"Andrenidae","Andrena",1.59
"Andrena longitibialis","M_056",1,22,0.0454545454545455,-0.667453166962479,"Andrenidae","Andrena",1.59
"Andrena longitibialis","M_021",1,25,0.04,-0.570567593827875,"Andrenidae","Andrena",1.59
"Andrena mandibularis","M_062",9,121,0.0743801652892562,-0.339348316569512,"Andrenidae","Andrena",1.87
"Andrena mandibularis","M_033",6,11,0.545454545454545,0.0314802275457187,"Andrenidae","Andrena",1.87
"Andrena melanochroa","M_004",1,8,0.125,-0.574800907851677,"Andrenidae","Andrena",1.7
"Andrena minutula","M_021",4,25,0.16,-0.0387764384154867,"Andrenidae","Andrena",1.42
"Andrena minutula","M_057",11,37,0.297297297297297,0.786358076076142,"Andrenidae","Andrena",1.42
"Andrena minutula","M_053",2,15,0.133333333333333,-0.371424708162977,"Andrenidae","Andrena",1.42
"Andrena miranda","M_004",2,8,0.25,-0.0359250567407299,"Andrenidae","Andrena",1.9
"Andrena miserabilis","M_032",2,4,0.5,0.197304992266556,"Andrenidae","Andrena",1.7
"Andrena mocsaryi","M_015",12,38,0.315789473684211,1.17398046519244,"Andrenidae","Andrena",2.19
"Andrena mucronata","M_015",6,38,0.157894736842105,0.174877802233414,"Andrenidae","Andrena",2.84
"Andrena nana","M_015",1,38,0.0263157894736842,-0.65770775023244,"Andrenidae","Andrena",1.64
"Andrena nasonii","M_025",3,7,0.428571428571429,-0.103878798261952,"Andrenidae","Andrena",1.59
"Andrena nigroaenea","M_016",2,9,0.222222222222222,-0.273899345835237,"Andrenidae","Andrena",2.84
"Andrena nigroaenea","M_015",6,38,0.157894736842105,0.174877802233414,"Andrenidae","Andrena",2.84
"Andrena nigroaenea","M_047",3,8,0.375,0.212148609113528,"Andrenidae","Andrena",2.84
"Andrena nitida","M_006",2,10,0.2,-0.473656291508807,"Andrenidae","Andrena",2.9
"Andrena nitida","M_007",1,10,0.1,-0.604538515437949,"Andrenidae","Andrena",2.9
"Andrena nivalis","M_004",2,8,0.25,-0.0359250567407299,"Andrenidae","Andrena",2.69
"Andrena nobilis","M_015",2,38,0.0526315789473684,-0.491190639739269,"Andrenidae","Andrena",2.66
"Andrena nubecula","M_062",1,121,0.00826446280991736,-0.70653148633059,"Andrenidae","Andrena",1.17
"Andrena optata","M_015",2,38,0.0526315789473684,-0.491190639739269,"Andrenidae","Andrena",2.37
"Andrena oralis","M_015",2,38,0.0526315789473684,-0.491190639739269,"Andrenidae","Andrena",1.96
"Andrena panurgimorpha","M_015",1,38,0.0263157894736842,-0.65770775023244,"Andrenidae","Andrena",1.98
"Andrena panurgina","M_015",1,38,0.0263157894736842,-0.65770775023244,"Andrenidae","Andrena",1.69
"Andrena personata","M_025",1,7,0.142857142857143,-1.05362781094266,"Andrenidae","Andrena",1.2
"Andrena personata","M_062",3,121,0.0247933884297521,-0.614735693890321,"Andrenidae","Andrena",1.2
"Andrena personata","M_032",1,4,0.25,-0.67083697370629,"Andrenidae","Andrena",1.2
"Andrena pilipes","M_015",8,38,0.210526315789474,0.507912023219755,"Andrenidae","Andrena",3.21
"Andrena pruni","M_062",83,121,0.685950413223141,3.05709600372046,"Andrenidae","Andrena",2.5
"Andrena rugosa","M_032",3,4,0.75,1.0654469582394,"Andrenidae","Andrena",2.07
"Andrena rugothorace","M_015",17,38,0.447368421052632,2.00656601765829,"Andrenidae","Andrena",1.45
"Andrena schmiedeknechti","M_015",6,38,0.157894736842105,0.174877802233414,"Andrenidae","Andrena",2.56
"Andrena schulzi","M_015",13,38,0.342105263157895,1.34049757568561,"Andrenidae","Andrena",1.32
"Andrena scita","M_015",1,38,0.0263157894736842,-0.65770775023244,"Andrenidae","Andrena",2.9
"Andrena simontornyella","M_015",2,38,0.0526315789473684,-0.491190639739269,"Andrenidae","Andrena",1.38
"Andrena spiraeana","M_062",71,121,0.586776859504132,2.50632124907884,"Andrenidae","Andrena",1.94
"Andrena spiraeana","M_073",1,21,0.0476190476190476,-0.593819839019529,"Andrenidae","Andrena",1.94
"Andrena subopaca","M_057",1,37,0.027027027027027,-0.526844277609662,"Andrenidae","Andrena",1.39
"Andrena taraxaci","M_053",2,15,0.133333333333333,-0.371424708162977,"Andrenidae","Andrena",2.17
"Andrena taraxaci","M_015",2,38,0.0526315789473684,-0.491190639739269,"Andrenidae","Andrena",2.17
"Andrena tarsata","M_047",1,8,0.125,-0.742520131897348,"Andrenidae","Andrena",1.71
"Andrena tomora","M_015",2,38,0.0526315789473684,-0.491190639739269,"Andrenidae","Andrena",1.38
"Andrena truncatilabris","M_015",4,38,0.105263157894737,-0.158156418752928,"Andrenidae","Andrena",2.27
"Andrena ventricosa","M_015",4,38,0.105263157894737,-0.158156418752928,"Andrenidae","Andrena",1.72
"Andrena vicina","M_005",10,37,0.27027027027027,0.659077207574285,"Andrenidae","Andrena",2.54
"Andrena vicina","M_033",8,11,0.727272727272727,0.912926598825845,"Andrenidae","Andrena",2.54
"Andrena vicina","M_073",1,21,0.0476190476190476,-0.593819839019529,"Andrenidae","Andrena",2.54
"Andrena villipes","M_016",2,9,0.222222222222222,-0.273899345835237,"Andrenidae","Andrena",2.71
"Andrena violae","M_025",1,7,0.142857142857143,-1.05362781094266,"Andrenidae","Andrena",2.3
"Andrena vulcana","M_039",1,13,0.0769230769230769,-1.05654294143017,"Andrenidae","Andrena",2.83
"Andrena w scripta","M_004",2,8,0.25,-0.0359250567407299,"Andrenidae","Andrena",1.74
"Andrena westensis","M_015",8,38,0.210526315789474,0.507912023219755,"Andrenidae","Andrena",2.3
"Andrena wilkella","M_004",1,8,0.125,-0.574800907851677,"Andrenidae","Andrena",2.36
"Andrena wilkella","M_047",1,8,0.125,-0.742520131897348,"Andrenidae","Andrena",2.36
"Andrena wilkella","M_006",5,10,0.5,0.42379773450788,"Andrenidae","Andrena",2.36
"Andrena wollastoni","M_008",2,6,0.333333333333333,-0.738112322163063,"Andrenidae","Andrena",1.5
"Anthidium chilensis","M_001",8,16,0.5,1.01104137626528,"Megachilidae","Anthidium",1.2
"Anthidium chubuti","M_022",3,7,0.428571428571429,0,"Megachilidae","Anthidium",3.69
"Anthidium dalmaticum","M_015",1,38,0.0263157894736842,-0.65770775023244,"Megachilidae","Anthidium",3.02
"Anthidium decaspilum","M_001",4,16,0.25,0.044511255558849,"Megachilidae","Anthidium",3.2
"Anthidium florentinum","M_015",7,38,0.184210526315789,0.341394912726585,"Megachilidae","Anthidium",3.92
"Anthidium funereum","M_001",7,16,0.4375,0.769408846088676,"Megachilidae","Anthidium",3.2
"Anthidium funereum","M_002",3,8,0.375,0.130293850832351,"Megachilidae","Anthidium",3.2
"Anthidium manicatum","M_015",1,38,0.0263157894736842,-0.65770775023244,"Megachilidae","Anthidium",3.51
"Anthidium manicatum","M_008",1,6,0.166666666666667,-1.36266890245489,"Megachilidae","Anthidium",3.51
"Anthidium septemspinosum","M_054",3,24,0.125,-0.163562961912336,"Megachilidae","Anthidium",3.5
"Anthidium taeniatum","M_015",2,38,0.0526315789473684,-0.491190639739269,"Megachilidae","Anthidium",2.56
"Anthidium undulatum","M_015",1,38,0.0263157894736842,-0.65770775023244,"Megachilidae","Anthidium",2.57
"Anthophora abrupta","M_073",2,21,0.0952380952380952,-0.382110157282132,"Andrenidae","Anthophora",3.9
"Anthophora alluaudi","M_008",6,6,1,1.76011399900423,"Apidae","Anthophora",4.16
"Anthophora alluaudi","M_039",6,13,0.461538461538462,0.0674389111551169,"Apidae","Anthophora",4.16
"Anthophora alluaudi","M_050",1,8,0.125,-1.25108648434245,"Apidae","Anthophora",4.16
"Anthophora alluaudi","M_012",8,8,1,2.26825924444275,"Apidae","Anthophora",4.16
"Anthophora atroalba","M_015",8,38,0.210526315789474,0.507912023219755,"Apidae","Anthophora",3.88
"Anthophora canescens","M_015",2,38,0.0526315789473684,-0.491190639739269,"Apidae","Anthophora",4.78
"Anthophora dispar","M_016",2,9,0.222222222222222,-0.273899345835237,"Apidae","Anthophora",4.36
"Anthophora dufourii","M_015",4,38,0.105263157894737,-0.158156418752928,"Apidae","Anthophora",4.49
"Anthophora incerta","M_001",3,16,0.1875,-0.19712127461776,"Apidae","Anthophora",4.13
"Anthophora orotavae","M_039",5,13,0.384615384615385,-0.15735745936194,"Apidae","Anthophora",3.12
"Anthophora orotavae","M_050",3,8,0.375,-0.41702882811415,"Apidae","Anthophora",3.12
"Anthophora plumipes","M_015",5,38,0.131578947368421,0.00836069174024294,"Apidae","Anthophora",4.26
"Anthophora plumipes","M_007",1,10,0.1,-0.604538515437949,"Apidae","Anthophora",4.26
"Anthophora quadricolor","M_005",3,37,0.0810810810810811,-0.359364393533881,"Apidae","Anthophora",4.12
"Anthophora retusa","M_015",1,38,0.0263157894736842,-0.65770775023244,"Apidae","Anthophora",3.73
"Apis cerana","M_055",6,12,0.5,0.970634577909295,"Apidae","Apis",2.38
"Apis cerana","M_044",3,21,0.142857142857143,-0.288240634054852,"Apidae","Apis",2.38
"Apis cerana","M_053",2,15,0.133333333333333,-0.371424708162977,"Apidae","Apis",2.38
"Apis cerana","M_021",11,25,0.44,1.20206959088009,"Apidae","Apis",2.38
"Apis cerana japonica","M_057",17,37,0.459459459459459,1.57427948828762,"Apidae","Apis",2.38
"Apis cerana japonica","M_054",23,24,0.958333333333333,3.85735985176593,"Apidae","Apis",2.38
"Ashmeadiella bucconis","M_062",42,121,0.347107438016529,1.17528225869493,"Megachilidae","Ashmeadiella",1.78
"Augochlora pura","M_032",1,4,0.25,-0.67083697370629,"Halictidae","Augochlora",1.64
"Augochlora pura","M_025",4,7,0.571428571428571,0.370995708078401,"Halictidae","Augochlora",1.64
"Augochlora pura","M_073",21,21,1,3.64037379572842,"Halictidae","Augochlora",1.64
"Augochlorella aurata","M_073",10,21,0.476190476190476,1.31156729661705,"Halictidae","Augochlorella",1.405
"Bombus alpinus","M_009",1,1,1,NA,"Apidae","Bombus",3.89
"Bombus ardens","M_053",9,15,0.6,1.66522077493068,"Apidae","Bombus",4.98
"Bombus ardens","M_054",8,24,0.333333333333333,0.841667741507231,"Apidae","Bombus",4.98
"Bombus ardens","M_056",12,22,0.545454545454545,1.01848409180941,"Apidae","Bombus",4.98
"Bombus ardens","M_021",8,25,0.32,0.670278435467698,"Apidae","Bombus",4.98
"Bombus ardens","M_057",14,37,0.378378378378378,1.18031878218188,"Apidae","Bombus",4.98
"Bombus argillaceus","M_015",11,38,0.289473684210526,1.00746335469927,"Apidae","Bombus",4.71
"Bombus atratus","M_072",1,66,0.0151515151515152,-0.607086250524498,"Apidae","Bombus",5.66
"Bombus atratus","M_031",6,13,0.461538461538462,0.321661414259494,"Apidae","Bombus",5.66
"Bombus bifarius","M_005",21,37,0.567567567567568,2.25948543788712,"Apidae","Bombus",2.89
"Bombus bimaculatus","M_025",7,7,1,1.79561922709946,"Apidae","Bombus",4.07
"Bombus bimaculatus","M_073",5,21,0.238095238095238,0.25301888793006,"Apidae","Bombus",4.07
"Bombus bohemicus","M_047",4,8,0.5,0.689482979618966,"Apidae","Bombus",4.86
"Bombus bohemicus","M_018",1,15,0.0666666666666667,-0.766553381172933,"Apidae","Bombus",4.86
"Bombus bohemicus","M_037",1,4,0.25,-0.923132662754102,"Apidae","Bombus",4.86
"Bombus brasiliensis","M_074",1,1,1,NA,"Apidae","Bombus",4.4
"Bombus brevivillus","M_076",1,12,0.0833333333333333,-0.765707427099428,"Apidae","Bombus",4.5
"Bombus campestris","M_018",2,15,0.133333333333333,-0.538659132716115,"Apidae","Bombus",4.66
"Bombus campestris","M_043",2,10,0.2,-0.474341649025257,"Apidae","Bombus",4.66
"Bombus centralis","M_005",5,37,0.135135135135135,-0.0683810789315483,"Apidae","Bombus",3.06
"Bombus consobrinus","M_056",13,22,0.590909090909091,1.17175111533413,"Apidae","Bombus",3.68
"Bombus cryptarum","M_047",1,8,0.125,-0.742520131897348,"Apidae","Bombus",4.25
"Bombus dahlbomii","M_001",7,16,0.4375,0.769408846088676,"Apidae","Bombus",6.055
"Bombus dahlbomii","M_034",21,21,1,2.46072123807387,"Apidae","Bombus",6.055
"Bombus dahlbomii","M_051",10,10,1,3.42533112995411,"Apidae","Bombus",6.055
"Bombus dahlbomii","M_003",3,7,0.428571428571429,-0.198679853559757,"Apidae","Bombus",6.055
"Bombus dahlbomii","M_002",8,8,1,2.34528931498231,"Apidae","Bombus",6.055
"Bombus diversus","M_053",13,15,0.866666666666667,2.82901819384134,"Apidae","Bombus",5.445
"Bombus diversus","M_055",5,12,0.416666666666667,0.631497195266288,"Apidae","Bombus",5.445
"Bombus diversus","M_056",14,22,0.636363636363636,1.32501813885885,"Apidae","Bombus",5.445
"Bombus diversus diversus","M_057",37,37,1,4.20068419565923,"Apidae","Bombus",5.14
"Bombus diversus diversus","M_021",25,25,1,3.68376164947123,"Apidae","Bombus",5.14
"Bombus diversus diversus","M_054",2,24,0.0833333333333333,-0.36460910259625,"Apidae","Bombus",5.14
"Bombus fervidus","M_005",6,37,0.162162162162162,0.0771105783696183,"Apidae","Bombus",3.48
"Bombus flavifrons","M_005",16,37,0.432432432432432,1.53202715138128,"Apidae","Bombus",2.89
"Bombus griseocollis","M_073",6,21,0.285714285714286,0.464728569667458,"Apidae","Bombus",4.87
"Bombus griseocollis","M_032",4,4,1,1.93358892421225,"Apidae","Bombus",4.87
"Bombus honshuensis","M_056",20,22,0.909090909090909,2.24462028000715,"Apidae","Bombus",6.1
"Bombus honshuensis","M_057",8,37,0.216216216216216,0.392397369970401,"Apidae","Bombus",6.1
"Bombus honshuensis","M_021",25,25,1,3.68376164947123,"Apidae","Bombus",6.1
"Bombus hortorum","M_007",1,10,0.1,-0.604538515437949,"Apidae","Bombus",4.54
"Bombus hortorum","M_018",8,15,0.533333333333333,0.828706358024792,"Apidae","Bombus",4.54
"Bombus hortorum","M_043",7,10,0.7,1.21973566892209,"Apidae","Bombus",4.54
"Bombus hortorum","M_006",5,10,0.5,0.42379773450788,"Apidae","Bombus",4.54
"Bombus hortorum","M_038",2,2,1,NA,"Apidae","Bombus",4.54
"Bombus hortorum","M_049",2,11,0.181818181818182,-0.669756167934072,"Apidae","Bombus",4.54
"Bombus hortotum","M_028",3,10,0.3,-0.104721582772288,"Apidae","Bombus",4.74
"Bombus hunti","M_005",30,37,0.810810810810811,3.56891035359762,"Apidae","Bombus",5.13
"Bombus hyperboreus","M_009",1,1,1,NA,"Apidae","Bombus",7.6
"Bombus hyperboreus","M_014",1,10,0.1,-0.707106781186548,"Apidae","Bombus",7.6
"Bombus hypnorum","M_049",2,11,0.181818181818182,-0.669756167934072,"Apidae","Bombus",4.07
"Bombus hypocrita","M_055",1,12,0.0833333333333333,-0.725052335305738,"Apidae","Bombus",5.4
"Bombus hypocrita","M_056",18,22,0.818181818181818,1.93808623295772,"Apidae","Bombus",5.4
"Bombus hypocrita hypocrita","M_057",18,37,0.486486486486487,1.7055997236562,"Apidae","Bombus",5.4
"Bombus hypocrita hypocrita","M_021",14,25,0.56,1.73386074629248,"Apidae","Bombus",5.4
"Bombus hypocrita hypocrita","M_054",7,24,0.291666666666667,0.640621600823318,"Apidae","Bombus",5.4
"Bombus ignitus","M_021",1,25,0.04,-0.570567593827875,"Apidae","Bombus",6.3
"Bombus ignitus","M_054",9,24,0.375,1.04271388219115,"Apidae","Bombus",6.3
"Bombus ignitus","M_053",10,15,0.666666666666667,1.95617012965835,"Apidae","Bombus",6.3
"Bombus ignitus","M_057",1,37,0.027027027027027,-0.526844277609662,"Apidae","Bombus",6.3
"Bombus impatiens","M_073",11,21,0.523809523809524,1.52327697835444,"Apidae","Bombus",3.9
"Bombus impatiens","M_062",12,121,0.0991735537190083,-0.201654627909108,"Apidae","Bombus",3.9
"Bombus jonellus","M_047",6,8,0.75,1.64415172062984,"Apidae","Bombus",5.08
"Bombus lapidarius","M_047",4,8,0.5,0.689482979618966,"Apidae","Bombus",4.28
"Bombus lapidarius","M_037",4,4,1,1.05500875743326,"Apidae","Bombus",4.28
"Bombus lapidarius","M_018",8,15,0.533333333333333,0.828706358024792,"Apidae","Bombus",4.28
"Bombus lapidarius","M_007",10,10,1,2.25906497874181,"Apidae","Bombus",4.28
"Bombus lapidarius","M_017",4,5,0.8,0.5,"Apidae","Bombus",4.28
"Bombus lapidarius","M_043",4,10,0.4,0.203289278153682,"Apidae","Bombus",4.28
"Bombus lapidarius","M_006",1,10,0.1,-0.772807633514369,"Apidae","Bombus",4.28
"Bombus lapidarius","M_046",6,9,0.666666666666667,-1.15470053837925,"Apidae","Bombus",4.28
"Bombus lucorum","M_047",8,8,1,2.59882046164072,"Apidae","Bombus",4.28
"Bombus lucorum","M_016",2,9,0.222222222222222,-0.273899345835237,"Apidae","Bombus",4.28
"Bombus lucorum","M_037",1,4,0.25,-0.923132662754102,"Apidae","Bombus",4.28
"Bombus lucorum","M_043",1,10,0.1,-0.813157112614726,"Apidae","Bombus",4.28
"Bombus lucorum","M_049",9,11,0.818181818181818,1.3137524832553,"Apidae","Bombus",4.28
"Bombus lucorum","M_018",2,15,0.133333333333333,-0.538659132716115,"Apidae","Bombus",4.28
"Bombus morio","M_076",1,12,0.0833333333333333,-0.765707427099428,"Apidae","Bombus",5
"Bombus morio","M_077",3,7,0.428571428571429,-0.08032193289025,"Apidae","Bombus",5
"Bombus muscorum","M_017",2,5,0.4,-0.833333333333333,"Apidae","Bombus",4.21
"Bombus muscorum","M_047",1,8,0.125,-0.742520131897348,"Apidae","Bombus",4.21
"Bombus nevadensis","M_005",5,37,0.135135135135135,-0.0683810789315483,"Apidae","Bombus",5.06
"Bombus occidentalis","M_005",32,37,0.864864864864865,3.85989366819995,"Apidae","Bombus",3.89
"Bombus pascuorum","M_017",5,5,1,1.16666666666667,"Apidae","Bombus",3.91
"Bombus pascuorum","M_043",10,10,1,2.2361820596905,"Apidae","Bombus",3.91
"Bombus pascuorum","M_006",10,10,1,1.91955444453569,"Apidae","Bombus",3.91
"Bombus pascuorum","M_018",15,15,1,2.42396609722252,"Apidae","Bombus",3.91
"Bombus pascuorum","M_049",11,11,1,1.88046924073797,"Apidae","Bombus",3.91
"Bombus pascuorum","M_007",7,10,0.7,1.30453048068189,"Apidae","Bombus",3.91
"Bombus pascuorum","M_047",8,8,1,2.59882046164072,"Apidae","Bombus",3.91
"Bombus pascuorum","M_038",2,2,1,NA,"Apidae","Bombus",3.91
"Bombus pascuorum","M_046",9,9,1,0.577350269189626,"Apidae","Bombus",3.91
"Bombus pascuorum","M_037",4,4,1,1.05500875743326,"Apidae","Bombus",3.91
"Bombus pennsylvanicus","M_062",6,121,0.0495867768595041,-0.477042005229917,"Apidae","Bombus",6
"Bombus pennsylvanicus","M_025",2,7,0.285714285714286,-0.578753304602305,"Apidae","Bombus",6
"Bombus pennsylvanicus","M_005",1,37,0.027027027027027,-0.650347708136215,"Apidae","Bombus",6
"Bombus pratorum","M_049",7,11,0.636363636363636,0.747035725772619,"Apidae","Bombus",4.03
"Bombus pratorum","M_018",3,15,0.2,-0.310764884259297,"Apidae","Bombus",4.03
"Bombus pratorum","M_007",3,10,0.3,0.0318178166019973,"Apidae","Bombus",4.03
"Bombus pratorum","M_006",3,10,0.3,-0.174504949503245,"Apidae","Bombus",4.03
"Bombus pratorum","M_043",3,10,0.3,-0.135526185435788,"Apidae","Bombus",4.03
"Bombus pratorum","M_047",3,8,0.375,0.212148609113528,"Apidae","Bombus",4.03
"Bombus ridingsii","M_062",3,121,0.0247933884297521,-0.614735693890321,"Apidae","Bombus",5.44
"Bombus ruderatus","M_051",3,10,0.3,0.278308154308772,"Apidae","Bombus",5.04
"Bombus ruderatus","M_028",1,10,0.1,-0.858716978732758,"Apidae","Bombus",5.04
"Bombus ruderatus","M_11.1",3,6,0.5,-0.707106781186548,"Apidae","Bombus",5.04
"Bombus ruderatus","M_043",1,10,0.1,-0.813157112614726,"Apidae","Bombus",5.04
"Bombus ruderatus","M_018",1,15,0.0666666666666667,-0.766553381172933,"Apidae","Bombus",5.04
"Bombus rupestris","M_047",2,8,0.25,-0.26518576139191,"Apidae","Bombus",5.62
"Bombus rupestris","M_043",1,10,0.1,-0.813157112614726,"Apidae","Bombus",5.62
"Bombus rupestris","M_018",1,15,0.0666666666666667,-0.766553381172933,"Apidae","Bombus",5.62
"Bombus soroeensis","M_043",2,10,0.2,-0.474341649025257,"Apidae","Bombus",3.98
"Bombus soroeensis","M_018",2,15,0.133333333333333,-0.538659132716115,"Apidae","Bombus",3.98
"Bombus terrestris","M_049",7,11,0.636363636363636,0.747035725772619,"Apidae","Bombus",4.69
"Bombus terrestris","M_043",3,10,0.3,-0.135526185435788,"Apidae","Bombus",4.69
"Bombus terrestris","M_037",2,4,0.5,-0.263752189358315,"Apidae","Bombus",4.69
"Bombus terrestris","M_046",9,9,1,0.577350269189626,"Apidae","Bombus",4.69
"Bombus terrestris","M_015",13,38,0.342105263157895,1.34049757568561,"Apidae","Bombus",4.69
"Bombus terrestris","M_047",1,8,0.125,-0.742520131897348,"Apidae","Bombus",4.69
"Bombus terrestris","M_007",3,10,0.3,0.0318178166019973,"Apidae","Bombus",4.69
"Bombus terrestris","M_006",10,10,1,1.91955444453569,"Apidae","Bombus",4.69
"Bombus terrestris","M_058",8,22,0.363636363636364,0.467472300182267,"Apidae","Bombus",4.69
"Bombus terrestris","M_028",4,10,0.4,0.272276115207948,"Apidae","Bombus",4.69
"Bombus terrestris","M_029",1,11,0.0909090909090909,-0.700668649142545,"Apidae","Bombus",4.69
"Bombus terrestris","M_017",2,5,0.4,-0.833333333333333,"Apidae","Bombus",4.69
"Bombus terrestris","M_018",5,15,0.333333333333333,0.145023612654339,"Apidae","Bombus",4.69
"Bombus vagans","M_004",8,8,1,3.19733004992495,"Apidae","Bombus",3.56
"Cadeguala occidentalis","M_001",4,16,0.25,0.044511255558849,"Colletidae","Cadeguala",3.3
"Calliopsis andreniformis","M_062",13,121,0.107438016528926,-0.155756731688973,"Andrenidae","Calliopsis",1.36
"Calliopsis coloradensis","M_062",10,121,0.0826446280991736,-0.293450420349378,"Andrenidae","Calliopsis",1.65
"Centris aenea","M_059",13,13,1,1.54673665788727,"Apidae","Centris",4.7
"Centris caxiensis","M_059",10,13,0.769230769230769,0.921090369303655,"Apidae","Centris",4.2
"Centris cineraria","M_002",3,8,0.375,0.130293850832351,"Apidae","Centris",5.108
"Centris cineraria","M_001",15,16,0.9375,2.70246908750155,"Apidae","Centris",5.108
"Centris flavifrons","M_059",7,13,0.538461538461538,0.29544408072004,"Apidae","Centris",5.5
"Centris fuscata","M_059",13,13,1,1.54673665788727,"Apidae","Centris",4.8
"Centris nigerrima","M_002",2,8,0.25,-0.312705241997642,"Apidae","Centris",4.836
"Centris nigerrima","M_001",4,16,0.25,0.044511255558849,"Apidae","Centris",4.836
"Centris obsoleta","M_059",1,13,0.0769230769230769,-0.955848496447189,"Apidae","Centris",6.5
"Centris tarsata","M_059",10,13,0.769230769230769,0.921090369303655,"Apidae","Centris",3
"Centris trigonoides","M_059",4,13,0.307692307692308,-0.330202207863574,"Apidae","Centris",3
"Ceratina acuta","M_015",12,38,0.315789473684211,1.17398046519244,"Apidae","Ceratina",1.55
"Ceratina bispinosa","M_015",8,38,0.210526315789474,0.507912023219755,"Apidae","Ceratina",1
"Ceratina calcarata","M_025",3,7,0.428571428571429,-0.103878798261952,"Apidae","Ceratina",1.41
"Ceratina calcarata","M_073",21,21,1,3.64037379572842,"Apidae","Ceratina",1.41
"Ceratina cucurbitina","M_016",7,9,0.777777777777778,1.99432961186282,"Apidae","Ceratina",1.43
"Ceratina cucurbitina","M_058",2,22,0.0909090909090909,-0.701208450273401,"Apidae","Ceratina",1.43
"Ceratina cucurbitina","M_015",1,38,0.0263157894736842,-0.65770775023244,"Apidae","Ceratina",1.43
"Ceratina cyanea","M_015",1,38,0.0263157894736842,-0.65770775023244,"Apidae","Ceratina",1.35
"Ceratina cyanea","M_016",4,9,0.444444444444444,0.633392237243986,"Apidae","Ceratina",1.35
"Ceratina dallatorreana","M_015",2,38,0.0526315789473684,-0.491190639739269,"Apidae","Ceratina",1.16
"Ceratina dentiventris","M_015",8,38,0.210526315789474,0.507912023219755,"Apidae","Ceratina",1.13
"Ceratina dupla","M_062",85,121,0.702479338842975,3.14889179616073,"Apidae","Ceratina",1.42
"Ceratina flavipes","M_057",2,37,0.0540540540540541,-0.395524042241081,"Apidae","Ceratina",1.71
"Ceratina flavipes","M_053",7,15,0.466666666666667,1.08332206547535,"Apidae","Ceratina",1.71
"Ceratina flavipes","M_021",1,25,0.04,-0.570567593827875,"Apidae","Ceratina",1.71
"Ceratina flavipes","M_055",2,12,0.166666666666667,-0.385914952662731,"Apidae","Ceratina",1.71
"Ceratina flavipes","M_054",11,24,0.458333333333333,1.44480616355897,"Apidae","Ceratina",1.71
"Ceratina japonica","M_021",8,25,0.32,0.670278435467698,"Apidae","Ceratina",1.22
"Ceratina japonica","M_054",2,24,0.0833333333333333,-0.36460910259625,"Apidae","Ceratina",1.22
"Ceratina japonica","M_057",34,37,0.918918918918919,3.80672348955349,"Apidae","Ceratina",1.22
"Ceratina japonica","M_055",4,12,0.333333333333333,0.292359812623282,"Apidae","Ceratina",1.22
"Ceratina japonica","M_053",15,15,1,3.41091690329667,"Apidae","Ceratina",1.22
"Ceratina loewi","M_015",13,38,0.342105263157895,1.34049757568561,"Apidae","Ceratina",1.76
"Ceratina mocsaryi","M_016",3,9,0.333333333333333,0.179746445704375,"Apidae","Ceratina",1.82
"Ceratina nigrolabiata","M_015",9,38,0.236842105263158,0.674429133712926,"Apidae","Ceratina",1.33
"Ceratina okinawana","M_044",1,21,0.0476190476190476,-0.66217442958547,"Apidae","Ceratina",1.41
"Ceratina parvula","M_015",1,38,0.0263157894736842,-0.65770775023244,"Apidae","Ceratina",0.77
"Chelostoma campanularum","M_015",2,38,0.0526315789473684,-0.491190639739269,"Megachilidae","Chelostoma",1
"Chelostoma emarginatum","M_015",5,38,0.131578947368421,0.00836069174024294,"Megachilidae","Chelostoma",1.13
"Chelostoma hellenicum","M_015",1,38,0.0263157894736842,-0.65770775023244,"Megachilidae","Chelostoma",0.96
"Coelioxys aurolimbatus","M_015",3,38,0.0789473684210526,-0.324673529246099,"Megachilidae","Coelioxys",3.09
"Coelioxys mandibularis","M_015",1,38,0.0263157894736842,-0.65770775023244,"Megachilidae","Coelioxys",2.45
"Colletes acutus","M_016",3,9,0.333333333333333,0.179746445704375,"Colletidae","Colletes",2.78
"Colletes albomaculatus","M_015",2,38,0.0526315789473684,-0.491190639739269,"Colletidae","Colletes",2.96
"Colletes araucariae","M_001",1,16,0.0625,-0.680386334970978,"Colletidae","Colletes",2.417
"Colletes caspicus","M_016",4,9,0.444444444444444,0.633392237243986,"Colletidae","Colletes",3.24
"Colletes compactus","M_062",13,121,0.107438016528926,-0.155756731688973,"Colletidae","Colletes",3.143
"Colletes cunicularius","M_047",1,8,0.125,-0.742520131897348,"Colletidae","Colletes",3.33
"Colletes dimidiatus","M_008",2,6,0.333333333333333,-0.738112322163063,"Colletidae","Colletes",3.84
"Colletes eous","M_015",1,38,0.0263157894736842,-0.65770775023244,"Colletidae","Colletes",2.63
"Colletes fodiens","M_016",1,9,0.111111111111111,-0.727545137374849,"Colletidae","Colletes",2.46
"Colletes foveolaris","M_015",1,38,0.0263157894736842,-0.65770775023244,"Colletidae","Colletes",2.59
"Colletes kincaidi","M_005",4,37,0.108108108108108,-0.213872736232715,"Colletidae","Colletes",1.97
"Colletes similis","M_062",1,121,0.00826446280991736,-0.70653148633059,"Colletidae","Colletes",2.41
"Colletes succinctus","M_047",1,8,0.125,-0.742520131897348,"Colletidae","Colletes",2.99
"Colletes succinctus","M_016",3,9,0.333333333333333,0.179746445704375,"Colletidae","Colletes",2.99
"Dasypoda cingulata","M_016",4,9,0.444444444444444,0.633392237243986,"Melittidae","Dasypoda",3.44
"Dasypoda iberica","M_016",1,9,0.111111111111111,-0.727545137374849,"Melittidae","Dasypoda",2.9
"Diphaglossa gayi","M_034",4,21,0.19047619047619,-0.30962717565168,"Colletidae","Diphaglossa",2.11
"Eoanthidium insulare","M_015",1,38,0.0263157894736842,-0.65770775023244,"Megachilidae","Eoanthidium",2.4
"Epeolus fallax","M_016",1,9,0.111111111111111,-0.727545137374849,"Apidae","Epeolus",2.51
"Eucera albofasciata","M_015",10,38,0.263157894736842,0.840946244206097,"Apidae","Eucera",2.91
"Eucera bidentata","M_015",32,38,0.842105263157895,4.50432267505585,"Apidae","Eucera",2.19
"Eucera clypeata","M_015",33,38,0.868421052631579,4.67083978554902,"Apidae","Eucera",3.05
"Eucera furfurea","M_015",13,38,0.342105263157895,1.34049757568561,"Apidae","Eucera",3.28
"Eucera gracilipes","M_050",7,8,0.875,1.25108648434245,"Apidae","Eucera",3.84
"Eucera gracilipes","M_008",4,6,0.666666666666667,0.511000838420582,"Apidae","Eucera",3.84
"Eucera gracilipes","M_039",13,13,1,1.64101350477451,"Apidae","Eucera",3.84
"Eucera nigrescens","M_015",1,38,0.0263157894736842,-0.65770775023244,"Apidae","Eucera",3.56
"Eucera nigrilabris","M_015",1,38,0.0263157894736842,-0.65770775023244,"Apidae","Eucera",3.9
"Eucera parnassia","M_015",11,38,0.289473684210526,1.00746335469927,"Apidae","Eucera",2.88
"Eucera punctulata","M_015",1,38,0.0263157894736842,-0.65770775023244,"Apidae","Eucera",3.28
"Eucera seminuda","M_015",21,38,0.552631578947368,2.67263445963098,"Apidae","Eucera",2.91
"Euglossa chalybeata","M_077",1,7,0.142857142857143,-0.883541261792749,"Apidae","Euglossa",3.6
"Euglossa cordata","M_035",4,4,1,1.0434983894999,"Apidae","Euglossa",3.4
"Euglossa cordata","M_030",2,3,0.666666666666667,0.584897651865602,"Apidae","Euglossa",3.4
"Eulaema meriana","M_031",2,13,0.153846153846154,-0.761829665351434,"Apidae","Eulaema",6.8
"Eulaema nigrita","M_030",1,3,0.333333333333333,-0.584897651865602,"Apidae","Eulaema",5.1
"Frieseomelitta silvestrii","M_076",6,12,0.5,0.686496313951211,"Apidae","Frieseomelitta",1
"Habropoda tarsata","M_015",8,38,0.210526315789474,0.507912023219755,"Apidae","Habropoda",4.49
"Halictus asperulus","M_015",3,38,0.0789473684210526,-0.324673529246099,"Halictidae","Halictus",1.56
"Halictus brunnescens","M_015",10,38,0.263157894736842,0.840946244206097,"Halictidae","Halictus",3.07
"Halictus fulvipes","M_016",1,9,0.111111111111111,-0.727545137374849,"Halictidae","Halictus",2.06
"Halictus graecus","M_015",3,38,0.0789473684210526,-0.324673529246099,"Halictidae","Halictus",2.58
"Halictus quadricinctus","M_016",6,9,0.666666666666667,1.54068382032321,"Halictidae","Halictus",2.85
"Halictus resurgens","M_015",11,38,0.289473684210526,1.00746335469927,"Halictidae","Halictus",1.98
"Halictus rubicundus","M_004",2,8,0.25,-0.0359250567407299,"Halictidae","Halictus",2.1
"Halictus scabiosae","M_016",1,9,0.111111111111111,-0.727545137374849,"Halictidae","Halictus",2.52
"Halictus scabiosae","M_015",15,38,0.394736842105263,1.67353179667195,"Halictidae","Halictus",2.52
"Halictus tetrazonius","M_015",16,38,0.421052631578947,1.84004890716512,"Halictidae","Halictus",1.94
"Heriades crenulata","M_015",1,38,0.0263157894736842,-0.65770775023244,"Megachilidae","Heriades",1.51
"Heriades punctulifera","M_015",8,38,0.210526315789474,0.507912023219755,"Megachilidae","Heriades",1
"Heriades truncorum","M_015",3,38,0.0789473684210526,-0.324673529246099,"Megachilidae","Heriades",1.53
"Hoplitis bisulca","M_015",3,38,0.0789473684210526,-0.324673529246099,"Megachilidae","Hoplitis",2.81
"Hoplitis curvipes","M_015",2,38,0.0526315789473684,-0.491190639739269,"Megachilidae","Hoplitis",3.11
"Hoplitis fabrei","M_015",4,38,0.105263157894737,-0.158156418752928,"Megachilidae","Hoplitis",2.29
"Hoplitis manicata","M_015",5,38,0.131578947368421,0.00836069174024294,"Megachilidae","Hoplitis",3.02
"Hoplitis pallicornis","M_015",1,38,0.0263157894736842,-0.65770775023244,"Megachilidae","Hoplitis",2.44
"Hoplitis papaveris","M_015",1,38,0.0263157894736842,-0.65770775023244,"Megachilidae","Hoplitis",2.31
"Hoplitis perezi","M_015",1,38,0.0263157894736842,-0.65770775023244,"Megachilidae","Hoplitis",2.43
"Hoplitis pici","M_015",3,38,0.0789473684210526,-0.324673529246099,"Megachilidae","Hoplitis",2.34
"Hoplitis producta","M_004",1,8,0.125,-0.574800907851677,"Megachilidae","Hoplitis",1.56
"Hoplitis yermasoyiae","M_015",2,38,0.0526315789473684,-0.491190639739269,"Megachilidae","Hoplitis",2.28
"Hylaeus annularis","M_047",1,8,0.125,-0.742520131897348,"Colletidae","Hylaeus",1.26
"Hylaeus basalis","M_004",1,8,0.125,-0.574800907851677,"Colletidae","Hylaeus",1.85
"Hylaeus bifasciatus","M_015",2,38,0.0526315789473684,-0.491190639739269,"Colletidae","Hylaeus",1.75
"Hylaeus brevicornis","M_047",1,8,0.125,-0.742520131897348,"Colletidae","Hylaeus",0.98
"Hylaeus canariensis","M_008",4,6,0.666666666666667,0.511000838420582,"Colletidae","Hylaeus",1.09
"Hylaeus imparilis","M_015",3,38,0.0789473684210526,-0.324673529246099,"Colletidae","Hylaeus",1
"Hylaeus lineolatus","M_015",8,38,0.210526315789474,0.507912023219755,"Colletidae","Hylaeus",1.1
"Hylaeus meridionalis","M_015",8,38,0.210526315789474,0.507912023219755,"Colletidae","Hylaeus",1.51
"Hylaeus nigritus","M_058",3,22,0.136363636363636,-0.506428325197456,"Colletidae","Hylaeus",1.57
"Hylaeus pictus","M_015",1,38,0.0263157894736842,-0.65770775023244,"Colletidae","Hylaeus",1.25
"Hylaeus punctatus","M_015",8,38,0.210526315789474,0.507912023219755,"Colletidae","Hylaeus",1.23
"Hylaeus signatus","M_015",1,38,0.0263157894736842,-0.65770775023244,"Colletidae","Hylaeus",1.63
"Hylaeus variegatus","M_058",1,22,0.0454545454545455,-0.895988575349345,"Colletidae","Hylaeus",1.32
"Hylaeus variegatus","M_015",3,38,0.0789473684210526,-0.324673529246099,"Colletidae","Hylaeus",1.32
"Icteranthidium grohmanni","M_015",11,38,0.289473684210526,1.00746335469927,"Megachilidae","Icteranthidium",3.07
"Lasioglossum aegyptiellum","M_016",1,9,0.111111111111111,-0.727545137374849,"Halictidae","Lasioglossum",2.12
"Lasioglossum aeratum","M_015",2,38,0.0526315789473684,-0.491190639739269,"Halictidae","Lasioglossum",1.08
"Lasioglossum albipes","M_056",3,22,0.136363636363636,-0.360919119913044,"Halictidae","Lasioglossum",1.59
"Lasioglossum albocinctum","M_016",4,9,0.444444444444444,0.633392237243986,"Halictidae","Lasioglossum",2.6
"Lasioglossum anellum","M_015",17,38,0.447368421052632,2.00656601765829,"Halictidae","Lasioglossum",1.19
"Lasioglossum arctifrons","M_008",3,6,0.5,-0.11355574187124,"Halictidae","Lasioglossum",1.1
"Lasioglossum brevicome","M_015",1,38,0.0263157894736842,-0.65770775023244,"Halictidae","Lasioglossum",1.38
"Lasioglossum calceatum","M_049",1,11,0.0909090909090909,-0.953114546675411,"Halictidae","Lasioglossum",1.77
"Lasioglossum calceatum","M_007",1,10,0.1,-0.604538515437949,"Halictidae","Lasioglossum",1.77
"Lasioglossum calceatum","M_006",1,10,0.1,-0.772807633514369,"Halictidae","Lasioglossum",1.77
"Lasioglossum callizonium","M_016",1,9,0.111111111111111,-0.727545137374849,"Halictidae","Lasioglossum",2.24
"Lasioglossum chalcodes","M_012",3,8,0.375,0.108012344973464,"Halictidae","Lasioglossum",2.27
"Lasioglossum chalcodes","M_008",1,6,0.166666666666667,-1.36266890245489,"Halictidae","Lasioglossum",2.27
"Lasioglossum convexiusculum","M_015",1,38,0.0263157894736842,-0.65770775023244,"Halictidae","Lasioglossum",1.59
"Lasioglossum crassepunctatum","M_015",1,38,0.0263157894736842,-0.65770775023244,"Halictidae","Lasioglossum",1.46
"Lasioglossum cressonii","M_073",2,21,0.0952380952380952,-0.382110157282132,"Halictidae","Lasioglossum",1.29
"Lasioglossum ephialtum","M_073",1,21,0.0476190476190476,-0.593819839019529,"Halictidae","Lasioglossum",1.2
"Lasioglossum fratellum","M_047",5,8,0.625,1.1668173501244,"Halictidae","Lasioglossum",1.45
"Lasioglossum fuscipenne","M_073",3,21,0.142857142857143,-0.170400475544734,"Halictidae","Lasioglossum",2.1
"Lasioglossum gorkiense","M_055",1,12,0.0833333333333333,-0.725052335305738,"Halictidae","Lasioglossum",1.88
"Lasioglossum hitchensi","M_073",1,21,0.0476190476190476,-0.593819839019529,"Halictidae","Lasioglossum",1.16
"Lasioglossum imitatum","M_073",2,21,0.0952380952380952,-0.382110157282132,"Halictidae","Lasioglossum",0.98
"Lasioglossum immunitum","M_016",8,9,0.888888888888889,2.44797540340243,"Halictidae","Lasioglossum",1.96
"Lasioglossum laticeps","M_015",3,38,0.0789473684210526,-0.324673529246099,"Halictidae","Lasioglossum",1.45
"Lasioglossum leucopus","M_049",2,11,0.181818181818182,-0.669756167934072,"Halictidae","Lasioglossum",1.11
"Lasioglossum leucopus","M_047",1,8,0.125,-0.742520131897348,"Halictidae","Lasioglossum",1.11
"Lasioglossum leucozonium","M_015",1,38,0.0263157894736842,-0.65770775023244,"Halictidae","Lasioglossum",1.84
"Lasioglossum leucozonium","M_047",3,8,0.375,0.212148609113528,"Halictidae","Lasioglossum",1.84
"Lasioglossum leucozonium","M_006",1,10,0.1,-0.772807633514369,"Halictidae","Lasioglossum",1.84
"Lasioglossum limbelloides","M_015",10,38,0.263157894736842,0.840946244206097,"Halictidae","Lasioglossum",1.31
"Lasioglossum limbellum","M_015",1,38,0.0263157894736842,-0.65770775023244,"Halictidae","Lasioglossum",1.31
"Lasioglossum lineare","M_015",16,38,0.421052631578947,1.84004890716512,"Halictidae","Lasioglossum",1.39
"Lasioglossum littorale","M_016",7,9,0.777777777777778,1.99432961186282,"Halictidae","Lasioglossum",1.35
"Lasioglossum loetum","M_012",3,8,0.375,0.108012344973464,"Halictidae","Lasioglossum",1.37
"Lasioglossum lucidulum","M_015",2,38,0.0526315789473684,-0.491190639739269,"Halictidae","Lasioglossum",0.78
"Lasioglossum macoupinens","M_073",2,21,0.0952380952380952,-0.382110157282132,"Halictidae","Lasioglossum",1.19
"Lasioglossum malachurum","M_015",38,38,1,5.50342533801488,"Halictidae","Lasioglossum",1.57
"Lasioglossum marginatum","M_015",24,38,0.631578947368421,3.17218579111049,"Halictidae","Lasioglossum",1.56
"Lasioglossum mediterraneum","M_015",6,38,0.157894736842105,0.174877802233414,"Halictidae","Lasioglossum",1.61
"Lasioglossum mesosclerum","M_015",1,38,0.0263157894736842,-0.65770775023244,"Halictidae","Lasioglossum",1.1
"Lasioglossum nigripes","M_015",1,38,0.0263157894736842,-0.65770775023244,"Halictidae","Lasioglossum",2.15
"Lasioglossum nitidulum","M_015",2,38,0.0526315789473684,-0.491190639739269,"Halictidae","Lasioglossum",1.17
"Lasioglossum oblongum","M_073",1,21,0.0476190476190476,-0.593819839019529,"Halictidae","Lasioglossum",1.23
"Lasioglossum obscuratum","M_015",6,38,0.157894736842105,0.174877802233414,"Halictidae","Lasioglossum",2.11
"Lasioglossum obscurum","M_073",6,21,0.285714285714286,0.464728569667458,"Halictidae","Lasioglossum",1.17
"Lasioglossum occidens","M_054",19,24,0.791666666666667,3.05317528903028,"Halictidae","Lasioglossum",2.26
"Lasioglossum occidens","M_057",18,37,0.486486486486487,1.7055997236562,"Halictidae","Lasioglossum",2.26
"Lasioglossum occidens","M_053",1,15,0.0666666666666667,-0.662374062890642,"Halictidae","Lasioglossum",2.26
"Lasioglossum occidens","M_021",8,25,0.32,0.670278435467698,"Halictidae","Lasioglossum",2.26
"Lasioglossum pallens","M_016",1,9,0.111111111111111,-0.727545137374849,"Halictidae","Lasioglossum",1.56
"Lasioglossum pauxillum","M_015",9,38,0.236842105263158,0.674429133712926,"Halictidae","Lasioglossum",1.18
"Lasioglossum politum","M_015",6,38,0.157894736842105,0.174877802233414,"Halictidae","Lasioglossum",0.85
"Lasioglossum prasinum","M_016",9,9,1,2.90162119494205,"Halictidae","Lasioglossum",1.76
"Lasioglossum proximatum","M_021",3,25,0.12,-0.216040156886283,"Halictidae","Lasioglossum",2.43
"Lasioglossum proximatum","M_056",1,22,0.0454545454545455,-0.667453166962479,"Halictidae","Lasioglossum",2.43
"Lasioglossum proximatum","M_054",1,24,0.0416666666666667,-0.565655243280164,"Halictidae","Lasioglossum",2.43
"Lasioglossum punctatissimum","M_047",6,8,0.75,1.64415172062984,"Halictidae","Lasioglossum",1.29
"Lasioglossum punctatissimum","M_016",7,9,0.777777777777778,1.99432961186282,"Halictidae","Lasioglossum",1.29
"Lasioglossum quadrinotatum","M_015",3,38,0.0789473684210526,-0.324673529246099,"Halictidae","Lasioglossum",1.59
"Lasioglossum quadrinotatum","M_049",4,11,0.363636363636364,-0.103039410451396,"Halictidae","Lasioglossum",1.59
"Lasioglossum scitulum","M_055",1,12,0.0833333333333333,-0.725052335305738,"Halictidae","Lasioglossum",2.31
"Lasioglossum scitulum","M_054",2,24,0.0833333333333333,-0.36460910259625,"Halictidae","Lasioglossum",2.31
"Lasioglossum sexmaculatum","M_047",1,8,0.125,-0.742520131897348,"Halictidae","Lasioglossum",1.84
"Lasioglossum sexstrigatum","M_057",1,37,0.027027027027027,-0.526844277609662,"Halictidae","Lasioglossum",1.27
"Lasioglossum sexstrigatum","M_021",2,25,0.08,-0.393303875357079,"Halictidae","Lasioglossum",1.27
"Lasioglossum sordidum","M_028",10,10,1,2.53426230308936,"Halictidae","Lasioglossum",1.29
"Lasioglossum sordidum","M_029",3,11,0.272727272727273,-0.140133729828509,"Halictidae","Lasioglossum",1.29
"Lasioglossum subopacum","M_044",9,21,0.428571428571429,0.833560752537003,"Halictidae","Lasioglossum",2.89
"Lasioglossum subviridatum","M_073",1,21,0.0476190476190476,-0.593819839019529,"Halictidae","Lasioglossum",1.2
"Lasioglossum tegulare","M_073",2,21,0.0952380952380952,-0.382110157282132,"Halictidae","Lasioglossum",0.94
"Lasioglossum transitorium","M_015",1,38,0.0263157894736842,-0.65770775023244,"Halictidae","Lasioglossum",1.24
"Lasioglossum villosulum","M_016",1,9,0.111111111111111,-0.727545137374849,"Halictidae","Lasioglossum",1.38
"Lasioglossum villosulum","M_015",6,38,0.157894736842105,0.174877802233414,"Halictidae","Lasioglossum",1.38
"Lasioglossum villosulum","M_047",4,8,0.5,0.689482979618966,"Halictidae","Lasioglossum",1.38
"Lasioglossum villosulum","M_007",1,10,0.1,-0.604538515437949,"Halictidae","Lasioglossum",1.38
"Lasioglossum villosulum","M_006",1,10,0.1,-0.772807633514369,"Halictidae","Lasioglossum",1.38
"Lasioglossum viride","M_008",4,6,0.666666666666667,0.511000838420582,"Halictidae","Lasioglossum",1.76
"Lasioglossum zonulum","M_015",2,38,0.0526315789473684,-0.491190639739269,"Halictidae","Lasioglossum",1.98
"Lassioglossum fuscipenne","M_025",1,7,0.142857142857143,-1.05362781094266,"Halictidae","Lasioglossum",2.1
"Liphanthus sabulosus","M_001",3,16,0.1875,-0.19712127461776,"Andrenidae","Liphanthus",1.237
"Manuelia gayi","M_051",3,10,0.3,0.278308154308772,"Apidae","Manuelia",1.8
"Manuelia postica","M_051",4,10,0.4,0.727882865115249,"Apidae","Manuelia",1.7
"Megachile albisecta","M_015",6,38,0.157894736842105,0.174877802233414,"Megachilidae","Megachile",3.34
"Megachile albocristata","M_015",4,38,0.105263157894737,-0.158156418752928,"Megachilidae","Megachile",3.88
"Megachile argentata","M_015",15,38,0.394736842105263,1.67353179667195,"Megachilidae","Megachile",2.82
"Megachile argentata","M_016",3,9,0.333333333333333,0.179746445704375,"Megachilidae","Megachile",2.82
"Megachile canariensis","M_008",5,6,0.833333333333333,1.1355574187124,"Megachilidae","Megachile",3.07
"Megachile ericetorum","M_015",8,38,0.210526315789474,0.507912023219755,"Megachilidae","Megachile",3.44
"Megachile gemula albula","M_005",1,37,0.027027027027027,-0.650347708136215,"Megachilidae","Megachile",3.62
"Megachile giraudi","M_015",2,38,0.0526315789473684,-0.491190639739269,"Megachilidae","Megachile",2.97
"Megachile hungarica","M_015",1,38,0.0263157894736842,-0.65770775023244,"Megachilidae","Megachile",3.44
"Megachile leachella","M_016",1,9,0.111111111111111,-0.727545137374849,"Megachilidae","Megachile",2.7
"Megachile lefebvrei","M_015",3,38,0.0789473684210526,-0.324673529246099,"Megachilidae","Megachile",3.99
"Megachile manicata","M_015",4,38,0.105263157894737,-0.158156418752928,"Megachilidae","Megachile",3.82
"Megachile maritima","M_016",3,9,0.333333333333333,0.179746445704375,"Megachilidae","Megachile",3.78
"Megachile mendica","M_062",15,121,0.12396694214876,-0.0639609392487039,"Megachilidae","Megachile",3.3
"Megachile mendica","M_073",10,21,0.476190476190476,1.31156729661705,"Megachilidae","Megachile",3.3
"Megachile montenegrensis","M_015",1,38,0.0263157894736842,-0.65770775023244,"Megachilidae","Megachile",3.39
"Megachile parietina","M_015",11,38,0.289473684210526,1.00746335469927,"Megachilidae","Megachile",4.69
"Megachile pugnata","M_005",5,37,0.135135135135135,-0.0683810789315483,"Megachilidae","Megachile",3.1
"Megachile pyrenaica","M_015",2,38,0.0526315789473684,-0.491190639739269,"Megachilidae","Megachile",3.56
"Megachile relativa","M_005",4,37,0.108108108108108,-0.213872736232715,"Megachilidae","Megachile",2.68
"Megachile semirufa","M_003",1,7,0.142857142857143,-0.993399267798783,"Megachilidae","Megachile",4.19
"Megachile semirufa","M_001",16,16,1,2.94410161767816,"Megachilidae","Megachile",4.19
"Megachile semirufa","M_002",4,8,0.5,0.573292943662343,"Megachilidae","Megachile",4.19
"Megachile texana","M_005",2,37,0.0540540540540541,-0.504856050835048,"Megachilidae","Megachile",3.65
"Megachile versicolor","M_047",1,8,0.125,-0.742520131897348,"Megachilidae","Megachile",3.3
"Megachile willughbiella","M_006",1,10,0.1,-0.772807633514369,"Megachilidae","Megachile",3.41
"Melecta albifrons","M_015",2,38,0.0526315789473684,-0.491190639739269,"Apidae","Melecta",3.59
"Melecta curvispina","M_008",3,6,0.5,-0.11355574187124,"Apidae","Melecta",3
"Melecta tuberculata","M_015",4,38,0.105263157894737,-0.158156418752928,"Apidae","Melecta",3.5
"Melipona quadrifasciata","M_076",1,12,0.0833333333333333,-0.765707427099428,"Apidae","Melipona",3
"Melissodes agilis","M_062",50,121,0.413223140495868,1.54246542845601,"Apidae","Melissodes",3.24
"Melissodes coreopsis","M_062",3,121,0.0247933884297521,-0.614735693890321,"Apidae","Melissodes",2.6
"Nomada babiyi","M_015",1,38,0.0263157894736842,-0.65770775023244,"Apidae","Nomada",0.87
"Nomada basalis","M_015",8,38,0.210526315789474,0.507912023219755,"Apidae","Nomada",1.77
"Nomada calimorpha","M_015",1,38,0.0263157894736842,-0.65770775023244,"Apidae","Nomada",1.65
"Nomada corcyraea","M_015",1,38,0.0263157894736842,-0.65770775023244,"Apidae","Nomada",1.29
"Nomada distinguenda","M_015",1,38,0.0263157894736842,-0.65770775023244,"Apidae","Nomada",1.07
"Nomada eos","M_015",3,38,0.0789473684210526,-0.324673529246099,"Apidae","Nomada",1.75
"Nomada erythrocephala","M_015",1,38,0.0263157894736842,-0.65770775023244,"Apidae","Nomada",1.58
"Nomada femoralis","M_015",9,38,0.236842105263158,0.674429133712926,"Apidae","Nomada",1.63
"Nomada flava","M_047",1,8,0.125,-0.742520131897348,"Apidae","Nomada",1.86
"Nomada fucata","M_015",4,38,0.105263157894737,-0.158156418752928,"Apidae","Nomada",1.88
"Nomada imperialis","M_015",2,38,0.0526315789473684,-0.491190639739269,"Apidae","Nomada",2.55
"Nomada lucidula","M_015",7,38,0.184210526315789,0.341394912726585,"Apidae","Nomada",2.43
"Nomada mavromoustakisi","M_015",1,38,0.0263157894736842,-0.65770775023244,"Apidae","Nomada",0.84
"Nomada mutabilis","M_016",1,9,0.111111111111111,-0.727545137374849,"Apidae","Nomada",1.72
"Nomada nobilis","M_015",5,38,0.131578947368421,0.00836069174024294,"Apidae","Nomada",1.97
"Nomada panzeri","M_047",2,8,0.25,-0.26518576139191,"Apidae","Nomada",1.63
"Nomada propinqua","M_015",8,38,0.210526315789474,0.507912023219755,"Apidae","Nomada",1.74
"Nomada rubricollis","M_015",3,38,0.0789473684210526,-0.324673529246099,"Apidae","Nomada",1.83
"Nomada ruficornis","M_047",1,8,0.125,-0.742520131897348,"Apidae","Nomada",1.79
"Nomada rufipes","M_047",1,8,0.125,-0.742520131897348,"Apidae","Nomada",1.45
"Nomada trispinosa","M_015",2,38,0.0526315789473684,-0.491190639739269,"Apidae","Nomada",1.64
"Nomioides facilis","M_015",3,38,0.0789473684210526,-0.324673529246099,"Halictidae","Nomioides",0.8
"Osmia andrenoides","M_015",5,38,0.131578947368421,0.00836069174024294,"Megachilidae","Osmia",1.85
"Osmia apicata","M_015",1,38,0.0263157894736842,-0.65770775023244,"Megachilidae","Osmia",3.24
"Osmia atriventris","M_025",2,7,0.285714285714286,-0.578753304602305,"Megachilidae","Osmia",2.08
"Osmia atriventris","M_062",13,121,0.107438016528926,-0.155756731688973,"Megachilidae","Osmia",2.08
"Osmia aurulenta","M_015",24,38,0.631578947368421,3.17218579111049,"Megachilidae","Osmia",2.92
"Osmia bidentata","M_015",1,38,0.0263157894736842,-0.65770775023244,"Megachilidae","Osmia",2.24
"Osmia bruneri","M_005",7,37,0.189189189189189,0.222602235670785,"Megachilidae","Osmia",2.1
"Osmia caerulescens","M_015",1,38,0.0263157894736842,-0.65770775023244,"Megachilidae","Osmia",2.37
"Osmia cephalotes","M_015",1,38,0.0263157894736842,-0.65770775023244,"Megachilidae","Osmia",1.74
"Osmia collinsiae","M_062",3,121,0.0247933884297521,-0.614735693890321,"Megachilidae","Osmia",2.7
"Osmia latreillei","M_015",2,38,0.0526315789473684,-0.491190639739269,"Megachilidae","Osmia",2.89
"Osmia lignaria","M_025",3,7,0.428571428571429,-0.103878798261952,"Megachilidae","Osmia",2.9
"Osmia lignaria","M_004",1,8,0.125,-0.574800907851677,"Megachilidae","Osmia",2.9
"Osmia melanogaster","M_015",6,38,0.157894736842105,0.174877802233414,"Megachilidae","Osmia",2.66
"Osmia moreensis","M_015",1,38,0.0263157894736842,-0.65770775023244,"Megachilidae","Osmia",2.18
"Osmia mustelina","M_015",1,38,0.0263157894736842,-0.65770775023244,"Megachilidae","Osmia",3.92
"Osmia nana","M_015",1,38,0.0263157894736842,-0.65770775023244,"Megachilidae","Osmia",1.35
"Osmia nigrifrons","M_005",2,37,0.0540540540540541,-0.504856050835048,"Megachilidae","Osmia",2.43
"Osmia pentstemonis","M_005",5,37,0.135135135135135,-0.0683810789315483,"Megachilidae","Osmia",1.75
"Osmia proxima","M_004",2,8,0.25,-0.0359250567407299,"Megachilidae","Osmia",2.16
"Osmia pumila","M_004",1,8,0.125,-0.574800907851677,"Megachilidae","Osmia",1.9
"Osmia pusilla","M_005",1,37,0.027027027027027,-0.650347708136215,"Megachilidae","Osmia",1.58
"Osmia scutellaris","M_015",1,38,0.0263157894736842,-0.65770775023244,"Megachilidae","Osmia",1.43
"Osmia signata","M_015",3,38,0.0789473684210526,-0.324673529246099,"Megachilidae","Osmia",2.71
"Osmia simillima","M_025",1,7,0.142857142857143,-1.05362781094266,"Megachilidae","Osmia",2.53
"Osmia spinigera","M_015",2,38,0.0526315789473684,-0.491190639739269,"Megachilidae","Osmia",2.58
"Osmia subcornuta","M_015",1,38,0.0263157894736842,-0.65770775023244,"Megachilidae","Osmia",2.41
"Osmia versicolor","M_015",6,38,0.157894736842105,0.174877802233414,"Megachilidae","Osmia",1.78
"Osmia viridana","M_015",1,38,0.0263157894736842,-0.65770775023244,"Megachilidae","Osmia",1.69
"Peponapis pruinosa","M_062",8,121,0.0661157024793388,-0.385246212789647,"Apidae","Peponapis",3.16
"Pseudoanthidium alpinum","M_015",1,38,0.0263157894736842,-0.65770775023244,"Megachilidae","Pseudoanthidium",2.14
"Pseudoanthidium nanum","M_015",1,38,0.0263157894736842,-0.65770775023244,"Megachilidae","Pseudoanthidium",1.96
"Pyrobombus impatiens","M_033",7,11,0.636363636363636,0.472203413185782,"Apidae","Pyrobombus",4.42
"Pyrobombus ternarius","M_033",11,11,1,2.23509615574604,"Apidae","Pyrobombus",3.17
"Rhodanthidium caturigense","M_015",2,38,0.0526315789473684,-0.491190639739269,"Megachilidae","Rhodanthidium",2.82
"Rhodanthidium septemdentatum","M_015",33,38,0.868421052631579,4.67083978554902,"Megachilidae","Rhodanthidium",3.38
"Rhodanthidium sticticum","M_058",10,22,0.454545454545455,0.857032550334157,"Megachilidae","Rhodanthidium",3.6
"Rophites algirus","M_015",3,38,0.0789473684210526,-0.324673529246099,"Halictidae","Rophites",2.19
"Rophites quinquespinosus","M_015",2,38,0.0526315789473684,-0.491190639739269,"Halictidae","Rophites",2.28
"Ruizantheda mutabilis","M_001",2,16,0.125,-0.438753804794369,"Halictidae","Ruizantheda",1.68
"Ruizantheda mutabilis","M_051",6,10,0.6,1.6270322867282,"Halictidae","Ruizantheda",1.68
"Seladonia cephalica","M_015",6,38,0.157894736842105,0.174877802233414,"Halictidae","Seladonia",1.28
"Seladonia confusa","M_047",1,8,0.125,-0.742520131897348,"Halictidae","Seladonia",1.54
"Seladonia confusa","M_032",1,4,0.25,-0.67083697370629,"Halictidae","Seladonia",1.54
"Seladonia confusa","M_073",2,21,0.0952380952380952,-0.382110157282132,"Halictidae","Seladonia",1.54
"Seladonia confusa","M_004",1,8,0.125,-0.574800907851677,"Halictidae","Seladonia",1.54
"Seladonia gemmea","M_015",10,38,0.263157894736842,0.840946244206097,"Halictidae","Seladonia",1.28
"Seladonia gemmea","M_058",7,22,0.318181818181818,0.272692175106323,"Halictidae","Seladonia",1.28
"Seladonia gemmea","M_016",1,9,0.111111111111111,-0.727545137374849,"Halictidae","Seladonia",1.28
"Seladonia smaragdula","M_016",1,9,0.111111111111111,-0.727545137374849,"Halictidae","Seladonia",1.09
"Seladonia smaragdula","M_015",18,38,0.473684210526316,2.17308312815146,"Halictidae","Seladonia",1.09
"Sphecodes ephippius","M_047",1,8,0.125,-0.742520131897348,"Halictidae","Sphecodes",1.53
"Sphecodes ephippius","M_015",3,38,0.0789473684210526,-0.324673529246099,"Halictidae","Sphecodes",1.53
"Sphecodes geoffrellus","M_047",1,8,0.125,-0.742520131897348,"Halictidae","Sphecodes",1.07
"Sphecodes hirtellus","M_016",1,9,0.111111111111111,-0.727545137374849,"Halictidae","Sphecodes",1.02
"Sphecodes marginatus","M_050",6,8,0.75,0.834057656228299,"Halictidae","Sphecodes",1.01
"Sphecodes marginatus","M_039",1,13,0.0769230769230769,-1.05654294143017,"Halictidae","Sphecodes",1.01
"Sphecodes marginatus","M_012",1,8,0.125,-0.75608641481425,"Halictidae","Sphecodes",1.01
"Sphecodes pellucidus","M_016",1,9,0.111111111111111,-0.727545137374849,"Halictidae","Sphecodes",1.74
"Sphecodes pellucidus","M_047",1,8,0.125,-0.742520131897348,"Halictidae","Sphecodes",1.74
"Sphecodes ruficrus","M_012",1,8,0.125,-0.75608641481425,"Halictidae","Sphecodes",1.56
"Stelis punctulatissima","M_015",1,38,0.0263157894736842,-0.65770775023244,"Megachilidae","Stelis",2.58
"Stelis signata","M_016",2,9,0.222222222222222,-0.273899345835237,"Megachilidae","Stelis",1.99
"Systropha planidens","M_015",1,38,0.0263157894736842,-0.65770775023244,"Halictidae","Systropha",2.12
"Thyreus histrionicus","M_012",3,8,0.375,0.108012344973464,"Apidae","Thyreus",3.05
"Thyreus ramosus","M_015",6,38,0.157894736842105,0.174877802233414,"Apidae","Thyreus",2.37
"Thyreus truncatus","M_015",1,38,0.0263157894736842,-0.65770775023244,"Apidae","Thyreus",2.5
"Trigona fulviventris","M_077",7,7,1,1.52611672491475,"Apidae","Trigona",1.4
"Trigona spinipes","M_076",12,12,1,2.42914080321198,"Apidae","Trigona",1.8
"Xylocopa cantabrita","M_016",7,9,0.777777777777778,1.99432961186282,"Apidae","Xylocopa",5.62
"Xylocopa grisescens","M_059",1,13,0.0769230769230769,-0.955848496447189,"Apidae","Xylocopa",7.7
"Xylocopa iris","M_015",8,38,0.210526315789474,0.507912023219755,"Apidae","Xylocopa",4.34
"Xylocopa violacea","M_016",1,9,0.111111111111111,-0.727545137374849,"Apidae","Xylocopa",6.67
"Xylocopa violacea","M_015",5,38,0.131578947368421,0.00836069174024294,"Apidae","Xylocopa",6.67
"Xylocopa virginica virginica","M_025",6,7,0.857142857142857,1.32074472075911,"Apidae","Xylocopa",5.64
