"plantas","Acalyptratae.sp2","Acalyptratae.sp4","Acromyrmex.lobicornis","Alloscirtetica.brethesi","Alloscirtetica.sp1","Ammophila.sp","Ananthidium.inerme","Anthidium.friesei","Anthrax.oedipus","Anthidium.rubripes","Anthidium.vigintipunctatum","Anthomyiidae.sp1","Apis.mellifera","Arhysosage.bifasciata","Aristosyrphus.sp","Ascia.monuste","Asilidae.sp1","Asilidae.sp2","Audre.sp","Augochloropsis.sp","Babia.elongata","Bibionidae.sp","Bombus.opifex","Exoprosopa.sp1","Exoprosopa.sp2","Bombyliidae.sp12","Bombyliidae.sp14","Bombyliidae.sp15","Bombyliidae.sp16","Chrysanthrax.sp2","Bombilidae.sp5","Parasystoechus.sp","Poecilognathus.sp","Bombyliidae.sp9","Caenohalictus.sp","Calliopsini.sp1","Camponotus.mus","Camponotus.punctulatus","Centris.brethesi","Centris.lyngbyei","Centris.vardyorum","Chaetocrania.sp","Cochliomyia.macellaria","Coccinelidae.sp1","Coccinela.sp2","Coelioxys.chilensis","Coelioxys.jorgenseni","Coelioxys.sp6","Colletes.araucariae","Colletes.bicolor","Colletes.brethesi","Colletes.cognatus","Colletes.lycii","Compsomyiops.fulvicrura","Copestilum.aricia","Copestilum.sp2","Copestilum.sp3","Cosmosatyrus.chilensis","Crabronidae.sp1","Diadasia.baraderensis","Diadasia.patagonica","Diabrotica.sp","Dialictus.sp","Empididae.sp1","Empididae.sp2","Epitragus.sp","Eumenidae.sp","Chrysanthrax.sp1","Foreluis.sp","Hirmoneura.sp","Hypalastroides.sp","Isepeolus.vachali","Isepeolus.viperinus","Leioproctus.abdominalis","Leioproctus.friesei","Leptometriella.nigra","Lepidoptera.sp11","Lepidoptera.sp12","Lepidoptera.sp3","Lepidoptera.sp4","Liphantus.inornatus","Liphantus.nigritus","Lonchopria.robertsi","Lonchopria.sp","Megachile.leucographa","Megachile.obscurior","Megachile.nigella","Megachile.pseudocentron2","Melectoides.cockerelli","Melissoptila.sp","Mesonychium.jenseni","Muscidae.sp2","neu.sp1","Nitidulidae.sp1","Pyrgus.communis","Platycheirus.sp","Polistes.cavapyta","Pompilidae.sp2","Psaenythia.philantoides","Psaenythia.rufipes","Pseudagapostemon.sp","Rubrica.nasuta","Sarcophagidae.sp1","Sciomyzidae","Sphex.sp2","Sphecidae.sp1","Strymon.eurytulus","Svastrides.bauni","Svastra.sp","Svastrides.zebra","Syrphus.sp1","Syrphidae.sp2","Syrphidae.sp3","Syrphidae.sp5","Syrphidae.sp6","Tachipompillus.sp","Tachinidae.sp10","Tachinidae.sp15","Tachinidae.sp17","Tachinidae.sp5","Tachinidae.sp8","Tachytes.sp","Tatochila.autodice","Tephritidae.sp1","Tephritidae.sp2","Thynnidae.sp","Toxomerus.sp1","Trichothurgus.laticeps","Trichoturgus.sp2","Villa.sp","Willinkapis.chalybaea","Xylocopa.augusti","Xylocopa.atamisquensis","Xylocopa.splendidula","Zeta.sp"
"acantholippia.seriphioides",0,0,0,0,0,20,0,0,0,0,0,0,0,0,0,0,0,0,3,45,0,1,0,46,29,0,0,0,0,55,0,6,0,2,0,0,6,0,0,15,0,1,0,0,0,0,0,0,0,0,0,0,0,0,47,35,0,0,0,0,0,5,3,0,5,0,0,22,0,0,0,0,0,0,0,0,0,0,0,0,0,0,0,0,0,0,0,0,0,0,0,0,0,0,0,0,0,0,0,0,0,0,2,0,0,0,2,0,0,0,11,0,0,0,0,0,10,0,0,1,0,0,0,0,0,0,0,0,0,8,0,0,0,0,0
"aloyssia.gratissima",0,0,0,0,0,40,0,0,0,0,0,0,435,0,0,0,1,0,0,44,0,12,5,3,0,0,0,2,0,0,0,0,0,2,14,0,0,0,0,0,0,9,0,0,0,0,0,0,0,0,0,2,0,2,136,408,1,0,0,0,0,0,1,0,0,0,0,19,0,3,0,0,0,0,0,0,0,0,0,0,0,0,0,0,6,0,0,0,0,0,0,0,0,0,5,1,0,0,0,0,3,0,2,0,0,0,15,0,0,0,11,0,0,0,1,0,47,0,0,0,0,0,6,0,0,0,0,0,0,0,0,0,1,0,0
"argemone.subfusiformis",0,0,0,0,0,0,0,0,0,0,0,0,15,1,0,0,0,0,0,12,0,0,2,0,0,0,0,0,0,0,0,0,0,0,0,0,0,0,0,0,0,0,0,0,0,0,0,0,0,0,0,0,0,0,0,0,0,1,0,0,1,0,10,0,0,0,0,0,0,0,0,0,0,0,0,0,0,0,0,0,0,0,0,0,0,0,0,0,0,0,0,0,0,0,1,0,0,0,0,0,4,0,0,0,0,0,1,0,0,0,0,0,0,0,0,0,0,0,0,0,0,0,1,0,0,0,0,0,0,0,0,0,0,0,0
"arjona.longifolia",0,0,0,0,0,2,0,0,0,0,0,0,0,0,0,3,0,0,0,5,0,0,0,0,0,0,0,0,0,0,0,0,0,5,1,0,0,0,0,0,0,0,0,0,0,0,0,0,0,0,0,0,0,0,2,0,0,0,0,0,0,0,0,0,0,0,0,0,0,0,0,0,0,0,0,0,0,0,0,0,0,0,0,0,1,0,0,0,0,0,0,0,0,0,0,0,0,0,0,0,0,0,0,0,0,0,0,0,0,0,0,0,0,0,0,0,2,0,0,0,0,0,0,0,0,0,0,0,0,1,0,0,0,0,0
"bougainvillea.spinosa",0,0,0,0,0,0,0,0,0,0,0,0,0,0,0,0,0,0,0,1,0,0,0,0,0,0,0,0,0,0,0,0,0,0,0,0,0,0,0,0,0,0,0,0,0,0,0,0,0,0,0,0,0,0,51,0,0,6,0,0,0,0,0,0,0,0,0,0,0,2,0,0,0,0,0,0,0,0,0,0,0,0,0,0,0,0,0,0,0,0,0,0,0,0,0,0,0,0,0,0,0,0,0,0,0,0,0,0,0,0,0,0,0,0,0,0,0,0,0,0,0,0,0,0,0,0,0,0,0,0,0,0,0,0,0
"bredemeyera.microphylla",0,0,0,0,0,0,0,0,0,0,0,0,360,0,0,0,0,0,0,0,0,0,0,0,0,0,0,0,0,0,0,0,0,0,0,0,0,0,0,0,0,0,0,0,0,0,0,0,0,0,0,0,0,0,0,0,0,0,0,0,0,0,0,0,0,0,0,0,0,0,0,0,0,0,0,0,0,0,0,0,0,0,0,0,0,0,0,0,0,0,0,0,0,0,0,0,0,0,0,0,0,0,0,0,0,0,0,0,0,0,0,0,0,0,0,0,0,0,0,0,0,0,0,0,0,0,0,0,0,0,0,0,0,0,0
"buddleja.mendozensis",0,0,0,0,0,9,0,0,0,0,0,0,0,0,0,0,4,0,11,19,0,16,0,2,0,2,0,0,0,0,0,0,0,0,5,0,4,0,0,0,0,5,0,0,0,0,0,0,0,0,0,0,0,5,87,50,0,3,0,0,0,0,4,0,0,0,0,7,0,4,0,1,0,0,0,0,0,0,0,0,0,0,1,0,0,0,0,0,3,0,0,0,0,0,1,0,2,0,0,0,0,0,0,0,0,0,19,0,0,0,3,0,0,0,0,0,96,1,0,0,0,0,0,0,0,0,0,0,0,4,0,0,1,0,1
"capparis.atamisquea",0,0,0,0,0,22,3,0,0,1,0,0,74,0,0,0,0,0,5,39,0,0,54,2,3,0,0,0,0,0,1,4,3,4,0,0,0,0,244,0,0,0,0,0,0,1,0,1,12,2,0,2,2,2,78,7,0,30,0,0,2,0,4,0,0,0,5,0,0,2,0,0,0,0,0,0,0,0,0,0,0,0,0,0,8,8,4,3,0,0,13,0,0,0,3,0,1,0,0,0,0,20,0,0,11,147,21,0,0,2,0,1,0,0,0,43,3,0,0,0,0,0,0,0,0,2,0,0,0,0,13,0,144,11,3
"centaurea.solstialis",0,0,0,0,0,19,0,0,0,0,0,0,1,0,0,0,0,0,0,11,1,0,11,0,0,0,0,0,0,2,2,0,26,0,0,0,1,0,2,0,0,0,0,0,0,0,0,0,0,0,0,0,0,0,14,5,0,25,0,0,8,0,7,0,0,0,0,0,0,0,0,0,0,0,0,0,18,0,0,0,0,0,0,0,0,0,8,0,0,0,24,0,0,0,27,0,0,0,1,0,4,0,0,0,0,0,1,0,5,0,0,0,0,0,0,0,0,0,0,0,0,0,13,0,0,0,0,0,0,0,0,0,0,0,1
"cerastium.arvense",1,0,0,0,0,0,0,0,0,0,0,0,0,0,0,0,0,0,0,0,0,8,0,0,0,0,0,0,0,19,0,0,0,0,0,0,0,0,0,0,0,0,0,0,0,0,0,0,0,0,0,0,0,0,0,1,0,0,0,0,0,0,2,0,0,0,0,9,0,0,0,0,0,0,0,0,0,0,0,0,0,0,0,0,0,0,0,0,0,0,0,0,0,0,0,0,0,0,0,0,0,0,0,0,0,0,0,0,0,0,3,0,0,0,0,0,0,1,0,0,0,0,0,0,0,0,0,0,0,0,0,0,0,0,0
"clematis.montevidensis",0,0,0,0,0,25,0,0,0,0,0,0,0,0,0,0,0,0,0,2,0,0,0,17,14,0,0,0,0,4,0,0,0,0,0,0,1,0,0,0,0,5,0,0,0,0,0,0,0,0,0,0,0,2,5,4,0,2,0,0,3,0,1,0,0,0,1,4,0,0,0,0,0,0,0,0,0,0,0,0,0,0,0,0,0,0,0,0,0,0,0,0,0,0,0,0,0,0,0,0,0,0,0,0,0,2,0,0,0,0,0,0,0,0,0,7,7,0,0,0,2,0,0,0,0,0,0,0,0,11,0,0,0,0,0
"condalia.microphylla",0,0,0,0,0,17,0,0,0,0,0,4,757,0,16,0,12,4,0,55,0,0,0,115,172,0,1,0,7,84,0,4,0,18,0,0,264,178,0,0,0,5,5,0,14,0,0,0,0,0,0,10,0,332,950,118,0,1,1,0,0,33,57,1,3,0,0,345,0,776,3,0,0,0,1,0,0,0,0,0,0,0,0,0,1,1,0,0,0,0,1,5,2,1,0,7,45,1,4,2,1,0,1,1,0,0,2,0,0,0,181,1,1,2,0,0,84,1,1,0,1,0,0,3,0,69,0,0,0,83,0,0,0,0,42
"descurainia.sp",0,0,0,0,0,0,0,0,0,0,0,0,0,0,0,0,0,0,0,0,0,0,0,0,0,0,0,0,0,3,0,0,0,0,0,0,0,0,0,0,0,0,0,0,0,0,0,0,0,0,0,0,0,0,0,1,0,0,0,0,0,0,9,0,0,0,0,0,0,0,0,0,0,0,0,0,0,0,0,0,0,0,0,0,0,0,0,0,0,0,0,0,2,0,0,0,0,0,0,0,0,0,0,0,0,0,0,0,0,0,18,0,0,0,0,0,0,0,0,0,0,0,0,0,0,0,0,0,0,0,0,0,0,0,0
"dipyrena.glaberrima",0,0,0,0,0,0,0,0,0,0,0,0,1,0,0,0,0,0,0,7,0,0,0,0,0,0,0,0,0,0,0,4,7,0,0,0,0,0,0,0,0,0,0,0,0,0,0,0,0,0,0,0,0,0,42,4,0,0,0,0,0,0,4,0,0,0,0,0,0,0,0,0,0,0,0,0,8,14,0,0,0,0,0,0,0,0,0,0,0,0,0,0,0,0,0,0,0,0,0,0,0,0,0,0,0,0,1,0,0,0,0,0,0,0,0,0,0,0,0,0,0,0,0,0,0,0,0,0,0,0,0,0,0,0,0
"erodium.cicatarium",0,0,0,0,0,0,0,0,0,0,0,0,49,0,0,0,0,0,0,0,0,0,0,1,0,0,0,0,0,0,0,0,0,0,0,0,0,1,0,0,0,0,0,0,0,0,0,0,0,0,0,0,0,0,0,0,0,0,0,0,0,0,0,0,0,0,0,0,0,0,0,0,0,0,0,0,0,0,0,0,0,0,0,0,0,0,0,0,0,0,0,0,0,0,0,0,0,0,0,0,0,0,0,0,0,0,1,0,0,0,33,0,0,0,0,0,0,0,0,0,0,0,9,0,0,0,0,0,0,0,0,0,0,0,0
"fumaria.capreolata",0,0,0,0,0,0,0,0,0,0,0,0,0,0,0,0,0,0,0,0,0,0,0,0,0,0,0,0,0,0,0,0,0,0,0,0,0,0,0,0,0,2,0,0,0,0,0,0,0,0,0,0,0,0,0,1,0,0,0,0,0,0,0,0,0,0,0,0,0,0,0,0,0,0,0,0,0,0,0,0,0,0,0,0,0,0,0,0,0,0,0,0,0,0,0,0,0,0,0,0,0,0,0,0,0,0,0,0,0,0,0,0,0,0,0,0,0,0,0,0,0,0,2,0,0,0,0,0,0,0,0,0,0,0,0
"helenium.donianum",0,0,0,0,0,31,0,0,0,2,0,0,15,0,0,0,0,0,4,55,0,0,3,0,0,0,0,0,0,2,0,0,21,0,0,0,0,0,0,0,0,0,0,0,0,0,0,0,1,0,0,0,0,0,4,9,0,13,0,0,4,2,15,0,0,0,0,0,0,0,0,1,0,0,0,1,0,0,2,0,0,0,0,0,3,2,36,0,0,0,0,0,0,0,9,0,0,0,1,3,2,0,0,0,0,0,10,0,0,0,1,0,0,0,0,0,0,0,0,0,0,0,3,0,0,0,0,0,0,0,0,0,0,0,8
"hoffmannseggia.eremophila",0,0,0,0,0,0,0,0,0,0,0,0,0,0,0,0,0,0,0,0,0,0,0,0,0,0,0,0,0,0,0,0,0,0,0,0,0,0,6,0,0,0,0,0,0,0,0,0,0,0,0,0,0,0,0,0,0,0,0,0,0,0,0,0,0,0,0,0,0,0,0,0,0,0,0,0,0,0,0,0,0,0,0,0,0,0,0,0,0,0,0,0,0,0,0,0,0,0,0,0,0,0,0,0,0,0,0,0,0,0,4,0,0,0,0,0,0,0,0,0,0,0,0,0,0,0,0,0,0,0,0,0,0,0,0
"hysterionica.jassionoide",0,0,0,0,0,8,0,0,0,0,0,0,0,1,0,1,0,0,2,11,0,0,0,0,0,0,0,0,0,0,0,0,0,0,0,0,0,1,0,0,0,0,0,0,0,0,0,0,0,0,0,0,0,0,0,0,0,0,0,0,0,0,11,0,0,0,0,0,0,0,0,1,0,0,0,0,0,0,0,0,0,0,0,0,4,1,0,0,0,0,0,0,0,0,4,0,0,0,0,0,0,0,0,0,0,0,1,0,0,0,0,0,0,0,0,0,0,0,0,0,0,0,2,0,0,0,0,0,0,0,0,0,0,0,0
"larrea.cuneifolia",0,0,0,0,0,0,0,0,0,0,0,0,19,0,0,0,0,0,2,0,0,0,12,0,0,0,0,0,0,0,0,0,0,0,0,0,0,0,0,0,0,0,0,0,0,0,0,0,0,0,0,0,1,1,43,0,0,0,0,0,0,0,2,0,0,0,0,0,0,0,0,0,0,0,1,0,0,0,0,0,0,0,1,0,0,0,0,0,0,0,0,0,0,0,0,0,0,0,0,0,0,0,0,0,0,0,0,0,0,0,6,0,0,0,0,0,0,0,0,0,0,0,0,0,0,0,0,0,0,0,0,0,10,2,0
"larrea.divaricata",0,0,0,4,14,3,0,56,0,34,3,1,368,3,0,11,1,0,36,52,0,0,154,5,0,0,0,0,0,0,0,2,8,0,4,0,0,0,222,3,0,0,2,0,0,0,0,0,7,0,0,49,40,8,213,6,0,39,0,0,3,0,43,0,0,0,0,5,0,21,0,1,0,21,0,0,0,0,0,1,0,0,54,2,260,56,10,0,0,0,0,0,0,0,5,0,0,0,0,0,2,0,0,0,0,0,55,0,0,0,2,0,0,0,0,0,2,2,0,0,0,0,1,0,0,0,0,0,0,2,13,0,431,33,10
"larrea.nitida",0,0,0,59,0,0,0,0,0,0,0,0,453,0,0,1,0,0,40,133,0,0,71,8,0,0,0,0,0,0,0,0,0,0,6,0,0,0,0,0,0,0,0,0,0,0,6,0,20,0,0,18,2,0,87,17,0,1,0,0,0,0,53,0,0,0,0,0,0,0,0,0,0,0,0,0,0,0,0,0,0,0,4,0,3,0,0,0,0,0,0,0,0,0,1,2,0,0,0,0,0,0,0,0,0,0,2,0,0,0,24,0,0,0,0,0,0,0,0,0,0,0,0,0,0,0,0,0,0,0,0,0,446,14,0
"lecanophora.heterophylla",0,0,0,0,0,0,0,0,0,0,0,0,0,0,0,0,0,0,0,1,0,0,0,0,0,0,0,0,0,0,0,0,0,0,0,0,0,0,0,0,0,0,0,0,0,0,1,0,0,0,0,0,0,0,0,0,0,0,0,2,0,0,4,0,0,0,0,0,0,0,0,0,0,0,35,8,0,0,0,0,0,0,0,0,0,0,1,0,0,0,0,0,0,0,0,0,0,0,0,3,0,0,0,0,0,0,1,0,0,0,0,0,0,0,0,0,0,0,0,0,0,0,0,0,0,0,0,0,0,0,0,0,0,0,0
"lippia.turbinata",0,0,0,0,0,14,0,0,0,2,0,0,5,0,0,0,0,0,2,46,0,0,0,1,3,0,3,0,0,0,2,0,0,36,0,0,2,0,0,0,0,0,0,0,0,0,0,0,0,0,0,0,0,1,7,1,0,3,0,0,0,0,1,0,0,0,0,12,0,0,0,0,1,0,0,0,0,0,0,0,0,0,0,0,4,0,0,0,0,0,0,0,0,0,13,0,0,0,0,0,0,0,0,0,0,0,21,2,0,0,1,0,0,0,1,0,3,0,0,0,3,1,0,0,0,0,0,0,0,14,0,0,0,0,25
"lycium.chilense",0,0,0,6,0,0,0,0,0,0,0,0,58,0,0,0,0,0,0,14,0,0,8,0,0,0,0,0,0,0,0,0,0,2,0,0,0,0,0,0,0,0,0,0,0,0,0,0,0,0,0,0,0,0,32,3,0,0,0,0,0,0,4,0,0,0,0,0,0,0,0,0,0,0,0,0,0,0,0,0,0,0,0,0,5,0,0,0,0,0,0,0,0,0,0,0,0,0,0,0,0,0,0,0,0,0,0,0,0,0,7,0,0,0,0,0,0,0,0,0,0,0,0,0,0,0,0,0,0,2,0,0,63,11,0
"lycium.gilliesianum",0,0,0,0,0,0,0,0,0,0,0,0,26,0,0,0,0,0,0,0,0,0,0,0,0,0,0,0,0,0,0,0,0,0,0,0,0,0,0,0,0,0,0,0,0,0,0,0,0,0,0,0,0,0,43,1,0,0,0,0,0,0,5,0,0,0,0,5,0,0,0,0,0,0,0,0,0,0,0,0,0,0,0,0,0,0,0,0,0,0,0,0,0,0,0,0,0,0,0,0,0,0,0,0,0,0,0,0,0,0,3,0,0,0,0,0,0,0,0,0,0,0,0,0,0,0,0,0,0,0,0,0,0,0,0
"menodora.decemfida",0,0,0,0,0,92,1,0,1,0,0,0,184,0,0,1,0,0,2,70,0,1,1,0,0,0,0,0,0,0,0,5,25,0,4,0,0,0,1,0,0,2,0,0,0,0,0,0,0,0,0,3,0,0,98,3,0,11,0,0,2,1,104,0,0,0,0,0,0,1,0,4,0,0,0,0,9,0,0,0,0,0,1,0,10,11,0,0,0,4,48,0,0,0,57,0,0,0,12,3,5,0,0,0,4,0,37,0,0,0,22,0,0,0,0,0,0,0,0,0,0,0,9,0,0,0,0,0,0,0,0,0,1,0,1
"monttea.aphylla",0,0,0,0,0,0,0,0,0,0,0,0,3,0,0,0,0,0,0,37,0,0,0,1,0,0,0,0,0,0,0,0,0,0,1,0,0,0,758,5,111,0,0,0,0,0,0,0,0,0,0,0,0,0,0,0,0,0,0,0,0,0,25,0,0,0,0,0,0,0,0,0,0,0,0,0,0,0,0,0,0,0,0,0,0,0,0,0,0,0,16,0,0,0,0,0,0,0,0,2,29,0,0,0,0,0,1,0,0,0,0,0,0,0,0,0,0,0,0,0,0,0,0,0,0,0,0,0,0,1,0,0,0,0,0
"opuntia.sulphurea",0,1,0,0,0,1,0,0,0,0,0,0,2,187,0,1,0,0,0,12,3,0,64,4,0,0,0,0,0,0,0,0,0,0,0,0,30,2,33,16,0,0,0,1,0,0,0,0,0,0,0,0,0,0,0,0,0,7,0,0,2,1,39,0,0,1,0,0,0,0,0,0,0,0,0,0,6,0,0,0,0,0,0,0,0,2,3,1,0,0,8,0,0,0,2,0,0,0,0,1,5,0,0,0,0,1,0,0,0,3,0,0,0,0,0,0,0,0,0,0,0,2,0,0,0,0,0,35,0,0,0,0,7,1,0
"oxybaphus.obatus",0,0,0,0,0,0,0,0,0,0,9,0,0,0,0,0,0,0,0,0,0,0,1,0,0,0,0,0,0,0,0,0,0,0,0,0,0,0,0,0,0,0,0,0,0,0,0,0,0,0,0,0,0,0,0,0,0,0,0,0,0,0,2,0,0,0,0,0,0,0,0,0,0,0,0,0,0,0,0,0,0,0,0,0,0,0,0,0,0,0,0,0,0,0,0,0,0,0,0,0,0,0,0,0,0,0,0,0,0,0,0,0,0,0,0,0,0,0,0,0,0,0,0,0,0,0,0,0,0,0,0,0,0,1,0
"petunia.axillaris",0,0,0,0,0,0,0,0,0,0,0,0,0,0,0,0,0,0,0,0,0,0,0,0,0,0,0,0,0,0,0,0,0,0,0,0,0,0,0,0,0,0,0,0,0,0,0,0,0,0,0,0,0,0,0,0,0,0,0,0,0,0,3,0,0,0,0,0,0,0,0,0,0,0,0,0,0,0,0,0,0,0,0,0,0,0,0,0,0,0,0,0,0,0,0,0,0,0,0,0,1,0,0,0,0,0,0,0,0,0,0,0,0,0,0,0,0,0,0,0,0,0,0,0,0,0,0,0,0,0,0,0,0,0,0
"philibertia.gilliesii",0,0,0,0,0,0,0,0,0,0,0,0,0,0,0,0,0,0,0,7,0,0,0,0,0,0,0,0,0,0,0,0,0,0,0,0,0,0,12,0,0,0,0,0,0,0,0,0,0,0,0,0,0,0,0,0,0,0,0,0,0,0,2,0,0,0,0,0,0,0,0,0,0,0,0,0,1,0,0,0,0,0,0,0,0,0,0,0,0,0,0,0,0,0,0,0,0,0,0,0,0,0,0,0,0,0,0,0,0,0,0,0,0,0,0,12,0,0,0,0,0,0,0,0,0,0,0,0,0,0,3,0,0,0,0
"pyrrhocactus.pachacoensis",0,0,0,0,0,0,0,0,0,0,0,0,0,39,0,0,0,0,0,13,0,0,0,0,0,0,0,0,0,0,0,0,0,0,0,0,0,0,0,0,0,0,0,0,0,0,0,0,0,0,0,0,0,0,0,0,0,0,0,0,0,0,8,0,0,0,0,0,0,0,0,0,0,0,0,0,0,0,0,0,0,0,0,0,0,1,0,0,0,0,0,0,0,0,0,0,0,0,0,0,0,0,0,0,0,0,0,0,0,0,0,0,0,0,0,0,0,0,0,0,0,0,0,0,0,0,0,0,0,0,0,0,0,0,0
"prosopis.flexuosa",0,0,0,0,10,78,0,0,0,0,0,0,2477,0,0,0,0,0,15,205,34,0,50,1,7,0,0,0,0,0,0,0,38,15,3,0,34,17,4,0,0,20,0,0,0,0,0,0,0,10,11,42,2,7,1565,192,0,165,0,0,0,0,12,0,0,0,0,203,1,4,0,0,0,0,0,0,24,0,0,0,0,0,0,0,0,81,0,80,0,0,2,0,0,0,1,0,2,0,0,0,0,0,0,0,66,30,75,0,12,0,25,0,1,0,0,203,22,1,0,0,0,0,0,0,1,5,0,0,0,32,0,0,16,0,20
"ruta.chalepensis",0,0,0,0,0,0,0,0,0,0,0,0,204,0,0,0,0,0,0,19,0,2,0,3,0,0,0,0,0,4,0,0,0,0,0,0,0,0,0,0,0,0,0,0,0,0,0,0,0,0,0,0,0,77,0,1,0,0,0,0,0,0,13,0,0,0,0,2,0,0,0,0,0,0,0,0,0,0,0,0,0,0,0,0,0,0,0,0,0,0,0,0,0,0,8,1,0,0,0,0,0,0,0,0,0,0,0,0,0,0,9,0,0,0,0,0,3,0,0,0,0,0,0,0,0,0,0,0,0,1,0,0,0,0,4
"salvia.gilliesii",0,0,0,0,0,0,0,1,0,0,17,0,0,0,0,0,0,0,1,1,0,0,60,0,0,0,0,0,0,0,0,4,0,0,0,0,0,0,13,0,0,0,0,0,0,0,0,0,3,0,0,0,0,0,0,0,0,24,0,0,45,0,7,0,0,0,0,0,0,0,0,0,0,0,0,0,0,0,0,0,0,0,0,0,5,7,7,0,0,0,0,0,0,0,1,0,0,0,0,1,3,0,0,0,0,0,0,0,0,7,0,0,0,0,0,0,0,0,0,0,0,0,0,0,0,0,0,0,0,0,8,0,69,21,0
"schinus.fasciculata",0,0,0,0,0,0,0,0,0,0,0,0,20,0,0,0,0,0,0,21,6,1,0,4,2,0,0,0,0,12,0,0,0,0,0,0,30,11,0,0,0,0,0,0,0,0,0,0,0,0,0,0,0,58,34,8,0,0,0,0,0,0,0,0,0,0,0,37,0,1,0,0,0,0,0,0,0,0,0,0,0,0,0,0,1,0,0,0,0,0,0,0,0,0,0,0,0,0,0,0,0,0,0,0,0,0,0,0,0,0,35,0,0,0,0,0,0,0,0,0,0,0,0,0,0,0,15,0,0,0,0,0,0,0,0
"senna.aphylla",0,0,0,0,0,2,0,0,0,0,0,0,0,0,0,0,1,0,0,102,0,0,8,0,0,0,0,0,0,1,0,0,0,0,2,0,43,34,37,0,0,0,0,0,0,0,0,0,0,0,0,0,0,0,12,1,0,10,0,0,0,1,10,0,0,0,0,0,0,58,1,0,0,0,0,0,0,0,0,0,0,0,0,0,4,8,0,0,0,0,0,0,0,0,0,0,6,5,0,0,0,0,0,0,0,0,0,0,0,0,2,0,0,0,0,0,0,0,0,0,0,0,0,0,0,0,0,0,0,0,0,0,25,0,13
"senecio.pinnatus",0,0,0,0,0,22,0,0,0,0,0,0,0,0,0,0,0,0,4,5,0,0,0,1,0,3,0,0,0,0,0,1,0,0,8,0,6,3,3,0,0,7,0,0,0,0,0,0,0,0,0,0,0,0,265,9,0,28,0,0,3,0,3,0,0,0,0,1,0,3,0,3,0,0,0,1,4,0,3,0,0,0,0,0,0,0,0,0,0,0,0,0,7,0,29,0,0,0,1,0,0,0,1,0,0,0,18,0,0,0,3,0,0,0,0,2,13,3,0,0,4,0,7,0,0,0,0,0,0,6,0,0,0,0,1
"spartium.junceum",0,0,3,0,0,0,0,0,0,0,0,0,5,0,0,1,1,0,10,10,0,0,64,0,0,0,0,0,0,0,0,1,0,0,0,0,8,0,12,0,0,0,0,0,3,0,0,0,0,0,0,0,0,10,161,17,0,18,0,0,0,1,1,0,0,0,0,2,0,35,0,0,0,0,0,0,0,0,0,0,0,0,0,0,3,0,0,0,0,0,0,0,0,0,2,0,0,0,0,0,0,0,0,0,0,0,3,0,0,0,15,0,0,0,0,0,0,0,0,0,0,0,0,0,0,0,0,0,0,0,0,2,113,2,3
"spharealcea.miniata",0,0,0,0,0,2,0,0,0,0,0,0,0,0,0,0,0,0,0,1,0,0,2,0,0,0,0,0,0,0,0,0,0,0,0,0,0,0,0,0,0,0,0,0,0,0,0,0,0,0,0,0,0,0,0,2,0,0,0,0,0,0,12,0,0,0,0,0,0,0,0,0,0,0,17,2,0,0,1,0,2,0,0,0,0,0,0,0,0,0,0,0,0,0,2,0,0,0,0,3,0,0,0,0,0,0,0,0,0,0,0,0,0,0,0,0,0,0,0,0,0,0,5,0,0,0,0,0,0,0,0,0,0,0,0
"thymophylla.pentachaeta",0,0,0,0,0,11,2,0,0,0,0,0,0,0,0,0,0,0,2,1,0,0,0,1,4,0,0,0,0,14,0,0,0,0,0,0,1,1,0,0,0,0,0,0,0,0,0,0,0,0,2,0,0,9,17,0,0,2,0,0,0,0,30,0,0,0,0,9,0,0,0,0,1,0,0,0,0,0,0,0,0,0,0,0,0,0,0,0,0,0,0,0,0,0,1,0,0,0,0,0,0,0,0,0,0,0,0,0,0,0,7,0,0,0,0,0,0,0,0,0,0,0,1,0,0,0,0,0,0,1,0,0,0,0,0
"trichocereus.candicans",0,0,0,0,0,0,0,0,1,0,0,0,4,7,0,1,0,0,0,7,0,0,0,0,0,0,0,0,0,0,0,0,0,0,1,0,1,0,0,0,0,0,0,0,0,0,0,0,0,0,0,0,0,0,1,0,0,0,0,0,0,0,13,0,0,0,0,0,0,0,0,0,0,0,0,0,0,0,1,1,0,1,0,0,0,2,0,0,0,0,0,0,1,25,0,0,0,0,0,3,9,0,0,0,0,0,0,0,0,0,0,0,0,0,0,0,0,0,0,0,0,0,0,0,0,0,0,0,1,0,0,0,1,0,1
"veronica.polita",0,0,0,0,0,0,0,0,0,0,0,0,0,0,0,0,0,0,0,0,0,0,0,0,0,0,0,0,0,2,0,0,0,0,0,0,0,0,0,0,0,0,0,0,0,0,0,0,0,0,0,0,0,0,0,0,0,0,0,0,0,0,0,0,0,0,0,2,0,0,0,0,0,0,0,0,0,0,0,0,0,0,0,0,0,0,0,0,0,0,0,0,0,0,0,0,0,0,0,0,0,0,0,0,0,0,0,0,0,0,1,0,0,0,0,0,0,0,0,0,0,0,1,0,0,0,0,0,0,0,0,0,0,0,0
"zuccagnia.punctata",0,0,0,0,25,25,1,1,0,1,0,3,588,0,0,0,0,0,8,121,2,0,109,0,0,0,0,0,0,0,0,0,9,5,1,1,1,5,375,5,0,0,0,0,0,0,7,0,2,0,5,78,8,0,167,4,0,12,0,0,5,0,24,0,0,1,0,0,0,2,1,1,0,17,0,0,1,0,0,1,0,0,7,0,51,8,13,0,0,0,30,0,0,0,2,0,2,0,2,0,6,0,0,0,0,3,28,0,0,22,1,0,0,0,0,0,14,0,0,0,0,0,0,0,0,1,0,4,0,0,19,0,314,13,32
